Message ID,Date/Time,Direction,From,To,Extension Name,Department,Segments,Status
SMS-500001,2026-06-28T11:35:04.000Z,Outbound,+1415555202,+15126240248,Ethan Walker,Customer Support,1,Delivered
SMS-500002,2026-06-28T15:09:46.000Z,Inbound,+13124947316,+1415555502,Grace Lindqvist,IT Helpdesk,1,Delivered
SMS-500003,2026-06-28T15:49:00.000Z,Inbound,+16174395444,+1415555203,Sophia Nguyen,Customer Support,1,Delivered
SMS-500004,2026-06-28T13:14:44.000Z,Outbound,+1415555202,+14154285757,Ethan Walker,Customer Support,1,Delivered
SMS-500005,2026-06-28T13:12:15.000Z,Outbound,+1415555104,+14805515940,Emma Rodriguez,Sales,3,Delivered
SMS-500006,2026-06-28T13:57:34.000Z,Outbound,+1415555103,+15125950865,Noah Patel,Sales,2,Delivered
SMS-500007,2026-06-28T12:40:50.000Z,Outbound,+1415555403,+14157265800,Amelia Foster,Customer Success,1,Delivered
SMS-500008,2026-06-28T14:33:57.000Z,Inbound,+14809664750,+1415555403,Amelia Foster,Customer Success,2,Delivered
SMS-500009,2026-06-28T11:21:08.000Z,Inbound,+14049560469,+1415555301,James Whitfield,Billing,3,Delivered
SMS-500010,2026-06-28T13:23:51.000Z,Outbound,+1415555104,+12125990446,Emma Rodriguez,Sales,3,Delivered
SMS-500011,2026-06-29T13:51:14.000Z,Outbound,+1415555201,+12066019137,Olivia Chen,Customer Support,3,Delivered
SMS-500012,2026-06-29T13:46:29.000Z,Inbound,+17022376217,+1415555401,Charlotte Reyes,Customer Success,1,Delivered
SMS-500013,2026-06-29T13:28:59.000Z,Outbound,+1415555201,+14043087006,Olivia Chen,Customer Support,3,Delivered
SMS-500014,2026-06-29T12:11:50.000Z,Inbound,+14049772892,+1415555201,Olivia Chen,Customer Support,3,Delivered
SMS-500015,2026-06-29T14:13:12.000Z,Inbound,+12067678921,+1415555501,Henry Okafor,IT Helpdesk,1,Delivered
SMS-500016,2026-06-29T12:18:55.000Z,Outbound,+1415555501,+17025563422,Henry Okafor,IT Helpdesk,2,Delivered
SMS-500017,2026-06-29T13:29:31.000Z,Outbound,+1415555301,+12062420352,James Whitfield,Billing,3,Delivered
SMS-500018,2026-06-29T12:40:48.000Z,Outbound,+1415555402,+17023548093,Lucas Bennett,Customer Success,2,Delivered
SMS-500019,2026-06-29T13:18:06.000Z,Outbound,+1415555202,+12064776991,Ethan Walker,Customer Support,1,Delivered
SMS-500020,2026-06-29T15:49:00.000Z,Inbound,+14159198406,+1415555102,Liam Carter,Sales,1,Delivered
SMS-500021,2026-06-29T13:36:07.000Z,Inbound,+12129769337,+1415555205,Isabella Kim,Customer Support,1,Delivered
SMS-500022,2026-06-29T14:19:19.000Z,Outbound,+1415555401,+12066248392,Charlotte Reyes,Customer Success,2,Delivered
SMS-500023,2026-06-29T13:08:36.000Z,Outbound,+1415555201,+13054600673,Olivia Chen,Customer Support,2,Delivered
SMS-500024,2026-06-29T13:07:54.000Z,Outbound,+1415555104,+13123312563,Emma Rodriguez,Sales,2,Delivered
SMS-500025,2026-06-29T14:36:33.000Z,Inbound,+14157484234,+1415555204,Mason Brooks,Customer Support,2,Delivered
SMS-500026,2026-06-29T13:03:32.000Z,Outbound,+1415555203,+12063799526,Sophia Nguyen,Customer Support,3,Delivered
SMS-500027,2026-06-29T13:34:11.000Z,Outbound,+1415555403,+16175506965,Amelia Foster,Customer Success,3,Delivered
SMS-500028,2026-06-29T14:25:03.000Z,Outbound,+1415555302,+13053704338,Mia Alvarez,Billing,2,Delivered
SMS-500029,2026-06-29T14:10:07.000Z,Inbound,+14154804420,+1415555202,Ethan Walker,Customer Support,1,Delivered
SMS-500030,2026-06-29T13:20:46.000Z,Inbound,+14807897908,+1415555203,Sophia Nguyen,Customer Support,1,Delivered
SMS-500031,2026-06-29T14:20:20.000Z,Outbound,+1415555103,+13057002113,Noah Patel,Sales,2,Delivered
SMS-500032,2026-06-29T14:33:37.000Z,Inbound,+12125544191,+1415555203,Sophia Nguyen,Customer Support,2,Delivered
SMS-500033,2026-06-29T13:34:32.000Z,Inbound,+12064492951,+1415555101,Ava Thompson,Sales,1,Delivered
SMS-500034,2026-06-29T13:25:11.000Z,Inbound,+12127351697,+1415555403,Amelia Foster,Customer Success,2,Delivered
SMS-500035,2026-06-29T12:29:31.000Z,Outbound,+1415555104,+14152080721,Emma Rodriguez,Sales,2,Delivered
SMS-500036,2026-06-29T12:56:24.000Z,Outbound,+1415555301,+17024176225,James Whitfield,Billing,3,Failed
SMS-500037,2026-06-29T11:21:12.000Z,Outbound,+1415555501,+16177805935,Henry Okafor,IT Helpdesk,1,Delivered
SMS-500038,2026-06-29T14:01:19.000Z,Inbound,+16177018769,+1415555102,Liam Carter,Sales,3,Delivered
SMS-500039,2026-06-29T13:47:08.000Z,Outbound,+1415555201,+15128387741,Olivia Chen,Customer Support,1,Delivered
SMS-500040,2026-06-29T14:07:28.000Z,Outbound,+1415555401,+14046904668,Charlotte Reyes,Customer Success,3,Delivered
SMS-500041,2026-06-29T12:17:15.000Z,Inbound,+12067370108,+1415555401,Charlotte Reyes,Customer Success,1,Failed
SMS-500042,2026-06-29T12:31:47.000Z,Inbound,+12067862274,+1415555103,Noah Patel,Sales,3,Delivered
SMS-500043,2026-06-29T14:50:52.000Z,Inbound,+14804695865,+1415555205,Isabella Kim,Customer Support,2,Delivered
SMS-500044,2026-06-29T13:52:34.000Z,Inbound,+16174995667,+1415555104,Emma Rodriguez,Sales,1,Delivered
SMS-500045,2026-06-29T12:25:02.000Z,Outbound,+1415555104,+12129553871,Emma Rodriguez,Sales,2,Delivered
SMS-500046,2026-06-29T13:43:53.000Z,Inbound,+13129645812,+1415555402,Lucas Bennett,Customer Success,3,Delivered
SMS-500047,2026-06-29T12:01:15.000Z,Outbound,+1415555101,+16176871709,Ava Thompson,Sales,1,Delivered
SMS-500048,2026-06-29T12:16:24.000Z,Outbound,+1415555302,+13122089283,Mia Alvarez,Billing,3,Delivered
SMS-500049,2026-06-29T12:56:46.000Z,Inbound,+12124045000,+1415555401,Charlotte Reyes,Customer Success,2,Delivered
SMS-500050,2026-06-29T13:53:52.000Z,Outbound,+1415555403,+12124367162,Amelia Foster,Customer Success,1,Delivered
SMS-500051,2026-06-29T13:09:44.000Z,Inbound,+17029214208,+1415555202,Ethan Walker,Customer Support,3,Delivered
SMS-500052,2026-06-29T13:12:50.000Z,Inbound,+16172167191,+1415555204,Mason Brooks,Customer Support,3,Delivered
SMS-500053,2026-06-29T13:44:09.000Z,Inbound,+13058573665,+1415555301,James Whitfield,Billing,3,Delivered
SMS-500054,2026-06-29T14:25:07.000Z,Outbound,+1415555302,+13127064784,Mia Alvarez,Billing,1,Delivered
SMS-500055,2026-06-29T13:31:30.000Z,Outbound,+1415555301,+16172000738,James Whitfield,Billing,2,Delivered
SMS-500056,2026-06-29T13:58:28.000Z,Inbound,+12068382603,+1415555101,Ava Thompson,Sales,3,Delivered
SMS-500057,2026-06-29T11:50:41.000Z,Outbound,+1415555302,+12127426915,Mia Alvarez,Billing,1,Failed
SMS-500058,2026-06-29T12:34:16.000Z,Inbound,+15127044931,+1415555502,Grace Lindqvist,IT Helpdesk,1,Delivered
SMS-500059,2026-06-29T14:41:03.000Z,Inbound,+16177430515,+1415555202,Ethan Walker,Customer Support,3,Delivered
SMS-500060,2026-06-29T12:00:09.000Z,Inbound,+17027392701,+1415555403,Amelia Foster,Customer Success,3,Delivered
SMS-500061,2026-06-29T14:08:00.000Z,Inbound,+15123937122,+1415555104,Emma Rodriguez,Sales,1,Delivered
SMS-500062,2026-06-29T13:53:38.000Z,Inbound,+13123191413,+1415555502,Grace Lindqvist,IT Helpdesk,2,Delivered
SMS-500063,2026-06-29T14:57:41.000Z,Outbound,+1415555202,+12128968530,Ethan Walker,Customer Support,3,Delivered
SMS-500064,2026-06-30T12:32:07.000Z,Inbound,+12128178973,+1415555301,James Whitfield,Billing,2,Delivered
SMS-500065,2026-06-30T14:58:03.000Z,Inbound,+16173186836,+1415555402,Lucas Bennett,Customer Success,3,Delivered
SMS-500066,2026-06-30T14:19:40.000Z,Outbound,+1415555302,+13053203855,Mia Alvarez,Billing,2,Pending
SMS-500067,2026-06-30T13:08:50.000Z,Inbound,+17023267348,+1415555501,Henry Okafor,IT Helpdesk,2,Delivered
SMS-500068,2026-06-30T13:03:18.000Z,Outbound,+1415555102,+15125681236,Liam Carter,Sales,2,Delivered
SMS-500069,2026-06-30T14:06:11.000Z,Inbound,+14806579797,+1415555102,Liam Carter,Sales,2,Delivered
SMS-500070,2026-06-30T14:04:13.000Z,Outbound,+1415555205,+16176420382,Isabella Kim,Customer Support,3,Delivered
SMS-500071,2026-06-30T13:21:23.000Z,Inbound,+17023731609,+1415555103,Noah Patel,Sales,2,Delivered
SMS-500072,2026-06-30T13:38:50.000Z,Outbound,+1415555401,+12125147687,Charlotte Reyes,Customer Success,2,Delivered
SMS-500073,2026-06-30T13:54:56.000Z,Inbound,+12123528698,+1415555201,Olivia Chen,Customer Support,1,Delivered
SMS-500074,2026-06-30T11:12:42.000Z,Inbound,+14157678419,+1415555401,Charlotte Reyes,Customer Success,3,Delivered
SMS-500075,2026-06-30T14:46:03.000Z,Outbound,+1415555302,+16177192854,Mia Alvarez,Billing,2,Delivered
SMS-500076,2026-06-30T12:09:17.000Z,Inbound,+14046824464,+1415555403,Amelia Foster,Customer Success,3,Delivered
SMS-500077,2026-06-30T13:32:11.000Z,Inbound,+13125923206,+1415555402,Lucas Bennett,Customer Success,3,Delivered
SMS-500078,2026-06-30T15:48:41.000Z,Inbound,+13054412364,+1415555202,Ethan Walker,Customer Support,2,Delivered
SMS-500079,2026-06-30T13:14:34.000Z,Inbound,+14049385652,+1415555403,Amelia Foster,Customer Success,2,Delivered
SMS-500080,2026-06-30T15:37:13.000Z,Outbound,+1415555502,+14155900146,Grace Lindqvist,IT Helpdesk,1,Delivered
SMS-500081,2026-06-30T13:40:41.000Z,Outbound,+1415555103,+16175863238,Noah Patel,Sales,2,Delivered
SMS-500082,2026-06-30T14:22:53.000Z,Inbound,+14804733144,+1415555302,Mia Alvarez,Billing,3,Delivered
SMS-500083,2026-06-30T14:16:20.000Z,Outbound,+1415555205,+16175525788,Isabella Kim,Customer Support,3,Delivered
SMS-500084,2026-06-30T11:03:07.000Z,Outbound,+1415555205,+14805402879,Isabella Kim,Customer Support,2,Delivered
SMS-500085,2026-06-30T13:27:33.000Z,Outbound,+1415555403,+12068783908,Amelia Foster,Customer Success,1,Delivered
SMS-500086,2026-06-30T13:32:26.000Z,Inbound,+13123685135,+1415555501,Henry Okafor,IT Helpdesk,3,Delivered
SMS-500087,2026-06-30T13:26:13.000Z,Inbound,+15125875102,+1415555201,Olivia Chen,Customer Support,3,Delivered
SMS-500088,2026-06-30T13:13:39.000Z,Inbound,+13124512798,+1415555204,Mason Brooks,Customer Support,2,Delivered
SMS-500089,2026-06-30T13:00:39.000Z,Inbound,+13056316503,+1415555101,Ava Thompson,Sales,1,Pending
SMS-500090,2026-06-30T13:10:02.000Z,Outbound,+1415555302,+14049624839,Mia Alvarez,Billing,3,Delivered
SMS-500091,2026-06-30T12:47:08.000Z,Outbound,+1415555303,+16177706046,Benjamin Osei,Billing,3,Delivered
SMS-500092,2026-06-30T14:04:21.000Z,Outbound,+1415555103,+16178933786,Noah Patel,Sales,3,Delivered
SMS-500093,2026-06-30T12:26:17.000Z,Outbound,+1415555401,+12125935214,Charlotte Reyes,Customer Success,2,Delivered
SMS-500094,2026-06-30T14:06:30.000Z,Outbound,+1415555103,+14158472792,Noah Patel,Sales,3,Delivered
SMS-500095,2026-06-30T13:53:42.000Z,Inbound,+17024238963,+1415555204,Mason Brooks,Customer Support,2,Delivered
SMS-500096,2026-06-30T12:49:26.000Z,Inbound,+13129535091,+1415555303,Benjamin Osei,Billing,2,Delivered
SMS-500097,2026-06-30T15:16:37.000Z,Inbound,+13059274273,+1415555302,Mia Alvarez,Billing,2,Delivered
SMS-500098,2026-06-30T13:24:46.000Z,Outbound,+1415555202,+16174615519,Ethan Walker,Customer Support,3,Delivered
SMS-500099,2026-06-30T13:30:21.000Z,Inbound,+12066254926,+1415555204,Mason Brooks,Customer Support,3,Delivered
SMS-500100,2026-06-30T13:08:33.000Z,Inbound,+17028149900,+1415555102,Liam Carter,Sales,1,Delivered
SMS-500101,2026-06-30T13:54:23.000Z,Inbound,+12067929890,+1415555302,Mia Alvarez,Billing,1,Delivered
SMS-500102,2026-06-30T12:12:34.000Z,Outbound,+1415555303,+12068949287,Benjamin Osei,Billing,1,Delivered
SMS-500103,2026-06-30T12:07:33.000Z,Outbound,+1415555201,+14802645535,Olivia Chen,Customer Support,1,Delivered
SMS-500104,2026-06-30T15:02:07.000Z,Outbound,+1415555101,+12065331929,Ava Thompson,Sales,1,Delivered
SMS-500105,2026-06-30T12:54:11.000Z,Inbound,+12063683812,+1415555101,Ava Thompson,Sales,3,Delivered
SMS-500106,2026-06-30T13:04:53.000Z,Inbound,+13058355355,+1415555102,Liam Carter,Sales,2,Delivered
SMS-500107,2026-06-30T11:22:05.000Z,Outbound,+1415555501,+14803491647,Henry Okafor,IT Helpdesk,1,Delivered
SMS-500108,2026-06-30T13:05:30.000Z,Inbound,+15125657073,+1415555205,Isabella Kim,Customer Support,1,Delivered
SMS-500109,2026-06-30T13:43:58.000Z,Outbound,+1415555501,+12122560850,Henry Okafor,IT Helpdesk,3,Delivered
SMS-500110,2026-06-30T13:00:41.000Z,Inbound,+13128502061,+1415555301,James Whitfield,Billing,3,Delivered
SMS-500111,2026-06-30T14:20:33.000Z,Outbound,+1415555501,+16176023202,Henry Okafor,IT Helpdesk,2,Delivered
SMS-500112,2026-06-30T13:47:08.000Z,Inbound,+14804799299,+1415555102,Liam Carter,Sales,1,Delivered
SMS-500113,2026-06-30T12:22:59.000Z,Outbound,+1415555101,+14043373824,Ava Thompson,Sales,2,Delivered
SMS-500114,2026-06-30T14:48:47.000Z,Outbound,+1415555204,+13058336332,Mason Brooks,Customer Support,3,Delivered
SMS-500115,2026-06-30T14:58:21.000Z,Inbound,+14152565552,+1415555104,Emma Rodriguez,Sales,2,Delivered
SMS-500116,2026-06-30T13:34:57.000Z,Inbound,+14802111010,+1415555501,Henry Okafor,IT Helpdesk,1,Delivered
SMS-500117,2026-06-30T14:04:24.000Z,Inbound,+13124360508,+1415555102,Liam Carter,Sales,3,Delivered
SMS-500118,2026-06-30T14:57:41.000Z,Outbound,+1415555204,+12067080076,Mason Brooks,Customer Support,1,Delivered
SMS-500119,2026-06-30T14:30:08.000Z,Inbound,+12123092059,+1415555204,Mason Brooks,Customer Support,1,Delivered
SMS-500120,2026-06-30T15:26:22.000Z,Outbound,+1415555202,+14809179515,Ethan Walker,Customer Support,3,Delivered
SMS-500121,2026-06-30T12:12:07.000Z,Inbound,+14159831232,+1415555202,Ethan Walker,Customer Support,1,Delivered
SMS-500122,2026-07-01T14:37:36.000Z,Inbound,+13056992121,+1415555502,Grace Lindqvist,IT Helpdesk,3,Delivered
SMS-500123,2026-07-01T15:32:28.000Z,Inbound,+12127752511,+1415555301,James Whitfield,Billing,1,Delivered
SMS-500124,2026-07-01T13:45:49.000Z,Inbound,+16176185820,+1415555502,Grace Lindqvist,IT Helpdesk,1,Delivered
SMS-500125,2026-07-01T13:35:23.000Z,Outbound,+1415555102,+16178436728,Liam Carter,Sales,2,Delivered
SMS-500126,2026-07-01T13:32:35.000Z,Inbound,+15128926711,+1415555303,Benjamin Osei,Billing,2,Delivered
SMS-500127,2026-07-01T12:39:22.000Z,Inbound,+15122600061,+1415555101,Ava Thompson,Sales,3,Delivered
SMS-500128,2026-07-01T13:19:16.000Z,Outbound,+1415555302,+13054213669,Mia Alvarez,Billing,1,Delivered
SMS-500129,2026-07-01T13:52:41.000Z,Inbound,+14807447447,+1415555501,Henry Okafor,IT Helpdesk,3,Delivered
SMS-500130,2026-07-01T13:10:27.000Z,Inbound,+13126644692,+1415555402,Lucas Bennett,Customer Success,1,Delivered
SMS-500131,2026-07-01T13:46:13.000Z,Outbound,+1415555301,+12124421682,James Whitfield,Billing,2,Delivered
SMS-500132,2026-07-01T14:23:16.000Z,Inbound,+13124566710,+1415555104,Emma Rodriguez,Sales,1,Delivered
SMS-500133,2026-07-01T13:32:20.000Z,Inbound,+13058616630,+1415555104,Emma Rodriguez,Sales,1,Delivered
SMS-500134,2026-07-01T12:17:36.000Z,Outbound,+1415555301,+14154066981,James Whitfield,Billing,3,Delivered
SMS-500135,2026-07-01T15:11:15.000Z,Inbound,+15122439615,+1415555102,Liam Carter,Sales,2,Delivered
SMS-500136,2026-07-01T13:33:51.000Z,Inbound,+13057910187,+1415555502,Grace Lindqvist,IT Helpdesk,2,Failed
SMS-500137,2026-07-01T13:58:25.000Z,Inbound,+14043643949,+1415555103,Noah Patel,Sales,2,Delivered
SMS-500138,2026-07-01T14:41:54.000Z,Outbound,+1415555203,+15125510123,Sophia Nguyen,Customer Support,2,Delivered
SMS-500139,2026-07-01T13:14:57.000Z,Outbound,+1415555402,+15127793911,Lucas Bennett,Customer Success,1,Delivered
SMS-500140,2026-07-01T14:02:27.000Z,Outbound,+1415555403,+14157657174,Amelia Foster,Customer Success,2,Delivered
SMS-500141,2026-07-01T12:11:48.000Z,Inbound,+14809338029,+1415555303,Benjamin Osei,Billing,3,Failed
SMS-500142,2026-07-01T14:25:12.000Z,Outbound,+1415555203,+12126298546,Sophia Nguyen,Customer Support,1,Delivered
SMS-500143,2026-07-01T11:25:01.000Z,Outbound,+1415555401,+16176567411,Charlotte Reyes,Customer Success,2,Delivered
SMS-500144,2026-07-01T12:55:01.000Z,Outbound,+1415555103,+13059385210,Noah Patel,Sales,2,Delivered
SMS-500145,2026-07-01T14:28:54.000Z,Outbound,+1415555203,+12128967994,Sophia Nguyen,Customer Support,3,Delivered
SMS-500146,2026-07-01T11:38:03.000Z,Inbound,+13056056797,+1415555202,Ethan Walker,Customer Support,2,Delivered
SMS-500147,2026-07-01T14:00:48.000Z,Inbound,+14808910284,+1415555202,Ethan Walker,Customer Support,1,Delivered
SMS-500148,2026-07-01T14:51:27.000Z,Inbound,+12066677122,+1415555403,Amelia Foster,Customer Success,3,Delivered
SMS-500149,2026-07-01T13:44:51.000Z,Outbound,+1415555103,+13124493838,Noah Patel,Sales,2,Delivered
SMS-500150,2026-07-01T12:56:49.000Z,Inbound,+17028943250,+1415555302,Mia Alvarez,Billing,1,Delivered
SMS-500151,2026-07-01T13:04:36.000Z,Outbound,+1415555103,+16179764803,Noah Patel,Sales,1,Delivered
SMS-500152,2026-07-01T15:36:46.000Z,Outbound,+1415555205,+12065325909,Isabella Kim,Customer Support,3,Delivered
SMS-500153,2026-07-01T13:26:24.000Z,Inbound,+13125369642,+1415555303,Benjamin Osei,Billing,3,Delivered
SMS-500154,2026-07-01T12:50:40.000Z,Inbound,+13123994514,+1415555204,Mason Brooks,Customer Support,2,Delivered
SMS-500155,2026-07-01T15:09:29.000Z,Outbound,+1415555204,+12126468209,Mason Brooks,Customer Support,1,Delivered
SMS-500156,2026-07-01T14:32:40.000Z,Inbound,+14806387692,+1415555501,Henry Okafor,IT Helpdesk,2,Delivered
SMS-500157,2026-07-01T13:23:12.000Z,Inbound,+14802401519,+1415555302,Mia Alvarez,Billing,2,Delivered
SMS-500158,2026-07-01T14:42:00.000Z,Inbound,+14042469062,+1415555205,Isabella Kim,Customer Support,3,Delivered
SMS-500159,2026-07-01T13:52:42.000Z,Inbound,+13122605723,+1415555205,Isabella Kim,Customer Support,3,Delivered
SMS-500160,2026-07-01T13:30:36.000Z,Inbound,+17022760060,+1415555101,Ava Thompson,Sales,3,Delivered
SMS-500161,2026-07-01T12:08:27.000Z,Outbound,+1415555202,+13122378401,Ethan Walker,Customer Support,1,Delivered
SMS-500162,2026-07-01T14:50:23.000Z,Inbound,+14047748007,+1415555103,Noah Patel,Sales,1,Delivered
SMS-500163,2026-07-01T13:02:40.000Z,Outbound,+1415555401,+12122135991,Charlotte Reyes,Customer Success,2,Delivered
SMS-500164,2026-07-01T13:39:12.000Z,Inbound,+13053749913,+1415555402,Lucas Bennett,Customer Success,1,Delivered
SMS-500165,2026-07-01T13:47:04.000Z,Inbound,+14807731419,+1415555402,Lucas Bennett,Customer Success,3,Delivered
SMS-500166,2026-07-01T14:37:32.000Z,Inbound,+12068040002,+1415555202,Ethan Walker,Customer Support,3,Delivered
SMS-500167,2026-07-01T14:07:45.000Z,Outbound,+1415555302,+13127301949,Mia Alvarez,Billing,2,Delivered
SMS-500168,2026-07-01T13:26:40.000Z,Outbound,+1415555302,+17027364034,Mia Alvarez,Billing,3,Delivered
SMS-500169,2026-07-01T14:00:02.000Z,Inbound,+13057830798,+1415555205,Isabella Kim,Customer Support,1,Delivered
SMS-500170,2026-07-01T13:59:12.000Z,Inbound,+15125538071,+1415555201,Olivia Chen,Customer Support,2,Delivered
SMS-500171,2026-07-01T13:02:00.000Z,Outbound,+1415555103,+17022997785,Noah Patel,Sales,3,Delivered
SMS-500172,2026-07-01T14:07:35.000Z,Outbound,+1415555402,+16174229229,Lucas Bennett,Customer Success,1,Delivered
SMS-500173,2026-07-01T13:47:57.000Z,Inbound,+14808598884,+1415555104,Emma Rodriguez,Sales,3,Delivered
SMS-500174,2026-07-02T13:23:39.000Z,Outbound,+1415555203,+13055719260,Sophia Nguyen,Customer Support,3,Delivered
SMS-500175,2026-07-02T13:17:13.000Z,Outbound,+1415555205,+13123998850,Isabella Kim,Customer Support,2,Delivered
SMS-500176,2026-07-02T12:11:48.000Z,Outbound,+1415555202,+12064505262,Ethan Walker,Customer Support,1,Delivered
SMS-500177,2026-07-02T11:53:01.000Z,Inbound,+12063719075,+1415555204,Mason Brooks,Customer Support,2,Delivered
SMS-500178,2026-07-02T12:10:29.000Z,Outbound,+1415555501,+14043667143,Henry Okafor,IT Helpdesk,3,Delivered
SMS-500179,2026-07-02T13:40:59.000Z,Outbound,+1415555302,+14157442020,Mia Alvarez,Billing,3,Delivered
SMS-500180,2026-07-02T12:28:06.000Z,Outbound,+1415555104,+13052859174,Emma Rodriguez,Sales,1,Delivered
SMS-500181,2026-07-02T14:54:58.000Z,Inbound,+13059912684,+1415555103,Noah Patel,Sales,1,Delivered
SMS-500182,2026-07-02T13:05:48.000Z,Outbound,+1415555102,+12123611717,Liam Carter,Sales,3,Delivered
SMS-500183,2026-07-02T12:06:22.000Z,Inbound,+14809274945,+1415555401,Charlotte Reyes,Customer Success,3,Delivered
SMS-500184,2026-07-02T14:16:49.000Z,Outbound,+1415555204,+12063030736,Mason Brooks,Customer Support,1,Delivered
SMS-500185,2026-07-02T13:14:26.000Z,Outbound,+1415555205,+16176957751,Isabella Kim,Customer Support,3,Delivered
SMS-500186,2026-07-02T12:01:34.000Z,Inbound,+12068342581,+1415555403,Amelia Foster,Customer Success,3,Delivered
SMS-500187,2026-07-02T13:59:11.000Z,Inbound,+14156789586,+1415555203,Sophia Nguyen,Customer Support,1,Delivered
SMS-500188,2026-07-02T13:29:40.000Z,Inbound,+14049373042,+1415555501,Henry Okafor,IT Helpdesk,3,Delivered
SMS-500189,2026-07-02T13:36:42.000Z,Inbound,+15128816466,+1415555201,Olivia Chen,Customer Support,2,Delivered
SMS-500190,2026-07-02T12:00:38.000Z,Inbound,+17028828181,+1415555205,Isabella Kim,Customer Support,3,Delivered
SMS-500191,2026-07-02T12:26:16.000Z,Outbound,+1415555204,+12126330276,Mason Brooks,Customer Support,2,Delivered
SMS-500192,2026-07-02T13:28:21.000Z,Inbound,+12069390339,+1415555204,Mason Brooks,Customer Support,1,Delivered
SMS-500193,2026-07-02T11:05:09.000Z,Outbound,+1415555202,+14154271378,Ethan Walker,Customer Support,3,Delivered
SMS-500194,2026-07-02T12:34:17.000Z,Inbound,+14154987955,+1415555201,Olivia Chen,Customer Support,3,Delivered
SMS-500195,2026-07-02T14:02:55.000Z,Inbound,+15126470208,+1415555205,Isabella Kim,Customer Support,3,Delivered
SMS-500196,2026-07-02T14:23:38.000Z,Inbound,+12064709894,+1415555402,Lucas Bennett,Customer Success,1,Delivered
SMS-500197,2026-07-02T13:37:26.000Z,Inbound,+16178248244,+1415555301,James Whitfield,Billing,1,Delivered
SMS-500198,2026-07-02T14:26:03.000Z,Outbound,+1415555501,+12122555337,Henry Okafor,IT Helpdesk,1,Delivered
SMS-500199,2026-07-02T13:55:19.000Z,Outbound,+1415555502,+12123236816,Grace Lindqvist,IT Helpdesk,2,Delivered
SMS-500200,2026-07-02T14:33:41.000Z,Outbound,+1415555203,+16178817364,Sophia Nguyen,Customer Support,3,Delivered
SMS-500201,2026-07-02T12:16:38.000Z,Outbound,+1415555403,+14046250195,Amelia Foster,Customer Success,2,Delivered
SMS-500202,2026-07-02T14:29:04.000Z,Inbound,+13055925994,+1415555202,Ethan Walker,Customer Support,1,Delivered
SMS-500203,2026-07-02T12:59:03.000Z,Outbound,+1415555402,+17029539709,Lucas Bennett,Customer Success,2,Delivered
SMS-500204,2026-07-02T11:18:11.000Z,Inbound,+13128137264,+1415555101,Ava Thompson,Sales,1,Delivered
SMS-500205,2026-07-02T12:41:11.000Z,Outbound,+1415555403,+12065589213,Amelia Foster,Customer Success,3,Delivered
SMS-500206,2026-07-02T13:48:34.000Z,Inbound,+17028688025,+1415555103,Noah Patel,Sales,2,Delivered
SMS-500207,2026-07-02T13:04:17.000Z,Inbound,+14155968128,+1415555401,Charlotte Reyes,Customer Success,2,Delivered
SMS-500208,2026-07-02T12:15:12.000Z,Inbound,+13056526912,+1415555502,Grace Lindqvist,IT Helpdesk,1,Delivered
SMS-500209,2026-07-02T13:46:27.000Z,Inbound,+16173103266,+1415555202,Ethan Walker,Customer Support,1,Delivered
SMS-500210,2026-07-02T12:15:56.000Z,Inbound,+12068659325,+1415555302,Mia Alvarez,Billing,3,Delivered
SMS-500211,2026-07-02T13:43:53.000Z,Outbound,+1415555303,+12063126325,Benjamin Osei,Billing,3,Delivered
SMS-500212,2026-07-02T14:43:19.000Z,Outbound,+1415555401,+15126655918,Charlotte Reyes,Customer Success,1,Delivered
SMS-500213,2026-07-02T14:48:38.000Z,Inbound,+12125815254,+1415555203,Sophia Nguyen,Customer Support,3,Delivered
SMS-500214,2026-07-02T13:08:38.000Z,Outbound,+1415555302,+14156002518,Mia Alvarez,Billing,2,Delivered
SMS-500215,2026-07-02T13:24:57.000Z,Inbound,+13055642806,+1415555403,Amelia Foster,Customer Success,1,Pending
SMS-500216,2026-07-02T15:17:19.000Z,Outbound,+1415555201,+14046421312,Olivia Chen,Customer Support,3,Delivered
SMS-500217,2026-07-02T14:22:27.000Z,Inbound,+14805153329,+1415555102,Liam Carter,Sales,2,Delivered
SMS-500218,2026-07-02T13:30:45.000Z,Inbound,+12065895098,+1415555205,Isabella Kim,Customer Support,1,Delivered
SMS-500219,2026-07-02T12:57:26.000Z,Inbound,+14807591507,+1415555303,Benjamin Osei,Billing,1,Delivered
SMS-500220,2026-07-02T11:24:26.000Z,Outbound,+1415555201,+15125312010,Olivia Chen,Customer Support,1,Delivered
SMS-500221,2026-07-02T13:53:11.000Z,Outbound,+1415555502,+15128746334,Grace Lindqvist,IT Helpdesk,1,Delivered
SMS-500222,2026-07-02T13:44:32.000Z,Inbound,+13126786493,+1415555203,Sophia Nguyen,Customer Support,1,Delivered
SMS-500223,2026-07-02T13:47:06.000Z,Outbound,+1415555103,+12126691839,Noah Patel,Sales,2,Delivered
SMS-500224,2026-07-02T13:58:28.000Z,Inbound,+13124483334,+1415555101,Ava Thompson,Sales,3,Delivered
SMS-500225,2026-07-02T11:36:06.000Z,Outbound,+1415555401,+17026260255,Charlotte Reyes,Customer Success,2,Delivered
SMS-500226,2026-07-02T13:47:01.000Z,Outbound,+1415555401,+15125660806,Charlotte Reyes,Customer Success,1,Delivered
SMS-500227,2026-07-02T13:26:42.000Z,Inbound,+15124849833,+1415555502,Grace Lindqvist,IT Helpdesk,1,Delivered
SMS-500228,2026-07-02T13:40:00.000Z,Outbound,+1415555501,+13129979445,Henry Okafor,IT Helpdesk,1,Delivered
SMS-500229,2026-07-02T12:37:49.000Z,Outbound,+1415555101,+12126673947,Ava Thompson,Sales,1,Pending
SMS-500230,2026-07-03T13:46:53.000Z,Inbound,+14153822072,+1415555303,Benjamin Osei,Billing,1,Delivered
SMS-500231,2026-07-03T12:02:50.000Z,Inbound,+12068342845,+1415555104,Emma Rodriguez,Sales,1,Delivered
SMS-500232,2026-07-03T12:57:54.000Z,Inbound,+14154178805,+1415555103,Noah Patel,Sales,2,Delivered
SMS-500233,2026-07-03T14:52:04.000Z,Inbound,+16179419569,+1415555403,Amelia Foster,Customer Success,2,Delivered
SMS-500234,2026-07-03T12:03:07.000Z,Outbound,+1415555303,+12125223892,Benjamin Osei,Billing,1,Delivered
SMS-500235,2026-07-03T12:26:23.000Z,Inbound,+12125207024,+1415555501,Henry Okafor,IT Helpdesk,1,Pending
SMS-500236,2026-07-03T13:22:29.000Z,Outbound,+1415555201,+14044233126,Olivia Chen,Customer Support,1,Delivered
SMS-500237,2026-07-03T14:23:44.000Z,Outbound,+1415555203,+13128737975,Sophia Nguyen,Customer Support,2,Delivered
SMS-500238,2026-07-03T14:09:14.000Z,Outbound,+1415555403,+17023822155,Amelia Foster,Customer Success,3,Delivered
SMS-500239,2026-07-03T12:09:05.000Z,Inbound,+13059999382,+1415555104,Emma Rodriguez,Sales,3,Delivered
SMS-500240,2026-07-03T12:14:43.000Z,Outbound,+1415555301,+12064412219,James Whitfield,Billing,3,Delivered
SMS-500241,2026-07-03T14:08:09.000Z,Inbound,+13122939051,+1415555201,Olivia Chen,Customer Support,3,Delivered
SMS-500242,2026-07-03T13:23:01.000Z,Outbound,+1415555205,+16172017445,Isabella Kim,Customer Support,3,Delivered
SMS-500243,2026-07-03T13:35:03.000Z,Outbound,+1415555403,+14805995291,Amelia Foster,Customer Success,3,Delivered
SMS-500244,2026-07-03T13:13:01.000Z,Outbound,+1415555402,+16172643412,Lucas Bennett,Customer Success,3,Pending
SMS-500245,2026-07-03T12:18:31.000Z,Inbound,+14802618844,+1415555401,Charlotte Reyes,Customer Success,3,Delivered
SMS-500246,2026-07-03T15:49:37.000Z,Outbound,+1415555401,+15128939829,Charlotte Reyes,Customer Success,1,Delivered
SMS-500247,2026-07-03T13:22:20.000Z,Outbound,+1415555501,+14803290522,Henry Okafor,IT Helpdesk,2,Delivered
SMS-500248,2026-07-03T14:00:40.000Z,Inbound,+14049592022,+1415555204,Mason Brooks,Customer Support,1,Delivered
SMS-500249,2026-07-03T13:59:01.000Z,Inbound,+14158659734,+1415555302,Mia Alvarez,Billing,3,Failed
SMS-500250,2026-07-03T14:30:10.000Z,Inbound,+13057660488,+1415555501,Henry Okafor,IT Helpdesk,2,Pending
SMS-500251,2026-07-03T11:27:02.000Z,Inbound,+15127534970,+1415555402,Lucas Bennett,Customer Success,1,Delivered
SMS-500252,2026-07-03T13:57:49.000Z,Inbound,+14155374206,+1415555402,Lucas Bennett,Customer Success,3,Delivered
SMS-500253,2026-07-03T14:26:07.000Z,Inbound,+13058317553,+1415555102,Liam Carter,Sales,3,Delivered
SMS-500254,2026-07-03T12:30:09.000Z,Inbound,+17026642053,+1415555201,Olivia Chen,Customer Support,3,Failed
SMS-500255,2026-07-03T13:30:30.000Z,Outbound,+1415555402,+16177524358,Lucas Bennett,Customer Success,1,Delivered
SMS-500256,2026-07-03T13:57:16.000Z,Outbound,+1415555104,+15122957544,Emma Rodriguez,Sales,2,Delivered
SMS-500257,2026-07-03T13:59:05.000Z,Outbound,+1415555204,+13053616178,Mason Brooks,Customer Support,2,Delivered
SMS-500258,2026-07-03T12:53:32.000Z,Inbound,+15124333268,+1415555202,Ethan Walker,Customer Support,1,Delivered
SMS-500259,2026-07-03T13:14:33.000Z,Inbound,+14047912968,+1415555303,Benjamin Osei,Billing,3,Delivered
SMS-500260,2026-07-03T12:02:11.000Z,Inbound,+17028300305,+1415555403,Amelia Foster,Customer Success,1,Delivered
SMS-500261,2026-07-03T13:09:09.000Z,Outbound,+1415555102,+14154545787,Liam Carter,Sales,3,Delivered
SMS-500262,2026-07-03T13:02:50.000Z,Outbound,+1415555301,+14803308975,James Whitfield,Billing,3,Delivered
SMS-500263,2026-07-03T14:30:51.000Z,Inbound,+16172507738,+1415555403,Amelia Foster,Customer Success,1,Delivered
SMS-500264,2026-07-03T13:27:26.000Z,Inbound,+12064883499,+1415555205,Isabella Kim,Customer Support,3,Delivered
SMS-500265,2026-07-03T12:39:24.000Z,Outbound,+1415555101,+14804440849,Ava Thompson,Sales,2,Delivered
SMS-500266,2026-07-03T13:48:51.000Z,Inbound,+14154494469,+1415555502,Grace Lindqvist,IT Helpdesk,1,Delivered
SMS-500267,2026-07-03T14:47:26.000Z,Outbound,+1415555204,+14155142189,Mason Brooks,Customer Support,1,Delivered
SMS-500268,2026-07-03T13:17:13.000Z,Inbound,+13123700516,+1415555203,Sophia Nguyen,Customer Support,1,Delivered
SMS-500269,2026-07-03T13:38:37.000Z,Outbound,+1415555301,+13058275730,James Whitfield,Billing,2,Delivered
SMS-500270,2026-07-03T13:32:10.000Z,Outbound,+1415555104,+14154630855,Emma Rodriguez,Sales,2,Failed
SMS-500271,2026-07-03T12:09:18.000Z,Outbound,+1415555204,+13123379511,Mason Brooks,Customer Support,2,Delivered
SMS-500272,2026-07-03T14:31:47.000Z,Outbound,+1415555401,+16178996871,Charlotte Reyes,Customer Success,1,Delivered
SMS-500273,2026-07-03T12:11:17.000Z,Outbound,+1415555202,+13126225977,Ethan Walker,Customer Support,1,Delivered
SMS-500274,2026-07-03T13:12:37.000Z,Inbound,+16173352041,+1415555102,Liam Carter,Sales,1,Failed
SMS-500275,2026-07-03T13:00:08.000Z,Outbound,+1415555102,+13053891573,Liam Carter,Sales,2,Delivered
SMS-500276,2026-07-03T12:02:35.000Z,Inbound,+16176896771,+1415555201,Olivia Chen,Customer Support,1,Pending
SMS-500277,2026-07-03T13:09:39.000Z,Outbound,+1415555102,+12125185176,Liam Carter,Sales,3,Delivered
SMS-500278,2026-07-03T14:07:15.000Z,Outbound,+1415555204,+15122130818,Mason Brooks,Customer Support,3,Delivered
SMS-500279,2026-07-03T13:53:27.000Z,Inbound,+14807667051,+1415555401,Charlotte Reyes,Customer Success,1,Delivered
SMS-500280,2026-07-03T14:48:34.000Z,Outbound,+1415555501,+17029481105,Henry Okafor,IT Helpdesk,1,Delivered
SMS-500281,2026-07-03T14:25:15.000Z,Outbound,+1415555303,+17023815442,Benjamin Osei,Billing,3,Delivered
SMS-500282,2026-07-03T12:05:58.000Z,Inbound,+15123744562,+1415555501,Henry Okafor,IT Helpdesk,1,Delivered
SMS-500283,2026-07-03T13:24:03.000Z,Outbound,+1415555104,+15122534444,Emma Rodriguez,Sales,3,Delivered
SMS-500284,2026-07-03T14:17:37.000Z,Outbound,+1415555403,+13127445889,Amelia Foster,Customer Success,1,Delivered
SMS-500285,2026-07-03T14:44:39.000Z,Outbound,+1415555205,+13125220187,Isabella Kim,Customer Support,2,Delivered
SMS-500286,2026-07-03T12:57:48.000Z,Inbound,+12066784400,+1415555205,Isabella Kim,Customer Support,2,Delivered
SMS-500287,2026-07-03T13:58:42.000Z,Outbound,+1415555301,+13123725020,James Whitfield,Billing,1,Delivered
SMS-500288,2026-07-03T14:04:51.000Z,Inbound,+14049664498,+1415555403,Amelia Foster,Customer Success,1,Delivered
SMS-500289,2026-07-03T14:36:11.000Z,Outbound,+1415555102,+12123033302,Liam Carter,Sales,2,Delivered
SMS-500290,2026-07-03T13:29:15.000Z,Inbound,+13128754287,+1415555403,Amelia Foster,Customer Success,2,Delivered
SMS-500291,2026-07-03T13:39:36.000Z,Inbound,+12122980827,+1415555501,Henry Okafor,IT Helpdesk,1,Delivered
SMS-500292,2026-07-03T13:57:16.000Z,Inbound,+12127694685,+1415555402,Lucas Bennett,Customer Success,1,Delivered
SMS-500293,2026-07-03T13:17:35.000Z,Inbound,+17023143356,+1415555201,Olivia Chen,Customer Support,2,Delivered
SMS-500294,2026-07-03T13:10:27.000Z,Inbound,+13123925387,+1415555104,Emma Rodriguez,Sales,3,Delivered
SMS-500295,2026-07-03T14:13:48.000Z,Inbound,+12129761208,+1415555303,Benjamin Osei,Billing,1,Delivered
SMS-500296,2026-07-03T14:30:21.000Z,Inbound,+14152663593,+1415555301,James Whitfield,Billing,2,Delivered
SMS-500297,2026-07-03T14:56:22.000Z,Inbound,+14049381175,+1415555403,Amelia Foster,Customer Success,3,Delivered
SMS-500298,2026-07-03T13:17:13.000Z,Outbound,+1415555301,+17027564460,James Whitfield,Billing,3,Delivered
SMS-500299,2026-07-03T13:47:24.000Z,Inbound,+17028562903,+1415555103,Noah Patel,Sales,2,Delivered
SMS-500300,2026-07-03T12:22:41.000Z,Inbound,+17026376554,+1415555204,Mason Brooks,Customer Support,2,Failed
SMS-500301,2026-07-03T12:06:31.000Z,Inbound,+13126360450,+1415555201,Olivia Chen,Customer Support,2,Delivered
SMS-500302,2026-07-03T12:48:19.000Z,Inbound,+14802287602,+1415555302,Mia Alvarez,Billing,2,Delivered
SMS-500303,2026-07-03T13:38:02.000Z,Inbound,+12067306182,+1415555202,Ethan Walker,Customer Support,2,Delivered
SMS-500304,2026-07-03T12:30:16.000Z,Outbound,+1415555301,+13125946208,James Whitfield,Billing,2,Delivered
SMS-500305,2026-07-03T13:56:20.000Z,Inbound,+12068887364,+1415555103,Noah Patel,Sales,3,Failed
SMS-500306,2026-07-03T15:53:31.000Z,Inbound,+16172408942,+1415555301,James Whitfield,Billing,1,Delivered
SMS-500307,2026-07-03T12:01:48.000Z,Inbound,+15126105624,+1415555104,Emma Rodriguez,Sales,3,Delivered
SMS-500308,2026-07-03T13:49:02.000Z,Inbound,+13059537381,+1415555102,Liam Carter,Sales,1,Delivered
SMS-500309,2026-07-03T12:14:39.000Z,Outbound,+1415555301,+17028632735,James Whitfield,Billing,1,Delivered
SMS-500310,2026-07-03T14:51:38.000Z,Inbound,+12066686589,+1415555403,Amelia Foster,Customer Success,1,Delivered
SMS-500311,2026-07-03T13:18:54.000Z,Outbound,+1415555202,+14804085932,Ethan Walker,Customer Support,3,Delivered
SMS-500312,2026-07-03T13:11:54.000Z,Inbound,+14159095328,+1415555401,Charlotte Reyes,Customer Success,2,Delivered
SMS-500313,2026-07-03T12:09:57.000Z,Outbound,+1415555202,+15122355797,Ethan Walker,Customer Support,2,Delivered
SMS-500314,2026-07-03T13:07:05.000Z,Inbound,+17023185671,+1415555502,Grace Lindqvist,IT Helpdesk,3,Delivered
SMS-500315,2026-07-04T13:05:20.000Z,Inbound,+13053990467,+1415555502,Grace Lindqvist,IT Helpdesk,3,Delivered
SMS-500316,2026-07-04T13:38:00.000Z,Outbound,+1415555201,+14157171827,Olivia Chen,Customer Support,2,Delivered
SMS-500317,2026-07-04T13:59:02.000Z,Inbound,+13126870583,+1415555502,Grace Lindqvist,IT Helpdesk,2,Delivered
SMS-500318,2026-07-04T12:07:02.000Z,Outbound,+1415555301,+15127893312,James Whitfield,Billing,1,Delivered
SMS-500319,2026-07-04T12:19:34.000Z,Outbound,+1415555402,+13127561822,Lucas Bennett,Customer Success,2,Delivered
SMS-500320,2026-07-04T14:32:49.000Z,Outbound,+1415555203,+17027953112,Sophia Nguyen,Customer Support,1,Delivered
SMS-500321,2026-07-04T13:19:20.000Z,Inbound,+17025076896,+1415555501,Henry Okafor,IT Helpdesk,3,Delivered
SMS-500322,2026-07-04T13:21:03.000Z,Outbound,+1415555203,+14155664808,Sophia Nguyen,Customer Support,3,Delivered
SMS-500323,2026-07-04T14:39:39.000Z,Outbound,+1415555402,+15123589745,Lucas Bennett,Customer Success,1,Delivered
SMS-500324,2026-07-04T13:09:29.000Z,Outbound,+1415555103,+13054092238,Noah Patel,Sales,3,Delivered
SMS-500325,2026-07-04T14:13:35.000Z,Inbound,+14045518164,+1415555501,Henry Okafor,IT Helpdesk,2,Delivered
SMS-500326,2026-07-04T14:10:11.000Z,Inbound,+14156184041,+1415555203,Sophia Nguyen,Customer Support,3,Delivered
SMS-500327,2026-07-04T12:24:16.000Z,Outbound,+1415555102,+14044781659,Liam Carter,Sales,1,Delivered
SMS-500328,2026-07-04T13:42:50.000Z,Outbound,+1415555104,+14804743882,Emma Rodriguez,Sales,2,Delivered
SMS-500329,2026-07-04T11:47:21.000Z,Outbound,+1415555104,+14804944259,Emma Rodriguez,Sales,1,Delivered
SMS-500330,2026-07-04T13:59:20.000Z,Outbound,+1415555401,+17022045880,Charlotte Reyes,Customer Success,3,Delivered
SMS-500331,2026-07-04T14:53:46.000Z,Outbound,+1415555205,+17022652245,Isabella Kim,Customer Support,3,Delivered
SMS-500332,2026-07-04T12:36:46.000Z,Inbound,+14806460416,+1415555403,Amelia Foster,Customer Success,3,Delivered
SMS-500333,2026-07-04T12:12:51.000Z,Inbound,+12069904110,+1415555303,Benjamin Osei,Billing,2,Delivered
SMS-500334,2026-07-04T15:31:46.000Z,Outbound,+1415555101,+14157763739,Ava Thompson,Sales,2,Delivered
SMS-500335,2026-07-05T13:19:43.000Z,Inbound,+14046347183,+1415555401,Charlotte Reyes,Customer Success,1,Delivered
SMS-500336,2026-07-05T13:09:04.000Z,Outbound,+1415555103,+17024332932,Noah Patel,Sales,1,Delivered
SMS-500337,2026-07-05T12:35:24.000Z,Outbound,+1415555101,+13054920017,Ava Thompson,Sales,2,Delivered
SMS-500338,2026-07-05T12:50:39.000Z,Inbound,+13123572015,+1415555501,Henry Okafor,IT Helpdesk,3,Delivered
SMS-500339,2026-07-05T13:40:20.000Z,Inbound,+13129829420,+1415555204,Mason Brooks,Customer Support,2,Delivered
SMS-500340,2026-07-05T12:54:37.000Z,Inbound,+14809281881,+1415555104,Emma Rodriguez,Sales,2,Delivered
SMS-500341,2026-07-05T14:59:31.000Z,Outbound,+1415555204,+14152344896,Mason Brooks,Customer Support,2,Delivered
SMS-500342,2026-07-05T12:49:15.000Z,Inbound,+12129407096,+1415555103,Noah Patel,Sales,2,Delivered
SMS-500343,2026-07-05T14:48:48.000Z,Inbound,+16178213688,+1415555401,Charlotte Reyes,Customer Success,3,Delivered
SMS-500344,2026-07-05T12:54:40.000Z,Outbound,+1415555203,+15128130773,Sophia Nguyen,Customer Support,3,Delivered
SMS-500345,2026-07-05T12:45:29.000Z,Inbound,+12067966734,+1415555501,Henry Okafor,IT Helpdesk,1,Delivered
SMS-500346,2026-07-05T11:48:22.000Z,Inbound,+15125359358,+1415555302,Mia Alvarez,Billing,3,Delivered
SMS-500347,2026-07-05T13:06:19.000Z,Outbound,+1415555302,+14043810273,Mia Alvarez,Billing,2,Delivered
SMS-500348,2026-07-05T12:14:27.000Z,Inbound,+17023495729,+1415555501,Henry Okafor,IT Helpdesk,3,Delivered
SMS-500349,2026-07-05T13:50:38.000Z,Inbound,+15129769070,+1415555302,Mia Alvarez,Billing,2,Delivered
SMS-500350,2026-07-06T12:58:08.000Z,Outbound,+1415555502,+14047441832,Grace Lindqvist,IT Helpdesk,2,Delivered
SMS-500351,2026-07-06T13:16:26.000Z,Inbound,+17022967472,+1415555401,Charlotte Reyes,Customer Success,3,Delivered
SMS-500352,2026-07-06T14:37:22.000Z,Inbound,+16176663794,+1415555204,Mason Brooks,Customer Support,1,Delivered
SMS-500353,2026-07-06T14:10:56.000Z,Outbound,+1415555101,+16177169544,Ava Thompson,Sales,1,Delivered
SMS-500354,2026-07-06T13:17:09.000Z,Inbound,+16175151914,+1415555202,Ethan Walker,Customer Support,1,Delivered
SMS-500355,2026-07-06T14:19:42.000Z,Outbound,+1415555501,+13123003396,Henry Okafor,IT Helpdesk,1,Delivered
SMS-500356,2026-07-06T13:15:06.000Z,Outbound,+1415555102,+13124143293,Liam Carter,Sales,1,Delivered
SMS-500357,2026-07-06T13:25:21.000Z,Outbound,+1415555401,+12122441991,Charlotte Reyes,Customer Success,2,Delivered
SMS-500358,2026-07-06T13:29:57.000Z,Inbound,+12065816789,+1415555205,Isabella Kim,Customer Support,3,Delivered
SMS-500359,2026-07-06T13:18:15.000Z,Inbound,+14049809988,+1415555204,Mason Brooks,Customer Support,3,Delivered
SMS-500360,2026-07-06T13:18:41.000Z,Outbound,+1415555103,+13124179154,Noah Patel,Sales,3,Delivered
SMS-500361,2026-07-06T14:30:33.000Z,Inbound,+14808171236,+1415555401,Charlotte Reyes,Customer Success,1,Delivered
SMS-500362,2026-07-06T12:57:24.000Z,Outbound,+1415555403,+12062367417,Amelia Foster,Customer Success,2,Delivered
SMS-500363,2026-07-06T14:22:55.000Z,Inbound,+15123199352,+1415555103,Noah Patel,Sales,3,Delivered
SMS-500364,2026-07-06T15:08:52.000Z,Inbound,+14804671334,+1415555204,Mason Brooks,Customer Support,1,Delivered
SMS-500365,2026-07-06T14:29:45.000Z,Outbound,+1415555303,+17027281611,Benjamin Osei,Billing,2,Delivered
SMS-500366,2026-07-06T13:42:57.000Z,Outbound,+1415555302,+14046552915,Mia Alvarez,Billing,2,Delivered
SMS-500367,2026-07-06T12:51:45.000Z,Inbound,+16175640132,+1415555401,Charlotte Reyes,Customer Success,3,Delivered
SMS-500368,2026-07-06T12:44:35.000Z,Inbound,+12122196851,+1415555203,Sophia Nguyen,Customer Support,3,Delivered
SMS-500369,2026-07-06T13:45:49.000Z,Inbound,+16175681435,+1415555501,Henry Okafor,IT Helpdesk,1,Delivered
SMS-500370,2026-07-06T13:38:44.000Z,Inbound,+14803881409,+1415555501,Henry Okafor,IT Helpdesk,1,Delivered
SMS-500371,2026-07-06T11:51:17.000Z,Inbound,+16177559828,+1415555301,James Whitfield,Billing,1,Delivered
SMS-500372,2026-07-06T13:27:44.000Z,Outbound,+1415555402,+15123219707,Lucas Bennett,Customer Success,2,Delivered
SMS-500373,2026-07-06T13:58:47.000Z,Inbound,+17026664829,+1415555101,Ava Thompson,Sales,1,Delivered
SMS-500374,2026-07-06T14:45:16.000Z,Outbound,+1415555502,+14808776252,Grace Lindqvist,IT Helpdesk,2,Delivered
SMS-500375,2026-07-06T14:10:47.000Z,Outbound,+1415555202,+13125995351,Ethan Walker,Customer Support,2,Delivered
SMS-500376,2026-07-06T13:14:20.000Z,Inbound,+12065709654,+1415555202,Ethan Walker,Customer Support,1,Delivered
SMS-500377,2026-07-06T12:56:03.000Z,Outbound,+1415555101,+16177109911,Ava Thompson,Sales,2,Delivered
SMS-500378,2026-07-06T12:38:02.000Z,Inbound,+14155264017,+1415555103,Noah Patel,Sales,2,Delivered
SMS-500379,2026-07-06T12:07:54.000Z,Inbound,+17029150355,+1415555102,Liam Carter,Sales,1,Delivered
SMS-500380,2026-07-06T13:20:50.000Z,Inbound,+17029907968,+1415555102,Liam Carter,Sales,2,Delivered
SMS-500381,2026-07-06T12:28:59.000Z,Inbound,+14158662265,+1415555201,Olivia Chen,Customer Support,2,Delivered
SMS-500382,2026-07-06T14:07:17.000Z,Inbound,+14049886760,+1415555204,Mason Brooks,Customer Support,3,Delivered
SMS-500383,2026-07-06T14:42:40.000Z,Inbound,+15125699938,+1415555301,James Whitfield,Billing,1,Delivered
SMS-500384,2026-07-06T13:13:32.000Z,Inbound,+16177536949,+1415555302,Mia Alvarez,Billing,1,Delivered
SMS-500385,2026-07-06T13:38:02.000Z,Outbound,+1415555301,+13058313883,James Whitfield,Billing,3,Delivered
SMS-500386,2026-07-06T13:02:59.000Z,Inbound,+14049960989,+1415555104,Emma Rodriguez,Sales,2,Delivered
SMS-500387,2026-07-06T13:40:03.000Z,Outbound,+1415555102,+12122735632,Liam Carter,Sales,3,Delivered
SMS-500388,2026-07-06T13:38:53.000Z,Outbound,+1415555203,+13124255526,Sophia Nguyen,Customer Support,3,Delivered
SMS-500389,2026-07-06T14:15:12.000Z,Inbound,+16173689024,+1415555202,Ethan Walker,Customer Support,1,Delivered
SMS-500390,2026-07-06T13:58:46.000Z,Outbound,+1415555301,+13126971145,James Whitfield,Billing,3,Delivered
SMS-500391,2026-07-06T12:14:49.000Z,Inbound,+14809220125,+1415555204,Mason Brooks,Customer Support,3,Delivered
SMS-500392,2026-07-06T13:20:38.000Z,Outbound,+1415555201,+16173147425,Olivia Chen,Customer Support,2,Delivered
SMS-500393,2026-07-06T12:32:15.000Z,Inbound,+12123867791,+1415555103,Noah Patel,Sales,2,Delivered
SMS-500394,2026-07-06T13:54:43.000Z,Outbound,+1415555204,+13123362874,Mason Brooks,Customer Support,3,Delivered
SMS-500395,2026-07-06T15:59:49.000Z,Outbound,+1415555402,+14154770483,Lucas Bennett,Customer Success,2,Delivered
SMS-500396,2026-07-06T14:23:08.000Z,Outbound,+1415555103,+12062431371,Noah Patel,Sales,2,Delivered
SMS-500397,2026-07-06T12:55:07.000Z,Inbound,+14159038809,+1415555502,Grace Lindqvist,IT Helpdesk,3,Delivered
SMS-500398,2026-07-06T13:56:35.000Z,Inbound,+15123361119,+1415555205,Isabella Kim,Customer Support,3,Delivered
SMS-500399,2026-07-06T13:20:34.000Z,Inbound,+13052333773,+1415555101,Ava Thompson,Sales,3,Failed
SMS-500400,2026-07-06T12:07:55.000Z,Outbound,+1415555403,+12125346497,Amelia Foster,Customer Success,1,Delivered
SMS-500401,2026-07-06T12:27:53.000Z,Outbound,+1415555102,+12126820406,Liam Carter,Sales,1,Delivered
SMS-500402,2026-07-06T14:03:18.000Z,Inbound,+17028298862,+1415555402,Lucas Bennett,Customer Success,3,Delivered
SMS-500403,2026-07-06T13:58:31.000Z,Outbound,+1415555101,+14807782657,Ava Thompson,Sales,2,Delivered
SMS-500404,2026-07-06T13:21:01.000Z,Inbound,+14159762143,+1415555402,Lucas Bennett,Customer Success,3,Delivered
SMS-500405,2026-07-06T12:06:54.000Z,Outbound,+1415555303,+14803530307,Benjamin Osei,Billing,1,Delivered
SMS-500406,2026-07-06T14:04:51.000Z,Inbound,+14803031031,+1415555401,Charlotte Reyes,Customer Success,2,Delivered
SMS-500407,2026-07-06T13:24:50.000Z,Inbound,+15125464880,+1415555403,Amelia Foster,Customer Success,1,Delivered
SMS-500408,2026-07-06T13:22:57.000Z,Outbound,+1415555204,+12124344742,Mason Brooks,Customer Support,3,Delivered
SMS-500409,2026-07-06T11:12:23.000Z,Outbound,+1415555101,+14044247986,Ava Thompson,Sales,1,Delivered
SMS-500410,2026-07-06T13:09:07.000Z,Inbound,+13055150956,+1415555201,Olivia Chen,Customer Support,3,Delivered
SMS-500411,2026-07-06T12:05:49.000Z,Inbound,+17023595464,+1415555201,Olivia Chen,Customer Support,3,Delivered
SMS-500412,2026-07-07T12:05:06.000Z,Outbound,+1415555205,+17029441610,Isabella Kim,Customer Support,3,Delivered
SMS-500413,2026-07-07T13:08:34.000Z,Inbound,+16175241667,+1415555103,Noah Patel,Sales,2,Delivered
SMS-500414,2026-07-07T13:19:57.000Z,Inbound,+12129446543,+1415555203,Sophia Nguyen,Customer Support,1,Delivered
SMS-500415,2026-07-07T13:10:27.000Z,Outbound,+1415555102,+14808302742,Liam Carter,Sales,2,Delivered
SMS-500416,2026-07-07T12:55:04.000Z,Inbound,+14157804633,+1415555203,Sophia Nguyen,Customer Support,2,Delivered
SMS-500417,2026-07-07T12:52:29.000Z,Outbound,+1415555403,+13056009160,Amelia Foster,Customer Success,2,Delivered
SMS-500418,2026-07-07T13:10:19.000Z,Outbound,+1415555402,+14155871719,Lucas Bennett,Customer Success,3,Delivered
SMS-500419,2026-07-07T12:07:44.000Z,Inbound,+14047207969,+1415555301,James Whitfield,Billing,3,Delivered
SMS-500420,2026-07-07T13:46:35.000Z,Inbound,+15126656083,+1415555101,Ava Thompson,Sales,2,Delivered
SMS-500421,2026-07-07T13:14:23.000Z,Inbound,+14159548125,+1415555102,Liam Carter,Sales,3,Delivered
SMS-500422,2026-07-07T12:13:43.000Z,Outbound,+1415555203,+14805031719,Sophia Nguyen,Customer Support,2,Delivered
SMS-500423,2026-07-07T14:45:47.000Z,Inbound,+14159741800,+1415555301,James Whitfield,Billing,2,Delivered
SMS-500424,2026-07-07T12:22:04.000Z,Outbound,+1415555203,+14153336727,Sophia Nguyen,Customer Support,3,Delivered
SMS-500425,2026-07-07T13:02:17.000Z,Inbound,+14809541935,+1415555403,Amelia Foster,Customer Success,2,Pending
SMS-500426,2026-07-07T13:34:06.000Z,Inbound,+16179290221,+1415555303,Benjamin Osei,Billing,2,Delivered
SMS-500427,2026-07-07T12:38:16.000Z,Inbound,+13125869648,+1415555205,Isabella Kim,Customer Support,3,Delivered
SMS-500428,2026-07-07T13:39:07.000Z,Outbound,+1415555201,+17024809469,Olivia Chen,Customer Support,1,Delivered
SMS-500429,2026-07-07T13:34:16.000Z,Inbound,+14046078576,+1415555501,Henry Okafor,IT Helpdesk,1,Delivered
SMS-500430,2026-07-07T13:40:33.000Z,Inbound,+17027371672,+1415555102,Liam Carter,Sales,2,Delivered
SMS-500431,2026-07-07T14:07:19.000Z,Outbound,+1415555302,+14049709321,Mia Alvarez,Billing,2,Delivered
SMS-500432,2026-07-07T12:44:46.000Z,Outbound,+1415555403,+15128396177,Amelia Foster,Customer Success,1,Delivered
SMS-500433,2026-07-07T15:09:03.000Z,Outbound,+1415555103,+13125135990,Noah Patel,Sales,1,Delivered
SMS-500434,2026-07-07T13:01:34.000Z,Outbound,+1415555202,+14807650904,Ethan Walker,Customer Support,3,Delivered
SMS-500435,2026-07-07T12:38:45.000Z,Outbound,+1415555204,+14155868798,Mason Brooks,Customer Support,1,Delivered
SMS-500436,2026-07-07T13:55:16.000Z,Inbound,+12128017642,+1415555501,Henry Okafor,IT Helpdesk,3,Delivered
SMS-500437,2026-07-07T13:10:37.000Z,Inbound,+14808189731,+1415555302,Mia Alvarez,Billing,2,Delivered
SMS-500438,2026-07-07T11:11:56.000Z,Inbound,+17023038323,+1415555103,Noah Patel,Sales,3,Delivered
SMS-500439,2026-07-07T13:30:50.000Z,Inbound,+13122273017,+1415555201,Olivia Chen,Customer Support,1,Delivered
SMS-500440,2026-07-07T13:50:29.000Z,Outbound,+1415555204,+12123662832,Mason Brooks,Customer Support,3,Delivered
SMS-500441,2026-07-08T13:10:58.000Z,Inbound,+17023917286,+1415555201,Olivia Chen,Customer Support,3,Delivered
SMS-500442,2026-07-08T13:31:57.000Z,Outbound,+1415555502,+13124823716,Grace Lindqvist,IT Helpdesk,2,Delivered
SMS-500443,2026-07-08T12:11:16.000Z,Outbound,+1415555201,+13059684432,Olivia Chen,Customer Support,2,Delivered
SMS-500444,2026-07-08T13:00:31.000Z,Outbound,+1415555103,+16176907755,Noah Patel,Sales,3,Delivered
SMS-500445,2026-07-08T13:35:52.000Z,Inbound,+14152097567,+1415555103,Noah Patel,Sales,3,Delivered
SMS-500446,2026-07-08T13:55:15.000Z,Inbound,+16173625122,+1415555103,Noah Patel,Sales,3,Delivered
SMS-500447,2026-07-08T13:09:32.000Z,Outbound,+1415555201,+15125131184,Olivia Chen,Customer Support,3,Delivered
SMS-500448,2026-07-08T12:07:19.000Z,Outbound,+1415555202,+17022898539,Ethan Walker,Customer Support,1,Failed
SMS-500449,2026-07-08T12:20:44.000Z,Inbound,+13127343753,+1415555103,Noah Patel,Sales,3,Failed
SMS-500450,2026-07-08T15:57:08.000Z,Inbound,+12126383291,+1415555302,Mia Alvarez,Billing,2,Delivered
SMS-500451,2026-07-08T14:07:54.000Z,Inbound,+13057473972,+1415555402,Lucas Bennett,Customer Success,1,Failed
SMS-500452,2026-07-08T14:39:55.000Z,Outbound,+1415555204,+17029276678,Mason Brooks,Customer Support,3,Delivered
SMS-500453,2026-07-08T13:32:56.000Z,Outbound,+1415555101,+17022465750,Ava Thompson,Sales,1,Delivered
SMS-500454,2026-07-08T12:58:50.000Z,Outbound,+1415555401,+17028132756,Charlotte Reyes,Customer Success,1,Delivered
SMS-500455,2026-07-08T14:37:09.000Z,Inbound,+12127634826,+1415555101,Ava Thompson,Sales,2,Delivered
SMS-500456,2026-07-08T13:49:35.000Z,Outbound,+1415555203,+14805839720,Sophia Nguyen,Customer Support,3,Delivered
SMS-500457,2026-07-08T14:02:27.000Z,Inbound,+12064351149,+1415555205,Isabella Kim,Customer Support,3,Delivered
SMS-500458,2026-07-08T12:26:44.000Z,Outbound,+1415555103,+16177362316,Noah Patel,Sales,1,Delivered
SMS-500459,2026-07-08T14:32:03.000Z,Inbound,+14159446846,+1415555501,Henry Okafor,IT Helpdesk,1,Delivered
SMS-500460,2026-07-08T12:08:30.000Z,Outbound,+1415555203,+16176147740,Sophia Nguyen,Customer Support,1,Delivered
SMS-500461,2026-07-08T13:14:42.000Z,Outbound,+1415555403,+13052562943,Amelia Foster,Customer Success,1,Delivered
SMS-500462,2026-07-08T13:20:48.000Z,Inbound,+14159113266,+1415555103,Noah Patel,Sales,2,Delivered
SMS-500463,2026-07-08T12:27:21.000Z,Inbound,+13124007213,+1415555101,Ava Thompson,Sales,2,Delivered
SMS-500464,2026-07-08T13:38:30.000Z,Outbound,+1415555205,+14044796440,Isabella Kim,Customer Support,2,Delivered
SMS-500465,2026-07-08T14:49:59.000Z,Inbound,+15125434354,+1415555205,Isabella Kim,Customer Support,1,Delivered
SMS-500466,2026-07-08T13:45:58.000Z,Outbound,+1415555202,+16179090446,Ethan Walker,Customer Support,3,Delivered
SMS-500467,2026-07-08T12:53:01.000Z,Inbound,+15122597417,+1415555104,Emma Rodriguez,Sales,3,Delivered
SMS-500468,2026-07-08T13:57:52.000Z,Outbound,+1415555202,+13123701415,Ethan Walker,Customer Support,2,Delivered
SMS-500469,2026-07-08T13:38:56.000Z,Inbound,+17027239145,+1415555403,Amelia Foster,Customer Success,3,Delivered
SMS-500470,2026-07-08T13:43:26.000Z,Outbound,+1415555205,+16173995286,Isabella Kim,Customer Support,2,Delivered
SMS-500471,2026-07-08T14:52:24.000Z,Outbound,+1415555205,+14155721801,Isabella Kim,Customer Support,1,Delivered
SMS-500472,2026-07-08T13:14:20.000Z,Outbound,+1415555301,+13128405634,James Whitfield,Billing,3,Delivered
SMS-500473,2026-07-08T13:44:28.000Z,Inbound,+13128689888,+1415555402,Lucas Bennett,Customer Success,3,Delivered
SMS-500474,2026-07-08T13:39:03.000Z,Outbound,+1415555203,+12068921723,Sophia Nguyen,Customer Support,3,Delivered
SMS-500475,2026-07-08T14:01:06.000Z,Outbound,+1415555401,+13124091609,Charlotte Reyes,Customer Success,2,Delivered
SMS-500476,2026-07-08T14:17:43.000Z,Inbound,+14158588462,+1415555101,Ava Thompson,Sales,3,Delivered
SMS-500477,2026-07-08T12:20:59.000Z,Inbound,+14807040382,+1415555301,James Whitfield,Billing,2,Delivered
SMS-500478,2026-07-08T12:09:51.000Z,Inbound,+15122589680,+1415555101,Ava Thompson,Sales,2,Delivered
SMS-500479,2026-07-08T12:15:04.000Z,Outbound,+1415555202,+16172621345,Ethan Walker,Customer Support,2,Delivered
SMS-500480,2026-07-08T13:40:21.000Z,Inbound,+14807257529,+1415555202,Ethan Walker,Customer Support,2,Delivered
SMS-500481,2026-07-08T13:23:01.000Z,Outbound,+1415555104,+16174332928,Emma Rodriguez,Sales,2,Delivered
SMS-500482,2026-07-08T12:56:26.000Z,Outbound,+1415555303,+13126900192,Benjamin Osei,Billing,1,Delivered
SMS-500483,2026-07-08T12:22:19.000Z,Inbound,+12124024250,+1415555102,Liam Carter,Sales,1,Delivered
SMS-500484,2026-07-08T13:08:22.000Z,Inbound,+12127056175,+1415555103,Noah Patel,Sales,1,Delivered
SMS-500485,2026-07-08T14:15:45.000Z,Outbound,+1415555204,+13122302179,Mason Brooks,Customer Support,3,Delivered
SMS-500486,2026-07-08T11:26:12.000Z,Outbound,+1415555102,+16177756581,Liam Carter,Sales,3,Delivered
SMS-500487,2026-07-08T12:25:17.000Z,Outbound,+1415555403,+17022756669,Amelia Foster,Customer Success,2,Delivered
SMS-500488,2026-07-08T12:03:24.000Z,Inbound,+14158806309,+1415555202,Ethan Walker,Customer Support,3,Delivered
SMS-500489,2026-07-08T12:52:38.000Z,Inbound,+14807976769,+1415555303,Benjamin Osei,Billing,2,Delivered
SMS-500490,2026-07-08T12:32:43.000Z,Inbound,+13054821599,+1415555302,Mia Alvarez,Billing,2,Delivered
SMS-500491,2026-07-08T12:52:13.000Z,Inbound,+13055002404,+1415555101,Ava Thompson,Sales,2,Delivered
SMS-500492,2026-07-08T14:34:01.000Z,Outbound,+1415555203,+14159415979,Sophia Nguyen,Customer Support,3,Delivered
SMS-500493,2026-07-08T13:27:11.000Z,Outbound,+1415555103,+12129389565,Noah Patel,Sales,3,Delivered
SMS-500494,2026-07-08T11:20:25.000Z,Inbound,+15127178546,+1415555403,Amelia Foster,Customer Success,3,Delivered
SMS-500495,2026-07-08T14:02:41.000Z,Inbound,+12127426657,+1415555501,Henry Okafor,IT Helpdesk,1,Delivered
SMS-500496,2026-07-08T14:30:00.000Z,Outbound,+1415555205,+13054912227,Isabella Kim,Customer Support,2,Delivered
SMS-500497,2026-07-08T14:14:19.000Z,Outbound,+1415555402,+17023380325,Lucas Bennett,Customer Success,2,Pending
SMS-500498,2026-07-08T12:30:15.000Z,Inbound,+14152493820,+1415555403,Amelia Foster,Customer Success,3,Delivered
SMS-500499,2026-07-08T12:55:23.000Z,Inbound,+14046267785,+1415555401,Charlotte Reyes,Customer Success,3,Delivered
SMS-500500,2026-07-08T13:12:43.000Z,Outbound,+1415555204,+16173403452,Mason Brooks,Customer Support,2,Failed
SMS-500501,2026-07-08T13:08:13.000Z,Inbound,+15125911745,+1415555204,Mason Brooks,Customer Support,1,Delivered
SMS-500502,2026-07-08T13:18:21.000Z,Inbound,+13126710755,+1415555203,Sophia Nguyen,Customer Support,1,Delivered
SMS-500503,2026-07-08T12:30:49.000Z,Outbound,+1415555402,+16178083309,Lucas Bennett,Customer Success,1,Delivered
SMS-500504,2026-07-08T13:20:51.000Z,Inbound,+12122177953,+1415555101,Ava Thompson,Sales,2,Delivered
SMS-500505,2026-07-08T13:16:38.000Z,Outbound,+1415555402,+14154226342,Lucas Bennett,Customer Success,3,Delivered
SMS-500506,2026-07-08T13:00:04.000Z,Inbound,+14045831255,+1415555302,Mia Alvarez,Billing,2,Delivered
SMS-500507,2026-07-08T12:17:19.000Z,Outbound,+1415555202,+15124042896,Ethan Walker,Customer Support,3,Delivered
SMS-500508,2026-07-08T13:08:23.000Z,Inbound,+13053842093,+1415555403,Amelia Foster,Customer Success,2,Delivered
SMS-500509,2026-07-08T12:22:18.000Z,Outbound,+1415555303,+13124902690,Benjamin Osei,Billing,1,Delivered
SMS-500510,2026-07-08T12:35:14.000Z,Inbound,+14045181263,+1415555401,Charlotte Reyes,Customer Success,2,Delivered
SMS-500511,2026-07-08T14:42:18.000Z,Outbound,+1415555202,+13056637576,Ethan Walker,Customer Support,2,Failed
SMS-500512,2026-07-08T13:24:46.000Z,Outbound,+1415555403,+12128469683,Amelia Foster,Customer Success,3,Delivered
SMS-500513,2026-07-08T12:26:18.000Z,Outbound,+1415555103,+14048761145,Noah Patel,Sales,3,Delivered
SMS-500514,2026-07-08T13:24:34.000Z,Inbound,+12128905446,+1415555501,Henry Okafor,IT Helpdesk,1,Delivered
SMS-500515,2026-07-08T15:40:24.000Z,Outbound,+1415555502,+14045362716,Grace Lindqvist,IT Helpdesk,2,Delivered
SMS-500516,2026-07-08T12:39:25.000Z,Inbound,+12125587956,+1415555204,Mason Brooks,Customer Support,1,Delivered
SMS-500517,2026-07-09T12:17:54.000Z,Inbound,+14805010595,+1415555103,Noah Patel,Sales,2,Delivered
SMS-500518,2026-07-09T13:53:40.000Z,Inbound,+14042264639,+1415555204,Mason Brooks,Customer Support,2,Delivered
SMS-500519,2026-07-09T13:16:41.000Z,Outbound,+1415555402,+16179188485,Lucas Bennett,Customer Success,1,Delivered
SMS-500520,2026-07-09T14:09:32.000Z,Inbound,+14152301537,+1415555301,James Whitfield,Billing,2,Delivered
SMS-500521,2026-07-09T14:27:20.000Z,Inbound,+14159406200,+1415555402,Lucas Bennett,Customer Success,1,Delivered
SMS-500522,2026-07-09T13:51:12.000Z,Outbound,+1415555102,+14805292757,Liam Carter,Sales,1,Pending
SMS-500523,2026-07-09T14:18:47.000Z,Inbound,+13128824614,+1415555502,Grace Lindqvist,IT Helpdesk,3,Delivered
SMS-500524,2026-07-09T11:37:47.000Z,Outbound,+1415555302,+14048683501,Mia Alvarez,Billing,2,Delivered
SMS-500525,2026-07-09T12:31:04.000Z,Inbound,+14042659543,+1415555502,Grace Lindqvist,IT Helpdesk,3,Delivered
SMS-500526,2026-07-09T15:07:09.000Z,Inbound,+12064485166,+1415555203,Sophia Nguyen,Customer Support,2,Delivered
SMS-500527,2026-07-09T13:13:32.000Z,Inbound,+13129293166,+1415555203,Sophia Nguyen,Customer Support,1,Delivered
SMS-500528,2026-07-09T11:59:23.000Z,Inbound,+12064738900,+1415555201,Olivia Chen,Customer Support,2,Delivered
SMS-500529,2026-07-09T13:43:31.000Z,Inbound,+12127753524,+1415555203,Sophia Nguyen,Customer Support,1,Delivered
SMS-500530,2026-07-09T13:38:08.000Z,Inbound,+16175866119,+1415555502,Grace Lindqvist,IT Helpdesk,1,Delivered
SMS-500531,2026-07-09T14:10:09.000Z,Outbound,+1415555103,+14043654241,Noah Patel,Sales,3,Delivered
SMS-500532,2026-07-09T12:07:04.000Z,Outbound,+1415555104,+12124386975,Emma Rodriguez,Sales,3,Delivered
SMS-500533,2026-07-09T14:51:39.000Z,Outbound,+1415555402,+13122024990,Lucas Bennett,Customer Success,1,Delivered
SMS-500534,2026-07-09T13:55:48.000Z,Inbound,+16176641940,+1415555403,Amelia Foster,Customer Success,2,Delivered
SMS-500535,2026-07-09T13:03:49.000Z,Inbound,+12125112741,+1415555402,Lucas Bennett,Customer Success,3,Delivered
SMS-500536,2026-07-09T13:17:59.000Z,Outbound,+1415555102,+13056695483,Liam Carter,Sales,3,Delivered
SMS-500537,2026-07-09T13:17:16.000Z,Inbound,+13128905723,+1415555104,Emma Rodriguez,Sales,3,Delivered
SMS-500538,2026-07-09T14:05:53.000Z,Outbound,+1415555403,+14045443298,Amelia Foster,Customer Success,2,Delivered
SMS-500539,2026-07-09T14:13:13.000Z,Outbound,+1415555103,+13059732042,Noah Patel,Sales,3,Delivered
SMS-500540,2026-07-09T13:54:11.000Z,Outbound,+1415555203,+13052936725,Sophia Nguyen,Customer Support,2,Delivered
SMS-500541,2026-07-09T13:21:47.000Z,Outbound,+1415555205,+14044800184,Isabella Kim,Customer Support,3,Delivered
SMS-500542,2026-07-09T12:25:48.000Z,Outbound,+1415555303,+14043167738,Benjamin Osei,Billing,1,Delivered
SMS-500543,2026-07-09T14:13:26.000Z,Outbound,+1415555401,+16177276442,Charlotte Reyes,Customer Success,3,Delivered
SMS-500544,2026-07-09T13:30:46.000Z,Inbound,+16178393837,+1415555203,Sophia Nguyen,Customer Support,3,Failed
SMS-500545,2026-07-09T12:19:30.000Z,Inbound,+12067248988,+1415555203,Sophia Nguyen,Customer Support,3,Delivered
SMS-500546,2026-07-09T13:00:37.000Z,Outbound,+1415555204,+14047134394,Mason Brooks,Customer Support,3,Delivered
SMS-500547,2026-07-09T13:44:39.000Z,Inbound,+14043868125,+1415555301,James Whitfield,Billing,2,Delivered
SMS-500548,2026-07-09T14:47:02.000Z,Inbound,+13128216884,+1415555204,Mason Brooks,Customer Support,2,Delivered
SMS-500549,2026-07-09T13:56:42.000Z,Outbound,+1415555301,+12065502680,James Whitfield,Billing,2,Delivered
SMS-500550,2026-07-09T13:44:51.000Z,Inbound,+14809889325,+1415555202,Ethan Walker,Customer Support,2,Delivered
SMS-500551,2026-07-09T13:04:19.000Z,Outbound,+1415555203,+12063567350,Sophia Nguyen,Customer Support,1,Delivered
SMS-500552,2026-07-09T14:22:25.000Z,Outbound,+1415555402,+12068068132,Lucas Bennett,Customer Success,2,Delivered
SMS-500553,2026-07-09T13:42:59.000Z,Outbound,+1415555402,+14156904467,Lucas Bennett,Customer Success,1,Pending
SMS-500554,2026-07-09T14:56:51.000Z,Outbound,+1415555103,+15124850412,Noah Patel,Sales,1,Delivered
SMS-500555,2026-07-09T14:13:31.000Z,Outbound,+1415555101,+16179914453,Ava Thompson,Sales,1,Delivered
SMS-500556,2026-07-09T14:25:46.000Z,Outbound,+1415555103,+17027440403,Noah Patel,Sales,2,Delivered
SMS-500557,2026-07-09T12:44:12.000Z,Inbound,+12069325870,+1415555301,James Whitfield,Billing,1,Delivered
SMS-500558,2026-07-09T12:01:27.000Z,Outbound,+1415555102,+14808242257,Liam Carter,Sales,3,Delivered
SMS-500559,2026-07-09T14:38:32.000Z,Inbound,+14802028240,+1415555303,Benjamin Osei,Billing,3,Delivered
SMS-500560,2026-07-09T13:05:44.000Z,Inbound,+16176437884,+1415555205,Isabella Kim,Customer Support,3,Delivered
SMS-500561,2026-07-09T12:40:28.000Z,Outbound,+1415555302,+15126604900,Mia Alvarez,Billing,1,Delivered
SMS-500562,2026-07-09T13:10:40.000Z,Outbound,+1415555502,+15125218192,Grace Lindqvist,IT Helpdesk,3,Pending
SMS-500563,2026-07-09T13:18:13.000Z,Outbound,+1415555201,+13056146462,Olivia Chen,Customer Support,2,Delivered
SMS-500564,2026-07-09T13:20:45.000Z,Outbound,+1415555103,+13128642882,Noah Patel,Sales,3,Delivered
SMS-500565,2026-07-09T14:14:15.000Z,Inbound,+12124904764,+1415555502,Grace Lindqvist,IT Helpdesk,1,Delivered
SMS-500566,2026-07-09T14:00:17.000Z,Outbound,+1415555102,+17029884884,Liam Carter,Sales,3,Delivered
SMS-500567,2026-07-09T15:57:20.000Z,Inbound,+12067348398,+1415555102,Liam Carter,Sales,2,Delivered
SMS-500568,2026-07-09T14:38:01.000Z,Inbound,+17024496165,+1415555104,Emma Rodriguez,Sales,3,Delivered
SMS-500569,2026-07-09T12:18:18.000Z,Outbound,+1415555104,+15126387170,Emma Rodriguez,Sales,3,Delivered
SMS-500570,2026-07-09T12:27:17.000Z,Outbound,+1415555201,+15123207527,Olivia Chen,Customer Support,2,Delivered
SMS-500571,2026-07-09T14:47:28.000Z,Outbound,+1415555403,+15123995647,Amelia Foster,Customer Success,3,Delivered
SMS-500572,2026-07-09T14:17:11.000Z,Outbound,+1415555205,+13058499767,Isabella Kim,Customer Support,2,Delivered
SMS-500573,2026-07-09T12:23:03.000Z,Outbound,+1415555502,+17029356827,Grace Lindqvist,IT Helpdesk,3,Delivered
SMS-500574,2026-07-09T14:33:10.000Z,Inbound,+15124506550,+1415555401,Charlotte Reyes,Customer Success,3,Delivered
SMS-500575,2026-07-09T12:33:55.000Z,Outbound,+1415555402,+12064444626,Lucas Bennett,Customer Success,2,Delivered
SMS-500576,2026-07-09T13:48:19.000Z,Inbound,+16177296559,+1415555104,Emma Rodriguez,Sales,2,Delivered
SMS-500577,2026-07-09T13:12:30.000Z,Inbound,+14807559458,+1415555204,Mason Brooks,Customer Support,3,Delivered
SMS-500578,2026-07-09T14:23:33.000Z,Inbound,+13122970667,+1415555101,Ava Thompson,Sales,1,Delivered
SMS-500579,2026-07-09T13:42:44.000Z,Inbound,+12124225946,+1415555205,Isabella Kim,Customer Support,1,Failed
SMS-500580,2026-07-09T13:11:19.000Z,Inbound,+14806650307,+1415555205,Isabella Kim,Customer Support,1,Delivered
SMS-500581,2026-07-09T12:19:04.000Z,Outbound,+1415555502,+15122355901,Grace Lindqvist,IT Helpdesk,2,Delivered
SMS-500582,2026-07-09T13:33:26.000Z,Inbound,+12129397696,+1415555103,Noah Patel,Sales,3,Delivered
SMS-500583,2026-07-09T13:11:49.000Z,Inbound,+13122337526,+1415555104,Emma Rodriguez,Sales,3,Delivered
SMS-500584,2026-07-09T13:44:00.000Z,Outbound,+1415555301,+16178852198,James Whitfield,Billing,1,Delivered
SMS-500585,2026-07-09T13:14:27.000Z,Outbound,+1415555501,+17022135367,Henry Okafor,IT Helpdesk,2,Delivered
SMS-500586,2026-07-09T15:06:06.000Z,Outbound,+1415555205,+17026171844,Isabella Kim,Customer Support,2,Delivered
SMS-500587,2026-07-09T14:34:07.000Z,Inbound,+17022024223,+1415555103,Noah Patel,Sales,2,Delivered
SMS-500588,2026-07-09T15:34:48.000Z,Inbound,+14156567275,+1415555102,Liam Carter,Sales,3,Delivered
SMS-500589,2026-07-10T14:02:25.000Z,Inbound,+12063301786,+1415555501,Henry Okafor,IT Helpdesk,3,Delivered
SMS-500590,2026-07-10T13:03:02.000Z,Outbound,+1415555101,+14044399826,Ava Thompson,Sales,1,Delivered
SMS-500591,2026-07-10T12:14:22.000Z,Inbound,+15124783669,+1415555303,Benjamin Osei,Billing,3,Delivered
SMS-500592,2026-07-10T13:27:04.000Z,Outbound,+1415555302,+16175946898,Mia Alvarez,Billing,2,Delivered
SMS-500593,2026-07-10T14:12:56.000Z,Inbound,+15129742004,+1415555502,Grace Lindqvist,IT Helpdesk,3,Delivered
SMS-500594,2026-07-10T14:27:18.000Z,Inbound,+12128705549,+1415555205,Isabella Kim,Customer Support,2,Delivered
SMS-500595,2026-07-10T15:08:25.000Z,Outbound,+1415555302,+12128743460,Mia Alvarez,Billing,1,Delivered
SMS-500596,2026-07-10T13:34:58.000Z,Inbound,+12066816369,+1415555401,Charlotte Reyes,Customer Success,2,Delivered
SMS-500597,2026-07-10T13:33:45.000Z,Inbound,+12069493197,+1415555104,Emma Rodriguez,Sales,2,Delivered
SMS-500598,2026-07-10T12:59:16.000Z,Inbound,+15125784262,+1415555205,Isabella Kim,Customer Support,2,Delivered
SMS-500599,2026-07-10T13:52:50.000Z,Inbound,+13127850025,+1415555203,Sophia Nguyen,Customer Support,3,Delivered
SMS-500600,2026-07-10T13:29:54.000Z,Inbound,+13129294752,+1415555205,Isabella Kim,Customer Support,3,Delivered
SMS-500601,2026-07-10T12:08:39.000Z,Outbound,+1415555104,+14152088982,Emma Rodriguez,Sales,3,Delivered
SMS-500602,2026-07-10T14:30:47.000Z,Outbound,+1415555302,+16174921735,Mia Alvarez,Billing,3,Delivered
SMS-500603,2026-07-10T12:27:58.000Z,Inbound,+13126443730,+1415555102,Liam Carter,Sales,2,Delivered
SMS-500604,2026-07-10T14:50:13.000Z,Inbound,+17026715303,+1415555205,Isabella Kim,Customer Support,2,Delivered
SMS-500605,2026-07-10T14:07:46.000Z,Outbound,+1415555104,+15128541784,Emma Rodriguez,Sales,1,Delivered
SMS-500606,2026-07-10T13:32:41.000Z,Inbound,+15123439044,+1415555204,Mason Brooks,Customer Support,3,Delivered
SMS-500607,2026-07-10T12:59:32.000Z,Inbound,+12123456357,+1415555502,Grace Lindqvist,IT Helpdesk,3,Delivered
SMS-500608,2026-07-10T13:40:46.000Z,Outbound,+1415555303,+14152311324,Benjamin Osei,Billing,3,Delivered
SMS-500609,2026-07-10T13:38:23.000Z,Inbound,+15126355921,+1415555401,Charlotte Reyes,Customer Success,1,Delivered
SMS-500610,2026-07-10T14:01:52.000Z,Inbound,+13054743864,+1415555501,Henry Okafor,IT Helpdesk,3,Delivered
SMS-500611,2026-07-10T13:15:59.000Z,Inbound,+13055673767,+1415555402,Lucas Bennett,Customer Success,2,Delivered
SMS-500612,2026-07-10T15:42:13.000Z,Outbound,+1415555103,+14155834710,Noah Patel,Sales,2,Failed
SMS-500613,2026-07-10T12:21:42.000Z,Outbound,+1415555501,+13127809858,Henry Okafor,IT Helpdesk,1,Delivered
SMS-500614,2026-07-10T14:32:52.000Z,Outbound,+1415555502,+12123374671,Grace Lindqvist,IT Helpdesk,3,Delivered
SMS-500615,2026-07-10T13:08:35.000Z,Outbound,+1415555502,+17022105726,Grace Lindqvist,IT Helpdesk,3,Delivered
SMS-500616,2026-07-10T12:15:50.000Z,Inbound,+12122587170,+1415555203,Sophia Nguyen,Customer Support,3,Delivered
SMS-500617,2026-07-10T14:15:18.000Z,Inbound,+13123688433,+1415555103,Noah Patel,Sales,1,Delivered
SMS-500618,2026-07-10T13:23:09.000Z,Inbound,+12062651493,+1415555402,Lucas Bennett,Customer Success,1,Delivered
SMS-500619,2026-07-10T12:29:21.000Z,Outbound,+1415555501,+14044674278,Henry Okafor,IT Helpdesk,2,Delivered
SMS-500620,2026-07-10T14:27:14.000Z,Inbound,+12126649306,+1415555205,Isabella Kim,Customer Support,1,Delivered
SMS-500621,2026-07-10T12:55:33.000Z,Outbound,+1415555502,+12065255161,Grace Lindqvist,IT Helpdesk,2,Delivered
SMS-500622,2026-07-10T14:30:32.000Z,Inbound,+17029438267,+1415555202,Ethan Walker,Customer Support,3,Delivered
SMS-500623,2026-07-10T12:06:51.000Z,Inbound,+14807384680,+1415555102,Liam Carter,Sales,1,Delivered
SMS-500624,2026-07-10T12:00:58.000Z,Inbound,+13125022284,+1415555102,Liam Carter,Sales,3,Delivered
SMS-500625,2026-07-10T12:33:02.000Z,Inbound,+16179077864,+1415555502,Grace Lindqvist,IT Helpdesk,2,Delivered
SMS-500626,2026-07-10T11:41:20.000Z,Outbound,+1415555502,+16173620918,Grace Lindqvist,IT Helpdesk,1,Failed
SMS-500627,2026-07-10T14:20:56.000Z,Inbound,+12066666281,+1415555103,Noah Patel,Sales,1,Delivered
SMS-500628,2026-07-10T13:12:44.000Z,Inbound,+17028337682,+1415555101,Ava Thompson,Sales,1,Delivered
SMS-500629,2026-07-10T12:09:55.000Z,Inbound,+13123169016,+1415555403,Amelia Foster,Customer Success,3,Delivered
SMS-500630,2026-07-10T13:19:14.000Z,Inbound,+13056942997,+1415555204,Mason Brooks,Customer Support,3,Delivered
SMS-500631,2026-07-10T14:16:51.000Z,Inbound,+12063691598,+1415555402,Lucas Bennett,Customer Success,2,Delivered
SMS-500632,2026-07-10T13:00:49.000Z,Outbound,+1415555101,+14044064454,Ava Thompson,Sales,1,Delivered
SMS-500633,2026-07-10T12:07:48.000Z,Outbound,+1415555401,+12126889892,Charlotte Reyes,Customer Success,1,Delivered
SMS-500634,2026-07-10T14:47:09.000Z,Outbound,+1415555502,+12062072994,Grace Lindqvist,IT Helpdesk,2,Delivered
SMS-500635,2026-07-10T13:34:08.000Z,Inbound,+15123032538,+1415555201,Olivia Chen,Customer Support,2,Delivered
SMS-500636,2026-07-10T12:39:56.000Z,Inbound,+14045189867,+1415555301,James Whitfield,Billing,3,Delivered
SMS-500637,2026-07-10T13:08:54.000Z,Outbound,+1415555501,+14804423487,Henry Okafor,IT Helpdesk,1,Delivered
SMS-500638,2026-07-10T14:46:20.000Z,Outbound,+1415555104,+13125610457,Emma Rodriguez,Sales,1,Delivered
SMS-500639,2026-07-10T12:54:58.000Z,Outbound,+1415555101,+16176456241,Ava Thompson,Sales,3,Delivered
SMS-500640,2026-07-10T14:47:57.000Z,Inbound,+13127629488,+1415555103,Noah Patel,Sales,2,Delivered
SMS-500641,2026-07-10T12:15:21.000Z,Inbound,+14803607095,+1415555401,Charlotte Reyes,Customer Success,2,Delivered
SMS-500642,2026-07-10T12:43:53.000Z,Outbound,+1415555104,+13055041839,Emma Rodriguez,Sales,1,Delivered
SMS-500643,2026-07-10T12:12:10.000Z,Inbound,+14043474414,+1415555203,Sophia Nguyen,Customer Support,3,Failed
SMS-500644,2026-07-10T13:46:19.000Z,Inbound,+17028961667,+1415555302,Mia Alvarez,Billing,3,Delivered
SMS-500645,2026-07-10T14:09:21.000Z,Inbound,+17023827067,+1415555502,Grace Lindqvist,IT Helpdesk,3,Delivered
SMS-500646,2026-07-10T12:49:07.000Z,Outbound,+1415555301,+13124797465,James Whitfield,Billing,3,Delivered
SMS-500647,2026-07-10T12:24:18.000Z,Inbound,+14042663998,+1415555403,Amelia Foster,Customer Success,1,Delivered
SMS-500648,2026-07-10T13:26:25.000Z,Inbound,+15125625203,+1415555302,Mia Alvarez,Billing,2,Delivered
SMS-500649,2026-07-10T13:41:55.000Z,Outbound,+1415555201,+13055609296,Olivia Chen,Customer Support,1,Delivered
SMS-500650,2026-07-10T14:23:14.000Z,Outbound,+1415555101,+13056628081,Ava Thompson,Sales,2,Delivered
SMS-500651,2026-07-10T12:01:04.000Z,Inbound,+12068944353,+1415555401,Charlotte Reyes,Customer Success,3,Delivered
SMS-500652,2026-07-10T14:18:56.000Z,Inbound,+14809180414,+1415555205,Isabella Kim,Customer Support,2,Delivered
SMS-500653,2026-07-10T13:43:59.000Z,Outbound,+1415555104,+14159242353,Emma Rodriguez,Sales,2,Delivered
SMS-500654,2026-07-10T13:51:37.000Z,Outbound,+1415555204,+14043951226,Mason Brooks,Customer Support,1,Delivered
SMS-500655,2026-07-10T13:46:47.000Z,Inbound,+12126772457,+1415555502,Grace Lindqvist,IT Helpdesk,1,Delivered
SMS-500656,2026-07-11T13:54:27.000Z,Inbound,+14809071837,+1415555402,Lucas Bennett,Customer Success,2,Delivered
SMS-500657,2026-07-11T13:55:18.000Z,Inbound,+12126705984,+1415555201,Olivia Chen,Customer Support,3,Delivered
SMS-500658,2026-07-11T12:32:17.000Z,Inbound,+14808444221,+1415555201,Olivia Chen,Customer Support,3,Pending
SMS-500659,2026-07-11T14:53:11.000Z,Inbound,+14158171886,+1415555201,Olivia Chen,Customer Support,2,Delivered
SMS-500660,2026-07-11T12:29:22.000Z,Outbound,+1415555101,+13122333059,Ava Thompson,Sales,3,Failed
SMS-500661,2026-07-11T12:40:25.000Z,Outbound,+1415555401,+16173343330,Charlotte Reyes,Customer Success,2,Delivered
SMS-500662,2026-07-11T15:08:20.000Z,Inbound,+12068787998,+1415555303,Benjamin Osei,Billing,1,Failed
SMS-500663,2026-07-11T12:36:55.000Z,Inbound,+12128746423,+1415555401,Charlotte Reyes,Customer Success,3,Failed
SMS-500664,2026-07-11T13:00:41.000Z,Outbound,+1415555301,+14802668741,James Whitfield,Billing,3,Delivered
SMS-500665,2026-07-11T13:48:36.000Z,Inbound,+14803687791,+1415555203,Sophia Nguyen,Customer Support,1,Delivered
SMS-500666,2026-07-11T14:40:51.000Z,Inbound,+12127827824,+1415555303,Benjamin Osei,Billing,3,Delivered
SMS-500667,2026-07-11T13:01:48.000Z,Inbound,+12127469504,+1415555102,Liam Carter,Sales,1,Delivered
SMS-500668,2026-07-11T13:00:19.000Z,Inbound,+13126678297,+1415555303,Benjamin Osei,Billing,3,Delivered
SMS-500669,2026-07-11T13:17:57.000Z,Inbound,+14802361877,+1415555203,Sophia Nguyen,Customer Support,3,Delivered
SMS-500670,2026-07-11T13:16:18.000Z,Inbound,+14044130716,+1415555205,Isabella Kim,Customer Support,2,Delivered
SMS-500671,2026-07-11T13:02:54.000Z,Outbound,+1415555502,+17027334294,Grace Lindqvist,IT Helpdesk,1,Delivered
SMS-500672,2026-07-11T12:47:44.000Z,Inbound,+17024896055,+1415555203,Sophia Nguyen,Customer Support,2,Delivered
SMS-500673,2026-07-11T14:09:29.000Z,Inbound,+16176649241,+1415555103,Noah Patel,Sales,2,Failed
SMS-500674,2026-07-11T14:22:09.000Z,Outbound,+1415555403,+14049816731,Amelia Foster,Customer Success,3,Delivered
SMS-500675,2026-07-12T13:26:05.000Z,Outbound,+1415555302,+17026965630,Mia Alvarez,Billing,3,Delivered
SMS-500676,2026-07-12T13:10:42.000Z,Inbound,+12069731828,+1415555101,Ava Thompson,Sales,3,Delivered
SMS-500677,2026-07-12T14:21:51.000Z,Inbound,+14154202749,+1415555302,Mia Alvarez,Billing,2,Delivered
SMS-500678,2026-07-12T12:51:00.000Z,Outbound,+1415555403,+14152761906,Amelia Foster,Customer Success,2,Delivered
SMS-500679,2026-07-12T13:47:21.000Z,Inbound,+17023044797,+1415555403,Amelia Foster,Customer Success,2,Delivered
SMS-500680,2026-07-12T14:49:00.000Z,Inbound,+15127617341,+1415555303,Benjamin Osei,Billing,3,Delivered
SMS-500681,2026-07-12T12:36:52.000Z,Inbound,+12126725947,+1415555403,Amelia Foster,Customer Success,1,Delivered
SMS-500682,2026-07-12T14:49:39.000Z,Outbound,+1415555102,+12123639545,Liam Carter,Sales,1,Delivered
SMS-500683,2026-07-12T12:30:28.000Z,Outbound,+1415555402,+14802177130,Lucas Bennett,Customer Success,2,Delivered
SMS-500684,2026-07-12T12:36:36.000Z,Inbound,+12125987644,+1415555101,Ava Thompson,Sales,1,Delivered
SMS-500685,2026-07-12T13:04:07.000Z,Inbound,+13125591284,+1415555403,Amelia Foster,Customer Success,2,Delivered
SMS-500686,2026-07-12T13:24:12.000Z,Outbound,+1415555401,+14807210865,Charlotte Reyes,Customer Success,1,Delivered
SMS-500687,2026-07-12T12:29:05.000Z,Outbound,+1415555103,+16172194492,Noah Patel,Sales,3,Delivered
SMS-500688,2026-07-12T14:16:32.000Z,Inbound,+14802118672,+1415555403,Amelia Foster,Customer Success,3,Delivered
SMS-500689,2026-07-12T13:47:41.000Z,Inbound,+12062189077,+1415555205,Isabella Kim,Customer Support,2,Delivered
SMS-500690,2026-07-13T14:15:08.000Z,Outbound,+1415555502,+17028206281,Grace Lindqvist,IT Helpdesk,2,Delivered
SMS-500691,2026-07-13T14:08:15.000Z,Outbound,+1415555301,+14048887770,James Whitfield,Billing,2,Delivered
SMS-500692,2026-07-13T14:40:25.000Z,Outbound,+1415555201,+14043759143,Olivia Chen,Customer Support,3,Delivered
SMS-500693,2026-07-13T13:30:52.000Z,Outbound,+1415555401,+13127010475,Charlotte Reyes,Customer Success,2,Delivered
SMS-500694,2026-07-13T13:22:23.000Z,Outbound,+1415555203,+14156049325,Sophia Nguyen,Customer Support,1,Delivered
SMS-500695,2026-07-13T15:30:08.000Z,Inbound,+13056880967,+1415555303,Benjamin Osei,Billing,2,Delivered
SMS-500696,2026-07-13T12:36:37.000Z,Inbound,+13057733181,+1415555103,Noah Patel,Sales,2,Delivered
SMS-500697,2026-07-13T15:36:44.000Z,Inbound,+14045340727,+1415555403,Amelia Foster,Customer Success,3,Delivered
SMS-500698,2026-07-13T13:46:16.000Z,Outbound,+1415555203,+14153883382,Sophia Nguyen,Customer Support,1,Delivered
SMS-500699,2026-07-13T13:36:50.000Z,Inbound,+12126632522,+1415555301,James Whitfield,Billing,1,Delivered
SMS-500700,2026-07-13T14:52:28.000Z,Inbound,+12125121866,+1415555501,Henry Okafor,IT Helpdesk,1,Delivered
SMS-500701,2026-07-13T13:54:55.000Z,Inbound,+14152169153,+1415555403,Amelia Foster,Customer Success,3,Delivered
SMS-500702,2026-07-13T14:33:49.000Z,Inbound,+17027255688,+1415555104,Emma Rodriguez,Sales,2,Delivered
SMS-500703,2026-07-13T13:08:26.000Z,Inbound,+14152196777,+1415555101,Ava Thompson,Sales,1,Delivered
SMS-500704,2026-07-13T13:40:01.000Z,Outbound,+1415555501,+13057202389,Henry Okafor,IT Helpdesk,2,Delivered
SMS-500705,2026-07-13T13:54:33.000Z,Inbound,+14049758790,+1415555201,Olivia Chen,Customer Support,1,Delivered
SMS-500706,2026-07-13T13:23:03.000Z,Inbound,+12124799568,+1415555101,Ava Thompson,Sales,1,Delivered
SMS-500707,2026-07-13T12:16:17.000Z,Outbound,+1415555502,+14048935811,Grace Lindqvist,IT Helpdesk,1,Delivered
SMS-500708,2026-07-13T12:49:51.000Z,Outbound,+1415555501,+14048159385,Henry Okafor,IT Helpdesk,2,Delivered
SMS-500709,2026-07-13T13:35:29.000Z,Outbound,+1415555205,+14044554901,Isabella Kim,Customer Support,3,Delivered
SMS-500710,2026-07-13T14:20:34.000Z,Outbound,+1415555302,+13122371690,Mia Alvarez,Billing,3,Delivered
SMS-500711,2026-07-13T13:22:55.000Z,Inbound,+14043643303,+1415555402,Lucas Bennett,Customer Success,2,Delivered
SMS-500712,2026-07-13T14:31:15.000Z,Outbound,+1415555204,+14808858066,Mason Brooks,Customer Support,1,Delivered
SMS-500713,2026-07-13T13:17:49.000Z,Inbound,+16172451484,+1415555103,Noah Patel,Sales,2,Delivered
SMS-500714,2026-07-13T13:05:52.000Z,Inbound,+14159143276,+1415555302,Mia Alvarez,Billing,1,Delivered
SMS-500715,2026-07-13T13:01:47.000Z,Inbound,+12064491470,+1415555104,Emma Rodriguez,Sales,2,Failed
SMS-500716,2026-07-13T12:03:51.000Z,Inbound,+16179683865,+1415555301,James Whitfield,Billing,2,Delivered
SMS-500717,2026-07-13T13:04:44.000Z,Inbound,+14156387879,+1415555201,Olivia Chen,Customer Support,1,Delivered
SMS-500718,2026-07-13T13:02:44.000Z,Outbound,+1415555102,+15127891048,Liam Carter,Sales,3,Delivered
SMS-500719,2026-07-13T12:40:51.000Z,Inbound,+14152603830,+1415555101,Ava Thompson,Sales,3,Delivered
SMS-500720,2026-07-13T13:55:27.000Z,Inbound,+15127865992,+1415555205,Isabella Kim,Customer Support,1,Delivered
SMS-500721,2026-07-13T14:32:49.000Z,Outbound,+1415555102,+17023406759,Liam Carter,Sales,3,Delivered
SMS-500722,2026-07-13T13:20:18.000Z,Outbound,+1415555403,+12127252265,Amelia Foster,Customer Success,3,Delivered
SMS-500723,2026-07-13T12:42:29.000Z,Inbound,+12063178381,+1415555402,Lucas Bennett,Customer Success,1,Delivered
SMS-500724,2026-07-13T12:28:47.000Z,Inbound,+14046535379,+1415555402,Lucas Bennett,Customer Success,3,Failed
SMS-500725,2026-07-13T14:35:44.000Z,Inbound,+13057956887,+1415555204,Mason Brooks,Customer Support,3,Delivered
SMS-500726,2026-07-13T13:11:05.000Z,Inbound,+12127758102,+1415555203,Sophia Nguyen,Customer Support,1,Delivered
SMS-500727,2026-07-13T13:40:36.000Z,Inbound,+16177341541,+1415555103,Noah Patel,Sales,2,Delivered
SMS-500728,2026-07-13T14:28:49.000Z,Outbound,+1415555205,+14805445538,Isabella Kim,Customer Support,3,Delivered
SMS-500729,2026-07-13T12:07:59.000Z,Inbound,+13053856909,+1415555502,Grace Lindqvist,IT Helpdesk,1,Delivered
SMS-500730,2026-07-13T14:02:36.000Z,Outbound,+1415555104,+14045759241,Emma Rodriguez,Sales,1,Delivered
SMS-500731,2026-07-13T13:43:27.000Z,Outbound,+1415555204,+14045682918,Mason Brooks,Customer Support,3,Delivered
SMS-500732,2026-07-13T13:28:31.000Z,Inbound,+14157262409,+1415555401,Charlotte Reyes,Customer Success,3,Delivered
SMS-500733,2026-07-13T14:07:51.000Z,Outbound,+1415555204,+14048322302,Mason Brooks,Customer Support,1,Delivered
SMS-500734,2026-07-13T13:40:37.000Z,Outbound,+1415555501,+14154723700,Henry Okafor,IT Helpdesk,1,Delivered
SMS-500735,2026-07-13T13:14:53.000Z,Outbound,+1415555104,+12064729350,Emma Rodriguez,Sales,3,Delivered
SMS-500736,2026-07-13T13:39:42.000Z,Inbound,+13057460425,+1415555103,Noah Patel,Sales,1,Delivered
SMS-500737,2026-07-13T13:43:25.000Z,Outbound,+1415555502,+12067985808,Grace Lindqvist,IT Helpdesk,2,Delivered
SMS-500738,2026-07-13T12:23:12.000Z,Outbound,+1415555101,+12129482234,Ava Thompson,Sales,1,Delivered
SMS-500739,2026-07-13T12:39:23.000Z,Outbound,+1415555501,+17024111933,Henry Okafor,IT Helpdesk,1,Delivered
SMS-500740,2026-07-14T13:23:05.000Z,Outbound,+1415555103,+16175194991,Noah Patel,Sales,3,Delivered
SMS-500741,2026-07-14T13:19:43.000Z,Inbound,+17024709757,+1415555203,Sophia Nguyen,Customer Support,1,Delivered
SMS-500742,2026-07-14T14:18:55.000Z,Inbound,+14154421337,+1415555403,Amelia Foster,Customer Success,2,Delivered
SMS-500743,2026-07-14T13:30:51.000Z,Inbound,+14807277503,+1415555204,Mason Brooks,Customer Support,2,Delivered
SMS-500744,2026-07-14T12:17:09.000Z,Inbound,+14043113351,+1415555302,Mia Alvarez,Billing,1,Delivered
SMS-500745,2026-07-14T14:27:59.000Z,Inbound,+13052573968,+1415555301,James Whitfield,Billing,3,Delivered
SMS-500746,2026-07-14T14:40:01.000Z,Inbound,+13123166765,+1415555201,Olivia Chen,Customer Support,3,Delivered
SMS-500747,2026-07-14T12:31:23.000Z,Inbound,+13127288078,+1415555101,Ava Thompson,Sales,2,Delivered
SMS-500748,2026-07-14T12:45:44.000Z,Inbound,+15122844443,+1415555104,Emma Rodriguez,Sales,1,Delivered
SMS-500749,2026-07-14T12:10:00.000Z,Inbound,+14047690898,+1415555501,Henry Okafor,IT Helpdesk,1,Delivered
SMS-500750,2026-07-14T13:35:53.000Z,Inbound,+14044290900,+1415555301,James Whitfield,Billing,1,Delivered
SMS-500751,2026-07-14T13:23:01.000Z,Inbound,+13052295534,+1415555201,Olivia Chen,Customer Support,2,Delivered
SMS-500752,2026-07-14T13:00:40.000Z,Inbound,+14156071521,+1415555502,Grace Lindqvist,IT Helpdesk,3,Delivered
SMS-500753,2026-07-14T13:43:51.000Z,Outbound,+1415555201,+16173769627,Olivia Chen,Customer Support,1,Delivered
SMS-500754,2026-07-14T12:40:40.000Z,Inbound,+14805190410,+1415555104,Emma Rodriguez,Sales,2,Delivered
SMS-500755,2026-07-14T12:08:20.000Z,Inbound,+14802826651,+1415555302,Mia Alvarez,Billing,3,Delivered
SMS-500756,2026-07-14T13:58:36.000Z,Outbound,+1415555303,+16176948347,Benjamin Osei,Billing,3,Delivered
SMS-500757,2026-07-14T13:40:35.000Z,Inbound,+14045980738,+1415555502,Grace Lindqvist,IT Helpdesk,2,Delivered
SMS-500758,2026-07-14T12:17:36.000Z,Inbound,+16172974560,+1415555104,Emma Rodriguez,Sales,2,Delivered
SMS-500759,2026-07-14T14:10:45.000Z,Outbound,+1415555201,+15129603942,Olivia Chen,Customer Support,2,Delivered
SMS-500760,2026-07-14T13:53:20.000Z,Inbound,+12123700458,+1415555303,Benjamin Osei,Billing,1,Delivered
SMS-500761,2026-07-14T11:54:02.000Z,Inbound,+16178540077,+1415555501,Henry Okafor,IT Helpdesk,2,Failed
SMS-500762,2026-07-14T13:47:48.000Z,Inbound,+14154740054,+1415555104,Emma Rodriguez,Sales,1,Delivered
SMS-500763,2026-07-14T11:49:54.000Z,Inbound,+14158395883,+1415555102,Liam Carter,Sales,3,Delivered
SMS-500764,2026-07-14T13:55:37.000Z,Outbound,+1415555303,+12068893993,Benjamin Osei,Billing,1,Delivered
SMS-500765,2026-07-14T12:28:17.000Z,Inbound,+14153123070,+1415555101,Ava Thompson,Sales,2,Delivered
SMS-500766,2026-07-14T14:19:21.000Z,Outbound,+1415555102,+14808939235,Liam Carter,Sales,1,Delivered
SMS-500767,2026-07-14T14:13:23.000Z,Outbound,+1415555402,+12124880007,Lucas Bennett,Customer Success,3,Delivered
SMS-500768,2026-07-14T13:15:35.000Z,Outbound,+1415555302,+12065672802,Mia Alvarez,Billing,3,Delivered
SMS-500769,2026-07-14T14:56:21.000Z,Inbound,+14046109683,+1415555202,Ethan Walker,Customer Support,3,Delivered
SMS-500770,2026-07-14T14:56:18.000Z,Inbound,+14046364970,+1415555202,Ethan Walker,Customer Support,1,Delivered
SMS-500771,2026-07-14T14:20:11.000Z,Outbound,+1415555102,+14049469298,Liam Carter,Sales,2,Delivered
SMS-500772,2026-07-14T13:54:00.000Z,Outbound,+1415555104,+16175308954,Emma Rodriguez,Sales,1,Delivered
SMS-500773,2026-07-14T14:17:44.000Z,Outbound,+1415555201,+12123466081,Olivia Chen,Customer Support,3,Delivered
SMS-500774,2026-07-14T14:00:59.000Z,Inbound,+12128501103,+1415555303,Benjamin Osei,Billing,1,Delivered
SMS-500775,2026-07-14T13:09:38.000Z,Inbound,+14808199140,+1415555303,Benjamin Osei,Billing,3,Delivered
SMS-500776,2026-07-14T13:56:49.000Z,Inbound,+14806964959,+1415555202,Ethan Walker,Customer Support,2,Delivered
SMS-500777,2026-07-14T12:58:52.000Z,Outbound,+1415555303,+13057371477,Benjamin Osei,Billing,2,Delivered
SMS-500778,2026-07-14T12:00:20.000Z,Outbound,+1415555101,+12128661051,Ava Thompson,Sales,3,Pending
SMS-500779,2026-07-14T12:17:01.000Z,Inbound,+15123273396,+1415555401,Charlotte Reyes,Customer Success,3,Delivered
SMS-500780,2026-07-14T13:33:23.000Z,Inbound,+16175447519,+1415555204,Mason Brooks,Customer Support,3,Pending
SMS-500781,2026-07-14T13:20:11.000Z,Outbound,+1415555203,+12128571849,Sophia Nguyen,Customer Support,1,Delivered
SMS-500782,2026-07-14T12:14:14.000Z,Inbound,+14804407297,+1415555303,Benjamin Osei,Billing,2,Delivered
SMS-500783,2026-07-14T13:59:30.000Z,Inbound,+13058977820,+1415555502,Grace Lindqvist,IT Helpdesk,3,Delivered
SMS-500784,2026-07-14T13:44:17.000Z,Inbound,+13054513006,+1415555402,Lucas Bennett,Customer Success,3,Delivered
SMS-500785,2026-07-14T13:17:39.000Z,Inbound,+12126187592,+1415555301,James Whitfield,Billing,3,Delivered
SMS-500786,2026-07-14T13:09:23.000Z,Outbound,+1415555501,+12068792553,Henry Okafor,IT Helpdesk,2,Delivered
SMS-500787,2026-07-14T12:37:45.000Z,Outbound,+1415555403,+15127943155,Amelia Foster,Customer Success,1,Delivered
SMS-500788,2026-07-14T14:58:46.000Z,Inbound,+17025739635,+1415555502,Grace Lindqvist,IT Helpdesk,1,Delivered
SMS-500789,2026-07-14T13:10:57.000Z,Outbound,+1415555201,+17028171426,Olivia Chen,Customer Support,3,Delivered
SMS-500790,2026-07-14T12:55:53.000Z,Outbound,+1415555101,+13056436304,Ava Thompson,Sales,3,Delivered
SMS-500791,2026-07-14T13:14:27.000Z,Inbound,+12124040284,+1415555303,Benjamin Osei,Billing,1,Delivered
SMS-500792,2026-07-14T12:43:28.000Z,Outbound,+1415555201,+15127253863,Olivia Chen,Customer Support,3,Delivered
SMS-500793,2026-07-14T13:14:47.000Z,Inbound,+17029411244,+1415555204,Mason Brooks,Customer Support,3,Delivered
SMS-500794,2026-07-14T11:17:16.000Z,Inbound,+16173688687,+1415555201,Olivia Chen,Customer Support,2,Delivered
SMS-500795,2026-07-14T13:40:03.000Z,Inbound,+12065122179,+1415555301,James Whitfield,Billing,3,Delivered
SMS-500796,2026-07-14T12:44:16.000Z,Inbound,+13058677973,+1415555104,Emma Rodriguez,Sales,3,Delivered
SMS-500797,2026-07-14T13:02:20.000Z,Inbound,+13125346647,+1415555103,Noah Patel,Sales,3,Delivered
SMS-500798,2026-07-14T13:11:05.000Z,Inbound,+14156943497,+1415555104,Emma Rodriguez,Sales,1,Failed
SMS-500799,2026-07-14T12:37:56.000Z,Inbound,+14802043410,+1415555201,Olivia Chen,Customer Support,1,Delivered
SMS-500800,2026-07-14T13:12:52.000Z,Inbound,+17027326704,+1415555102,Liam Carter,Sales,2,Delivered
SMS-500801,2026-07-14T13:30:49.000Z,Inbound,+13058314829,+1415555205,Isabella Kim,Customer Support,2,Delivered
SMS-500802,2026-07-14T13:46:14.000Z,Outbound,+1415555402,+14808343279,Lucas Bennett,Customer Success,2,Delivered
SMS-500803,2026-07-14T12:15:20.000Z,Inbound,+14155879806,+1415555501,Henry Okafor,IT Helpdesk,1,Delivered
SMS-500804,2026-07-14T13:44:42.000Z,Outbound,+1415555302,+13122813102,Mia Alvarez,Billing,3,Delivered
SMS-500805,2026-07-14T12:43:31.000Z,Inbound,+12123759604,+1415555401,Charlotte Reyes,Customer Success,2,Delivered
SMS-500806,2026-07-14T14:15:22.000Z,Outbound,+1415555401,+15122854041,Charlotte Reyes,Customer Success,1,Delivered
SMS-500807,2026-07-14T14:18:17.000Z,Inbound,+12062253512,+1415555204,Mason Brooks,Customer Support,3,Delivered
SMS-500808,2026-07-14T13:07:17.000Z,Outbound,+1415555403,+12063941796,Amelia Foster,Customer Success,3,Delivered
SMS-500809,2026-07-14T12:58:26.000Z,Inbound,+12069231449,+1415555301,James Whitfield,Billing,3,Delivered
SMS-500810,2026-07-15T14:29:05.000Z,Inbound,+14048867654,+1415555204,Mason Brooks,Customer Support,1,Delivered
SMS-500811,2026-07-15T13:39:34.000Z,Outbound,+1415555103,+13128724943,Noah Patel,Sales,2,Delivered
SMS-500812,2026-07-15T14:57:28.000Z,Outbound,+1415555502,+14046361850,Grace Lindqvist,IT Helpdesk,1,Delivered
SMS-500813,2026-07-15T11:56:02.000Z,Inbound,+14803846008,+1415555104,Emma Rodriguez,Sales,1,Delivered
SMS-500814,2026-07-15T13:29:02.000Z,Inbound,+13053922601,+1415555301,James Whitfield,Billing,3,Failed
SMS-500815,2026-07-15T14:35:30.000Z,Inbound,+14807347548,+1415555403,Amelia Foster,Customer Success,2,Delivered
SMS-500816,2026-07-15T13:41:02.000Z,Outbound,+1415555103,+17023792689,Noah Patel,Sales,2,Delivered
SMS-500817,2026-07-15T14:26:08.000Z,Inbound,+15129662836,+1415555205,Isabella Kim,Customer Support,2,Delivered
SMS-500818,2026-07-15T13:25:58.000Z,Inbound,+13128979330,+1415555401,Charlotte Reyes,Customer Success,1,Delivered
SMS-500819,2026-07-15T13:34:42.000Z,Outbound,+1415555303,+13053649003,Benjamin Osei,Billing,3,Delivered
SMS-500820,2026-07-15T13:40:26.000Z,Inbound,+16175395310,+1415555104,Emma Rodriguez,Sales,3,Delivered
SMS-500821,2026-07-15T13:31:03.000Z,Inbound,+12127717938,+1415555103,Noah Patel,Sales,3,Delivered
SMS-500822,2026-07-15T13:38:11.000Z,Outbound,+1415555101,+13056363061,Ava Thompson,Sales,3,Delivered
SMS-500823,2026-07-15T12:35:20.000Z,Outbound,+1415555204,+17023680750,Mason Brooks,Customer Support,2,Delivered
SMS-500824,2026-07-15T14:07:53.000Z,Inbound,+13053564963,+1415555402,Lucas Bennett,Customer Success,2,Failed
SMS-500825,2026-07-15T13:03:58.000Z,Inbound,+14804167353,+1415555205,Isabella Kim,Customer Support,3,Failed
SMS-500826,2026-07-15T13:33:31.000Z,Outbound,+1415555102,+13056732681,Liam Carter,Sales,3,Delivered
SMS-500827,2026-07-15T13:50:19.000Z,Outbound,+1415555402,+12126471865,Lucas Bennett,Customer Success,3,Delivered
SMS-500828,2026-07-15T13:17:09.000Z,Inbound,+13125504472,+1415555102,Liam Carter,Sales,2,Delivered
SMS-500829,2026-07-15T13:06:41.000Z,Outbound,+1415555202,+14046673735,Ethan Walker,Customer Support,3,Delivered
SMS-500830,2026-07-15T12:32:13.000Z,Outbound,+1415555103,+14807778745,Noah Patel,Sales,3,Delivered
SMS-500831,2026-07-15T13:23:26.000Z,Inbound,+17028886342,+1415555101,Ava Thompson,Sales,3,Delivered
SMS-500832,2026-07-15T13:53:12.000Z,Inbound,+14044793520,+1415555403,Amelia Foster,Customer Success,1,Delivered
SMS-500833,2026-07-15T12:08:21.000Z,Outbound,+1415555205,+14042144070,Isabella Kim,Customer Support,1,Delivered
SMS-500834,2026-07-15T13:56:44.000Z,Inbound,+15123781319,+1415555202,Ethan Walker,Customer Support,3,Delivered
SMS-500835,2026-07-15T13:53:37.000Z,Inbound,+13125303755,+1415555101,Ava Thompson,Sales,1,Delivered
SMS-500836,2026-07-15T14:01:26.000Z,Outbound,+1415555403,+14046310519,Amelia Foster,Customer Success,2,Delivered
SMS-500837,2026-07-15T13:32:18.000Z,Inbound,+13122398375,+1415555401,Charlotte Reyes,Customer Success,1,Delivered
SMS-500838,2026-07-15T12:02:40.000Z,Outbound,+1415555301,+14156982002,James Whitfield,Billing,2,Delivered
SMS-500839,2026-07-15T12:07:00.000Z,Inbound,+12125725534,+1415555203,Sophia Nguyen,Customer Support,3,Delivered
SMS-500840,2026-07-15T13:36:16.000Z,Inbound,+17027429101,+1415555502,Grace Lindqvist,IT Helpdesk,3,Delivered
SMS-500841,2026-07-15T12:20:43.000Z,Inbound,+12064611115,+1415555401,Charlotte Reyes,Customer Success,1,Delivered
SMS-500842,2026-07-15T13:20:37.000Z,Outbound,+1415555302,+13058882495,Mia Alvarez,Billing,2,Delivered
SMS-500843,2026-07-15T13:46:47.000Z,Inbound,+15122387445,+1415555302,Mia Alvarez,Billing,2,Delivered
SMS-500844,2026-07-15T13:28:36.000Z,Outbound,+1415555403,+14048857550,Amelia Foster,Customer Success,1,Delivered
SMS-500845,2026-07-15T12:31:40.000Z,Outbound,+1415555502,+12123671540,Grace Lindqvist,IT Helpdesk,1,Delivered
SMS-500846,2026-07-15T14:34:43.000Z,Inbound,+13129674851,+1415555401,Charlotte Reyes,Customer Success,1,Delivered
SMS-500847,2026-07-15T14:54:20.000Z,Outbound,+1415555103,+12065282187,Noah Patel,Sales,1,Delivered
SMS-500848,2026-07-15T13:21:22.000Z,Outbound,+1415555202,+12064642237,Ethan Walker,Customer Support,3,Delivered
SMS-500849,2026-07-15T12:01:56.000Z,Inbound,+16175268073,+1415555403,Amelia Foster,Customer Success,1,Delivered
SMS-500850,2026-07-15T14:15:57.000Z,Outbound,+1415555202,+12067340273,Ethan Walker,Customer Support,3,Delivered
SMS-500851,2026-07-15T12:22:36.000Z,Inbound,+14153366211,+1415555203,Sophia Nguyen,Customer Support,3,Delivered
SMS-500852,2026-07-15T12:17:00.000Z,Inbound,+14809477122,+1415555401,Charlotte Reyes,Customer Success,2,Delivered
SMS-500853,2026-07-15T14:03:15.000Z,Inbound,+12065088757,+1415555103,Noah Patel,Sales,3,Delivered
SMS-500854,2026-07-15T14:00:17.000Z,Outbound,+1415555401,+15122953139,Charlotte Reyes,Customer Success,1,Delivered
SMS-500855,2026-07-15T12:40:54.000Z,Outbound,+1415555103,+14048824124,Noah Patel,Sales,1,Delivered
SMS-500856,2026-07-15T13:19:01.000Z,Outbound,+1415555402,+15128985487,Lucas Bennett,Customer Success,2,Delivered
SMS-500857,2026-07-15T13:48:49.000Z,Outbound,+1415555401,+16178246293,Charlotte Reyes,Customer Success,3,Delivered
SMS-500858,2026-07-15T13:15:38.000Z,Inbound,+14044105678,+1415555201,Olivia Chen,Customer Support,3,Delivered
SMS-500859,2026-07-15T12:18:00.000Z,Inbound,+12125850151,+1415555204,Mason Brooks,Customer Support,2,Delivered
SMS-500860,2026-07-15T14:30:47.000Z,Inbound,+13128886319,+1415555301,James Whitfield,Billing,3,Delivered
SMS-500861,2026-07-15T12:04:40.000Z,Inbound,+17023419579,+1415555502,Grace Lindqvist,IT Helpdesk,1,Delivered
SMS-500862,2026-07-15T12:42:37.000Z,Inbound,+14043393118,+1415555303,Benjamin Osei,Billing,2,Delivered
SMS-500863,2026-07-15T14:22:40.000Z,Inbound,+12127568287,+1415555401,Charlotte Reyes,Customer Success,2,Delivered
SMS-500864,2026-07-15T12:36:40.000Z,Inbound,+13127352029,+1415555102,Liam Carter,Sales,2,Delivered
SMS-500865,2026-07-15T12:42:14.000Z,Outbound,+1415555203,+15122249680,Sophia Nguyen,Customer Support,2,Delivered
SMS-500866,2026-07-15T14:17:08.000Z,Inbound,+14155853448,+1415555401,Charlotte Reyes,Customer Success,3,Delivered
SMS-500867,2026-07-15T15:01:52.000Z,Inbound,+13058283221,+1415555302,Mia Alvarez,Billing,2,Delivered
SMS-500868,2026-07-15T12:07:01.000Z,Outbound,+1415555102,+15129173563,Liam Carter,Sales,3,Delivered
SMS-500869,2026-07-15T15:03:21.000Z,Outbound,+1415555103,+14157468995,Noah Patel,Sales,2,Delivered
SMS-500870,2026-07-15T14:40:53.000Z,Outbound,+1415555401,+14155084828,Charlotte Reyes,Customer Success,3,Delivered
SMS-500871,2026-07-16T13:36:09.000Z,Outbound,+1415555104,+15127320947,Emma Rodriguez,Sales,3,Delivered
SMS-500872,2026-07-16T13:44:27.000Z,Inbound,+14155171062,+1415555402,Lucas Bennett,Customer Success,2,Delivered
SMS-500873,2026-07-16T12:54:34.000Z,Inbound,+14804734812,+1415555402,Lucas Bennett,Customer Success,2,Delivered
SMS-500874,2026-07-16T12:18:33.000Z,Outbound,+1415555103,+12127681707,Noah Patel,Sales,2,Delivered
SMS-500875,2026-07-16T13:38:13.000Z,Inbound,+14156867343,+1415555203,Sophia Nguyen,Customer Support,2,Delivered
SMS-500876,2026-07-16T14:01:23.000Z,Inbound,+15125712728,+1415555401,Charlotte Reyes,Customer Success,1,Delivered
SMS-500877,2026-07-16T14:01:11.000Z,Outbound,+1415555101,+13052947516,Ava Thompson,Sales,2,Delivered
SMS-500878,2026-07-16T12:11:42.000Z,Inbound,+13057736324,+1415555302,Mia Alvarez,Billing,2,Delivered
SMS-500879,2026-07-16T13:22:38.000Z,Inbound,+13125888353,+1415555203,Sophia Nguyen,Customer Support,1,Failed
SMS-500880,2026-07-16T11:27:36.000Z,Inbound,+14048418069,+1415555301,James Whitfield,Billing,2,Delivered
SMS-500881,2026-07-16T13:13:29.000Z,Outbound,+1415555402,+16179303338,Lucas Bennett,Customer Success,2,Delivered
SMS-500882,2026-07-16T15:51:18.000Z,Outbound,+1415555402,+13124768433,Lucas Bennett,Customer Success,1,Delivered
SMS-500883,2026-07-16T12:29:55.000Z,Inbound,+12066399747,+1415555301,James Whitfield,Billing,3,Delivered
SMS-500884,2026-07-16T13:11:29.000Z,Outbound,+1415555101,+12122851605,Ava Thompson,Sales,3,Failed
SMS-500885,2026-07-16T13:21:28.000Z,Outbound,+1415555202,+16175846352,Ethan Walker,Customer Support,1,Delivered
SMS-500886,2026-07-16T15:54:20.000Z,Inbound,+16177775000,+1415555302,Mia Alvarez,Billing,3,Delivered
SMS-500887,2026-07-16T13:18:26.000Z,Outbound,+1415555205,+12069475005,Isabella Kim,Customer Support,3,Delivered
SMS-500888,2026-07-16T11:56:25.000Z,Inbound,+13125808629,+1415555401,Charlotte Reyes,Customer Success,3,Delivered
SMS-500889,2026-07-16T13:34:50.000Z,Outbound,+1415555403,+16172348947,Amelia Foster,Customer Success,1,Delivered
SMS-500890,2026-07-16T13:12:12.000Z,Inbound,+12067562604,+1415555301,James Whitfield,Billing,1,Delivered
SMS-500891,2026-07-16T13:47:29.000Z,Inbound,+12069744658,+1415555102,Liam Carter,Sales,1,Delivered
SMS-500892,2026-07-16T12:16:18.000Z,Outbound,+1415555103,+13124970582,Noah Patel,Sales,1,Delivered
SMS-500893,2026-07-16T13:52:32.000Z,Inbound,+17022475998,+1415555502,Grace Lindqvist,IT Helpdesk,2,Delivered
SMS-500894,2026-07-16T11:27:57.000Z,Outbound,+1415555205,+14047476585,Isabella Kim,Customer Support,3,Delivered
SMS-500895,2026-07-16T13:22:42.000Z,Inbound,+17028971544,+1415555401,Charlotte Reyes,Customer Success,2,Delivered
SMS-500896,2026-07-16T12:23:51.000Z,Outbound,+1415555201,+16177757449,Olivia Chen,Customer Support,2,Delivered
SMS-500897,2026-07-16T12:01:29.000Z,Outbound,+1415555201,+12065891748,Olivia Chen,Customer Support,3,Delivered
SMS-500898,2026-07-16T12:11:48.000Z,Inbound,+13129734361,+1415555201,Olivia Chen,Customer Support,1,Failed
SMS-500899,2026-07-16T13:38:16.000Z,Outbound,+1415555203,+13056876843,Sophia Nguyen,Customer Support,1,Delivered
SMS-500900,2026-07-16T13:15:56.000Z,Inbound,+12066326436,+1415555202,Ethan Walker,Customer Support,1,Delivered
SMS-500901,2026-07-16T14:52:54.000Z,Inbound,+14045953119,+1415555402,Lucas Bennett,Customer Success,3,Delivered
SMS-500902,2026-07-16T14:18:19.000Z,Inbound,+12069594491,+1415555501,Henry Okafor,IT Helpdesk,2,Delivered
SMS-500903,2026-07-16T13:35:31.000Z,Inbound,+14049380869,+1415555202,Ethan Walker,Customer Support,1,Delivered
SMS-500904,2026-07-16T13:41:46.000Z,Inbound,+14802076145,+1415555401,Charlotte Reyes,Customer Success,1,Delivered
SMS-500905,2026-07-16T14:33:44.000Z,Inbound,+14802256668,+1415555302,Mia Alvarez,Billing,2,Delivered
SMS-500906,2026-07-16T12:32:52.000Z,Inbound,+14803092802,+1415555401,Charlotte Reyes,Customer Success,3,Delivered
SMS-500907,2026-07-16T12:56:04.000Z,Outbound,+1415555103,+12064450579,Noah Patel,Sales,2,Delivered
SMS-500908,2026-07-16T12:31:24.000Z,Outbound,+1415555101,+14153780557,Ava Thompson,Sales,1,Delivered
SMS-500909,2026-07-16T13:33:12.000Z,Inbound,+16177700936,+1415555303,Benjamin Osei,Billing,2,Delivered
SMS-500910,2026-07-16T12:50:47.000Z,Outbound,+1415555403,+12065989320,Amelia Foster,Customer Success,3,Delivered
SMS-500911,2026-07-16T12:57:11.000Z,Inbound,+14154564958,+1415555205,Isabella Kim,Customer Support,2,Delivered
SMS-500912,2026-07-16T13:45:27.000Z,Inbound,+15122948941,+1415555103,Noah Patel,Sales,3,Delivered
SMS-500913,2026-07-16T15:02:04.000Z,Inbound,+12127435795,+1415555301,James Whitfield,Billing,1,Delivered
SMS-500914,2026-07-17T12:48:12.000Z,Outbound,+1415555401,+13059398252,Charlotte Reyes,Customer Success,1,Delivered
SMS-500915,2026-07-17T13:30:19.000Z,Outbound,+1415555502,+12062474797,Grace Lindqvist,IT Helpdesk,1,Delivered
SMS-500916,2026-07-17T13:20:55.000Z,Inbound,+13122017415,+1415555502,Grace Lindqvist,IT Helpdesk,3,Delivered
SMS-500917,2026-07-17T14:10:22.000Z,Inbound,+16175725593,+1415555101,Ava Thompson,Sales,2,Delivered
SMS-500918,2026-07-17T15:47:37.000Z,Inbound,+14803781244,+1415555301,James Whitfield,Billing,3,Delivered
SMS-500919,2026-07-17T14:04:33.000Z,Inbound,+12069323743,+1415555205,Isabella Kim,Customer Support,2,Pending
SMS-500920,2026-07-17T15:00:06.000Z,Inbound,+12122524271,+1415555201,Olivia Chen,Customer Support,3,Delivered
SMS-500921,2026-07-17T12:17:03.000Z,Outbound,+1415555402,+15125377145,Lucas Bennett,Customer Success,1,Delivered
SMS-500922,2026-07-17T15:38:00.000Z,Inbound,+13125754455,+1415555203,Sophia Nguyen,Customer Support,2,Delivered
SMS-500923,2026-07-17T12:08:12.000Z,Inbound,+14154639743,+1415555401,Charlotte Reyes,Customer Success,1,Delivered
SMS-500924,2026-07-17T14:53:57.000Z,Outbound,+1415555205,+15124371644,Isabella Kim,Customer Support,2,Delivered
SMS-500925,2026-07-17T11:58:07.000Z,Inbound,+12123789559,+1415555501,Henry Okafor,IT Helpdesk,2,Delivered
SMS-500926,2026-07-17T14:49:37.000Z,Outbound,+1415555303,+13127505600,Benjamin Osei,Billing,1,Delivered
SMS-500927,2026-07-17T14:04:43.000Z,Outbound,+1415555103,+13122719499,Noah Patel,Sales,2,Delivered
SMS-500928,2026-07-17T14:20:31.000Z,Outbound,+1415555301,+12062471026,James Whitfield,Billing,3,Delivered
SMS-500929,2026-07-17T13:19:48.000Z,Inbound,+17025966943,+1415555402,Lucas Bennett,Customer Success,2,Pending
SMS-500930,2026-07-17T14:46:51.000Z,Inbound,+17025140575,+1415555104,Emma Rodriguez,Sales,1,Delivered
SMS-500931,2026-07-17T13:43:04.000Z,Inbound,+12128186403,+1415555102,Liam Carter,Sales,3,Delivered
SMS-500932,2026-07-17T11:53:16.000Z,Outbound,+1415555201,+16174349206,Olivia Chen,Customer Support,1,Pending
SMS-500933,2026-07-17T14:54:40.000Z,Outbound,+1415555302,+15128487929,Mia Alvarez,Billing,2,Delivered
SMS-500934,2026-07-17T13:16:34.000Z,Inbound,+14043115520,+1415555204,Mason Brooks,Customer Support,3,Delivered
SMS-500935,2026-07-17T13:01:18.000Z,Inbound,+14155792168,+1415555202,Ethan Walker,Customer Support,1,Delivered
SMS-500936,2026-07-17T13:17:19.000Z,Inbound,+17023871930,+1415555303,Benjamin Osei,Billing,1,Pending
SMS-500937,2026-07-17T12:49:49.000Z,Outbound,+1415555104,+17024625653,Emma Rodriguez,Sales,2,Delivered
SMS-500938,2026-07-17T12:11:15.000Z,Inbound,+17028451168,+1415555204,Mason Brooks,Customer Support,2,Delivered
SMS-500939,2026-07-17T13:47:03.000Z,Inbound,+14804979605,+1415555501,Henry Okafor,IT Helpdesk,2,Pending
SMS-500940,2026-07-17T15:49:44.000Z,Inbound,+12125221330,+1415555502,Grace Lindqvist,IT Helpdesk,1,Delivered
SMS-500941,2026-07-17T14:28:12.000Z,Inbound,+16175054052,+1415555401,Charlotte Reyes,Customer Success,3,Delivered
SMS-500942,2026-07-17T15:45:26.000Z,Inbound,+12125227711,+1415555103,Noah Patel,Sales,3,Delivered
SMS-500943,2026-07-17T13:43:43.000Z,Inbound,+16172878280,+1415555205,Isabella Kim,Customer Support,2,Failed
SMS-500944,2026-07-17T13:11:42.000Z,Inbound,+15125586911,+1415555501,Henry Okafor,IT Helpdesk,1,Delivered
SMS-500945,2026-07-17T12:54:54.000Z,Inbound,+13059274053,+1415555502,Grace Lindqvist,IT Helpdesk,3,Delivered
SMS-500946,2026-07-17T13:04:32.000Z,Inbound,+13053037243,+1415555204,Mason Brooks,Customer Support,2,Delivered
SMS-500947,2026-07-17T11:23:34.000Z,Inbound,+15126541578,+1415555302,Mia Alvarez,Billing,3,Delivered
SMS-500948,2026-07-17T13:48:55.000Z,Inbound,+12065093963,+1415555301,James Whitfield,Billing,3,Delivered
SMS-500949,2026-07-17T14:03:52.000Z,Outbound,+1415555101,+15128023297,Ava Thompson,Sales,2,Delivered
SMS-500950,2026-07-17T11:49:30.000Z,Outbound,+1415555302,+17024723312,Mia Alvarez,Billing,1,Delivered
SMS-500951,2026-07-17T12:56:51.000Z,Outbound,+1415555101,+12122348584,Ava Thompson,Sales,1,Delivered
SMS-500952,2026-07-17T13:34:35.000Z,Outbound,+1415555501,+15127431657,Henry Okafor,IT Helpdesk,3,Delivered
SMS-500953,2026-07-17T14:16:18.000Z,Outbound,+1415555401,+16175716468,Charlotte Reyes,Customer Success,1,Delivered
SMS-500954,2026-07-17T14:39:52.000Z,Inbound,+16174371528,+1415555204,Mason Brooks,Customer Support,3,Delivered
SMS-500955,2026-07-17T12:19:58.000Z,Outbound,+1415555201,+14042404728,Olivia Chen,Customer Support,3,Delivered
SMS-500956,2026-07-17T15:34:24.000Z,Outbound,+1415555402,+12067646722,Lucas Bennett,Customer Success,1,Delivered
SMS-500957,2026-07-17T12:17:25.000Z,Outbound,+1415555401,+14808304482,Charlotte Reyes,Customer Success,1,Delivered
SMS-500958,2026-07-18T13:14:27.000Z,Inbound,+12065537966,+1415555301,James Whitfield,Billing,3,Delivered
SMS-500959,2026-07-18T12:33:49.000Z,Inbound,+13129303295,+1415555501,Henry Okafor,IT Helpdesk,2,Failed
SMS-500960,2026-07-18T14:32:46.000Z,Outbound,+1415555401,+12067064645,Charlotte Reyes,Customer Success,1,Delivered
SMS-500961,2026-07-18T14:03:09.000Z,Outbound,+1415555201,+12065845225,Olivia Chen,Customer Support,2,Delivered
SMS-500962,2026-07-18T13:03:54.000Z,Outbound,+1415555301,+13055963464,James Whitfield,Billing,1,Delivered
SMS-500963,2026-07-18T14:04:34.000Z,Inbound,+15122271644,+1415555102,Liam Carter,Sales,2,Delivered
SMS-500964,2026-07-18T14:05:00.000Z,Inbound,+13054388479,+1415555101,Ava Thompson,Sales,3,Pending
SMS-500965,2026-07-18T11:02:50.000Z,Inbound,+12123001860,+1415555205,Isabella Kim,Customer Support,3,Delivered
SMS-500966,2026-07-18T13:43:48.000Z,Outbound,+1415555401,+14158007739,Charlotte Reyes,Customer Success,2,Delivered
SMS-500967,2026-07-18T11:01:35.000Z,Outbound,+1415555201,+14048463367,Olivia Chen,Customer Support,1,Delivered
SMS-500968,2026-07-18T13:13:59.000Z,Outbound,+1415555204,+12128323487,Mason Brooks,Customer Support,1,Delivered
SMS-500969,2026-07-18T14:43:08.000Z,Inbound,+14804634357,+1415555501,Henry Okafor,IT Helpdesk,2,Delivered
SMS-500970,2026-07-18T14:45:00.000Z,Outbound,+1415555101,+15126727994,Ava Thompson,Sales,3,Delivered
SMS-500971,2026-07-18T13:39:11.000Z,Outbound,+1415555205,+16176918405,Isabella Kim,Customer Support,2,Delivered
SMS-500972,2026-07-18T14:40:24.000Z,Inbound,+15126103498,+1415555201,Olivia Chen,Customer Support,1,Delivered
SMS-500973,2026-07-18T12:43:04.000Z,Outbound,+1415555502,+12124035332,Grace Lindqvist,IT Helpdesk,1,Delivered
SMS-500974,2026-07-18T14:26:48.000Z,Inbound,+16173095647,+1415555403,Amelia Foster,Customer Success,1,Delivered
SMS-500975,2026-07-18T11:07:46.000Z,Outbound,+1415555402,+13058378301,Lucas Bennett,Customer Success,3,Delivered
SMS-500976,2026-07-18T13:16:55.000Z,Inbound,+14153774391,+1415555403,Amelia Foster,Customer Success,3,Delivered
SMS-500977,2026-07-18T15:49:53.000Z,Outbound,+1415555102,+14802193964,Liam Carter,Sales,3,Delivered
SMS-500978,2026-07-19T14:27:55.000Z,Inbound,+15125909922,+1415555401,Charlotte Reyes,Customer Success,2,Delivered
SMS-500979,2026-07-19T13:14:53.000Z,Inbound,+14044766388,+1415555205,Isabella Kim,Customer Support,3,Delivered
SMS-500980,2026-07-19T13:18:31.000Z,Inbound,+14155333378,+1415555202,Ethan Walker,Customer Support,1,Delivered
SMS-500981,2026-07-19T12:12:54.000Z,Inbound,+12069199315,+1415555301,James Whitfield,Billing,3,Delivered
SMS-500982,2026-07-19T12:12:42.000Z,Inbound,+17026778171,+1415555102,Liam Carter,Sales,3,Delivered
SMS-500983,2026-07-19T13:40:12.000Z,Outbound,+1415555302,+14803819650,Mia Alvarez,Billing,3,Delivered
SMS-500984,2026-07-19T14:06:55.000Z,Inbound,+12123251300,+1415555102,Liam Carter,Sales,2,Delivered
SMS-500985,2026-07-19T15:59:16.000Z,Outbound,+1415555301,+13122716588,James Whitfield,Billing,3,Delivered
SMS-500986,2026-07-19T12:12:10.000Z,Inbound,+15127804515,+1415555204,Mason Brooks,Customer Support,2,Delivered
SMS-500987,2026-07-19T12:54:29.000Z,Inbound,+14805475971,+1415555203,Sophia Nguyen,Customer Support,3,Delivered
SMS-500988,2026-07-19T14:07:04.000Z,Inbound,+14156238350,+1415555203,Sophia Nguyen,Customer Support,1,Delivered
SMS-500989,2026-07-19T13:37:46.000Z,Inbound,+15128764452,+1415555203,Sophia Nguyen,Customer Support,1,Failed
SMS-500990,2026-07-19T12:47:15.000Z,Inbound,+17025071967,+1415555204,Mason Brooks,Customer Support,3,Delivered
SMS-500991,2026-07-20T13:57:19.000Z,Outbound,+1415555204,+14804014390,Mason Brooks,Customer Support,2,Delivered
SMS-500992,2026-07-20T14:18:57.000Z,Inbound,+13125600487,+1415555302,Mia Alvarez,Billing,3,Delivered
SMS-500993,2026-07-20T14:38:27.000Z,Outbound,+1415555101,+14046378168,Ava Thompson,Sales,2,Delivered
SMS-500994,2026-07-20T13:49:58.000Z,Inbound,+14046634816,+1415555303,Benjamin Osei,Billing,1,Delivered
SMS-500995,2026-07-20T12:01:29.000Z,Inbound,+14044759322,+1415555201,Olivia Chen,Customer Support,1,Delivered
SMS-500996,2026-07-20T13:02:12.000Z,Outbound,+1415555301,+16176792724,James Whitfield,Billing,1,Delivered
SMS-500997,2026-07-20T11:08:55.000Z,Inbound,+13124996064,+1415555101,Ava Thompson,Sales,1,Delivered
SMS-500998,2026-07-20T12:47:40.000Z,Outbound,+1415555104,+14044605839,Emma Rodriguez,Sales,2,Delivered
SMS-500999,2026-07-20T13:01:49.000Z,Outbound,+1415555202,+13052863991,Ethan Walker,Customer Support,3,Failed
SMS-501000,2026-07-20T13:59:02.000Z,Outbound,+1415555201,+12063358150,Olivia Chen,Customer Support,3,Pending
SMS-501001,2026-07-20T13:49:07.000Z,Outbound,+1415555203,+14809736937,Sophia Nguyen,Customer Support,2,Delivered
SMS-501002,2026-07-20T11:32:16.000Z,Inbound,+14807761748,+1415555501,Henry Okafor,IT Helpdesk,1,Delivered
SMS-501003,2026-07-20T12:40:37.000Z,Inbound,+16177197533,+1415555205,Isabella Kim,Customer Support,3,Delivered
SMS-501004,2026-07-20T14:44:49.000Z,Outbound,+1415555401,+13058821535,Charlotte Reyes,Customer Success,2,Delivered
SMS-501005,2026-07-20T13:01:28.000Z,Inbound,+16174887278,+1415555101,Ava Thompson,Sales,3,Delivered
SMS-501006,2026-07-20T13:35:07.000Z,Inbound,+15127236263,+1415555303,Benjamin Osei,Billing,1,Delivered
SMS-501007,2026-07-20T14:58:38.000Z,Outbound,+1415555201,+12125970787,Olivia Chen,Customer Support,2,Delivered
SMS-501008,2026-07-20T12:43:19.000Z,Inbound,+13059007042,+1415555101,Ava Thompson,Sales,1,Delivered
SMS-501009,2026-07-20T13:55:56.000Z,Inbound,+14153687077,+1415555102,Liam Carter,Sales,1,Delivered
SMS-501010,2026-07-20T14:48:38.000Z,Inbound,+15125758612,+1415555303,Benjamin Osei,Billing,3,Delivered
SMS-501011,2026-07-20T12:48:34.000Z,Inbound,+14804543525,+1415555103,Noah Patel,Sales,3,Delivered
SMS-501012,2026-07-20T13:41:00.000Z,Inbound,+16174186685,+1415555101,Ava Thompson,Sales,2,Delivered
SMS-501013,2026-07-20T13:19:06.000Z,Inbound,+17024133548,+1415555502,Grace Lindqvist,IT Helpdesk,3,Delivered
SMS-501014,2026-07-20T14:55:46.000Z,Inbound,+17028701565,+1415555203,Sophia Nguyen,Customer Support,1,Delivered
SMS-501015,2026-07-20T13:37:48.000Z,Inbound,+15129280172,+1415555402,Lucas Bennett,Customer Success,3,Delivered
SMS-501016,2026-07-20T14:35:18.000Z,Outbound,+1415555301,+16172750591,James Whitfield,Billing,3,Delivered
SMS-501017,2026-07-20T13:31:41.000Z,Inbound,+17028599056,+1415555401,Charlotte Reyes,Customer Success,1,Delivered
SMS-501018,2026-07-20T12:15:32.000Z,Outbound,+1415555301,+13053169913,James Whitfield,Billing,1,Delivered
SMS-501019,2026-07-20T14:16:14.000Z,Inbound,+13128070154,+1415555402,Lucas Bennett,Customer Success,3,Delivered
SMS-501020,2026-07-20T12:07:56.000Z,Outbound,+1415555502,+12122036158,Grace Lindqvist,IT Helpdesk,1,Failed
SMS-501021,2026-07-20T13:19:29.000Z,Outbound,+1415555403,+12064657844,Amelia Foster,Customer Success,1,Delivered
SMS-501022,2026-07-20T13:30:10.000Z,Outbound,+1415555401,+17023638918,Charlotte Reyes,Customer Success,3,Delivered
SMS-501023,2026-07-20T15:09:16.000Z,Inbound,+13127952463,+1415555203,Sophia Nguyen,Customer Support,1,Delivered
SMS-501024,2026-07-20T13:12:08.000Z,Inbound,+14807098993,+1415555204,Mason Brooks,Customer Support,1,Delivered
SMS-501025,2026-07-20T14:38:09.000Z,Outbound,+1415555104,+16174007996,Emma Rodriguez,Sales,2,Delivered
SMS-501026,2026-07-20T13:38:13.000Z,Outbound,+1415555502,+14156455282,Grace Lindqvist,IT Helpdesk,1,Delivered
SMS-501027,2026-07-20T12:11:39.000Z,Inbound,+12122617418,+1415555303,Benjamin Osei,Billing,1,Delivered
SMS-501028,2026-07-20T13:20:41.000Z,Outbound,+1415555502,+15128064875,Grace Lindqvist,IT Helpdesk,1,Delivered
SMS-501029,2026-07-20T13:01:22.000Z,Inbound,+15127320780,+1415555203,Sophia Nguyen,Customer Support,1,Delivered
SMS-501030,2026-07-20T13:04:05.000Z,Outbound,+1415555201,+14805466820,Olivia Chen,Customer Support,1,Delivered
SMS-501031,2026-07-20T13:58:07.000Z,Outbound,+1415555402,+14808644388,Lucas Bennett,Customer Success,3,Delivered
SMS-501032,2026-07-20T13:56:09.000Z,Inbound,+12129229931,+1415555204,Mason Brooks,Customer Support,1,Delivered
SMS-501033,2026-07-20T13:23:01.000Z,Inbound,+15127285213,+1415555203,Sophia Nguyen,Customer Support,1,Delivered
SMS-501034,2026-07-20T13:13:12.000Z,Outbound,+1415555301,+12123503370,James Whitfield,Billing,2,Delivered
SMS-501035,2026-07-20T13:47:17.000Z,Inbound,+13123184699,+1415555205,Isabella Kim,Customer Support,2,Delivered
SMS-501036,2026-07-20T13:16:52.000Z,Outbound,+1415555104,+14049003090,Emma Rodriguez,Sales,1,Delivered
SMS-501037,2026-07-20T12:55:57.000Z,Outbound,+1415555303,+14047248626,Benjamin Osei,Billing,1,Failed
SMS-501038,2026-07-20T11:24:23.000Z,Inbound,+12129320519,+1415555301,James Whitfield,Billing,3,Delivered
SMS-501039,2026-07-20T12:24:42.000Z,Inbound,+14154246457,+1415555102,Liam Carter,Sales,1,Delivered
SMS-501040,2026-07-20T13:16:18.000Z,Outbound,+1415555103,+13125199508,Noah Patel,Sales,3,Delivered
SMS-501041,2026-07-20T13:50:47.000Z,Inbound,+17028635705,+1415555501,Henry Okafor,IT Helpdesk,3,Delivered
SMS-501042,2026-07-20T12:13:12.000Z,Outbound,+1415555403,+13053693712,Amelia Foster,Customer Success,3,Delivered
SMS-501043,2026-07-20T12:59:56.000Z,Inbound,+13056698607,+1415555101,Ava Thompson,Sales,1,Delivered
SMS-501044,2026-07-20T13:18:13.000Z,Inbound,+14803981945,+1415555202,Ethan Walker,Customer Support,3,Delivered
SMS-501045,2026-07-20T12:07:54.000Z,Outbound,+1415555501,+13055999015,Henry Okafor,IT Helpdesk,3,Delivered
SMS-501046,2026-07-20T12:00:44.000Z,Outbound,+1415555202,+17028707625,Ethan Walker,Customer Support,1,Delivered
SMS-501047,2026-07-20T13:29:31.000Z,Inbound,+13058319192,+1415555402,Lucas Bennett,Customer Success,3,Delivered
SMS-501048,2026-07-20T11:04:20.000Z,Outbound,+1415555102,+13057912745,Liam Carter,Sales,1,Delivered
SMS-501049,2026-07-20T13:04:53.000Z,Outbound,+1415555202,+15127669064,Ethan Walker,Customer Support,1,Delivered
SMS-501050,2026-07-20T14:52:58.000Z,Outbound,+1415555403,+16179269792,Amelia Foster,Customer Success,3,Pending
SMS-501051,2026-07-20T13:09:03.000Z,Inbound,+14045652950,+1415555403,Amelia Foster,Customer Success,3,Delivered
SMS-501052,2026-07-20T13:56:12.000Z,Outbound,+1415555201,+12126811385,Olivia Chen,Customer Support,3,Delivered
SMS-501053,2026-07-20T12:49:58.000Z,Inbound,+13059401872,+1415555402,Lucas Bennett,Customer Success,3,Delivered
SMS-501054,2026-07-20T14:42:02.000Z,Outbound,+1415555403,+17028154447,Amelia Foster,Customer Success,3,Delivered
SMS-501055,2026-07-20T12:41:29.000Z,Inbound,+13128414163,+1415555104,Emma Rodriguez,Sales,3,Delivered
SMS-501056,2026-07-20T13:25:25.000Z,Outbound,+1415555501,+14802743959,Henry Okafor,IT Helpdesk,2,Delivered
SMS-501057,2026-07-20T13:47:45.000Z,Inbound,+13054224341,+1415555403,Amelia Foster,Customer Success,3,Failed
SMS-501058,2026-07-20T12:34:12.000Z,Outbound,+1415555101,+13058385901,Ava Thompson,Sales,1,Delivered
SMS-501059,2026-07-20T13:41:26.000Z,Inbound,+14153748858,+1415555104,Emma Rodriguez,Sales,1,Delivered
SMS-501060,2026-07-20T14:07:45.000Z,Inbound,+14045616696,+1415555502,Grace Lindqvist,IT Helpdesk,3,Delivered
SMS-501061,2026-07-20T14:12:37.000Z,Inbound,+17024661588,+1415555501,Henry Okafor,IT Helpdesk,1,Delivered
SMS-501062,2026-07-20T14:17:19.000Z,Outbound,+1415555103,+14157395073,Noah Patel,Sales,1,Delivered
SMS-501063,2026-07-20T13:44:17.000Z,Inbound,+13058662522,+1415555203,Sophia Nguyen,Customer Support,1,Delivered
SMS-501064,2026-07-20T12:47:01.000Z,Inbound,+14152606974,+1415555204,Mason Brooks,Customer Support,3,Delivered
SMS-501065,2026-07-20T11:19:34.000Z,Inbound,+13056537474,+1415555501,Henry Okafor,IT Helpdesk,2,Delivered
SMS-501066,2026-07-20T14:09:53.000Z,Inbound,+13058671446,+1415555403,Amelia Foster,Customer Success,1,Delivered
SMS-501067,2026-07-20T13:03:46.000Z,Outbound,+1415555502,+12125985255,Grace Lindqvist,IT Helpdesk,1,Delivered
SMS-501068,2026-07-20T13:21:20.000Z,Outbound,+1415555101,+17022339688,Ava Thompson,Sales,2,Delivered
SMS-501069,2026-07-20T13:18:05.000Z,Inbound,+17029564774,+1415555201,Olivia Chen,Customer Support,1,Delivered
SMS-501070,2026-07-20T13:18:26.000Z,Outbound,+1415555401,+16175649523,Charlotte Reyes,Customer Success,2,Delivered
SMS-501071,2026-07-20T13:23:13.000Z,Outbound,+1415555203,+16174921623,Sophia Nguyen,Customer Support,3,Delivered
SMS-501072,2026-07-20T11:12:03.000Z,Inbound,+12126576382,+1415555403,Amelia Foster,Customer Success,3,Delivered
SMS-501073,2026-07-20T14:47:34.000Z,Inbound,+16173829801,+1415555301,James Whitfield,Billing,3,Delivered
SMS-501074,2026-07-20T13:19:05.000Z,Outbound,+1415555201,+14045576299,Olivia Chen,Customer Support,1,Delivered
SMS-501075,2026-07-20T11:10:57.000Z,Inbound,+12067878521,+1415555203,Sophia Nguyen,Customer Support,3,Delivered
SMS-501076,2026-07-20T13:52:41.000Z,Inbound,+14154719192,+1415555502,Grace Lindqvist,IT Helpdesk,1,Delivered
SMS-501077,2026-07-20T11:31:35.000Z,Outbound,+1415555204,+12122730844,Mason Brooks,Customer Support,3,Delivered
SMS-501078,2026-07-20T13:10:12.000Z,Inbound,+13122665787,+1415555204,Mason Brooks,Customer Support,1,Delivered
SMS-501079,2026-07-20T12:14:09.000Z,Inbound,+12064234889,+1415555403,Amelia Foster,Customer Success,3,Delivered
SMS-501080,2026-07-20T12:36:40.000Z,Inbound,+14152589601,+1415555301,James Whitfield,Billing,2,Delivered
SMS-501081,2026-07-21T12:31:50.000Z,Inbound,+14049375659,+1415555403,Amelia Foster,Customer Success,3,Delivered
SMS-501082,2026-07-21T12:04:58.000Z,Outbound,+1415555103,+15123077741,Noah Patel,Sales,1,Delivered
SMS-501083,2026-07-21T15:42:14.000Z,Inbound,+13059008008,+1415555303,Benjamin Osei,Billing,3,Delivered
SMS-501084,2026-07-21T14:06:01.000Z,Inbound,+17028059245,+1415555402,Lucas Bennett,Customer Success,2,Delivered
SMS-501085,2026-07-21T12:32:44.000Z,Inbound,+14805704486,+1415555502,Grace Lindqvist,IT Helpdesk,1,Delivered
SMS-501086,2026-07-21T13:27:08.000Z,Inbound,+13129632563,+1415555102,Liam Carter,Sales,1,Delivered
SMS-501087,2026-07-21T12:26:51.000Z,Outbound,+1415555401,+13057070397,Charlotte Reyes,Customer Success,3,Delivered
SMS-501088,2026-07-21T13:35:13.000Z,Outbound,+1415555205,+14046772536,Isabella Kim,Customer Support,2,Delivered
SMS-501089,2026-07-21T13:01:25.000Z,Outbound,+1415555301,+14045024323,James Whitfield,Billing,1,Delivered
SMS-501090,2026-07-21T14:26:38.000Z,Outbound,+1415555202,+12069484283,Ethan Walker,Customer Support,1,Delivered
SMS-501091,2026-07-21T13:30:07.000Z,Inbound,+13052904523,+1415555205,Isabella Kim,Customer Support,2,Delivered
SMS-501092,2026-07-21T13:26:05.000Z,Outbound,+1415555205,+14159509121,Isabella Kim,Customer Support,2,Delivered
SMS-501093,2026-07-21T12:19:37.000Z,Outbound,+1415555201,+13054481353,Olivia Chen,Customer Support,2,Delivered
SMS-501094,2026-07-21T13:25:25.000Z,Outbound,+1415555202,+14805474426,Ethan Walker,Customer Support,1,Delivered
SMS-501095,2026-07-21T12:04:09.000Z,Outbound,+1415555204,+13054683624,Mason Brooks,Customer Support,3,Delivered
SMS-501096,2026-07-21T13:28:14.000Z,Inbound,+13125339068,+1415555302,Mia Alvarez,Billing,2,Delivered
SMS-501097,2026-07-21T13:20:38.000Z,Outbound,+1415555402,+13125976792,Lucas Bennett,Customer Success,3,Delivered
SMS-501098,2026-07-21T12:32:47.000Z,Inbound,+17022440636,+1415555202,Ethan Walker,Customer Support,2,Delivered
SMS-501099,2026-07-21T13:07:12.000Z,Outbound,+1415555204,+12066224513,Mason Brooks,Customer Support,3,Delivered
SMS-501100,2026-07-21T12:21:26.000Z,Inbound,+13055740990,+1415555403,Amelia Foster,Customer Success,1,Delivered
SMS-501101,2026-07-21T14:07:40.000Z,Outbound,+1415555303,+12068667702,Benjamin Osei,Billing,1,Delivered
SMS-501102,2026-07-21T13:26:50.000Z,Outbound,+1415555204,+14154947806,Mason Brooks,Customer Support,3,Delivered
SMS-501103,2026-07-21T14:17:34.000Z,Inbound,+14043629608,+1415555103,Noah Patel,Sales,2,Pending
SMS-501104,2026-07-21T13:39:39.000Z,Inbound,+13123647781,+1415555201,Olivia Chen,Customer Support,2,Delivered
SMS-501105,2026-07-21T12:02:20.000Z,Inbound,+17022430515,+1415555303,Benjamin Osei,Billing,1,Delivered
SMS-501106,2026-07-21T13:45:24.000Z,Inbound,+16175284574,+1415555302,Mia Alvarez,Billing,2,Delivered
SMS-501107,2026-07-21T13:37:31.000Z,Outbound,+1415555401,+12067941126,Charlotte Reyes,Customer Success,2,Delivered
SMS-501108,2026-07-21T12:37:39.000Z,Inbound,+14152139425,+1415555201,Olivia Chen,Customer Support,2,Delivered
SMS-501109,2026-07-21T14:44:58.000Z,Inbound,+12064934168,+1415555103,Noah Patel,Sales,2,Delivered
SMS-501110,2026-07-21T13:53:14.000Z,Outbound,+1415555401,+13125513802,Charlotte Reyes,Customer Success,1,Delivered
SMS-501111,2026-07-21T13:33:40.000Z,Inbound,+12125237706,+1415555203,Sophia Nguyen,Customer Support,2,Delivered
SMS-501112,2026-07-21T14:44:10.000Z,Outbound,+1415555204,+12068793371,Mason Brooks,Customer Support,2,Delivered
SMS-501113,2026-07-21T14:16:01.000Z,Inbound,+13052380407,+1415555301,James Whitfield,Billing,2,Delivered
SMS-501114,2026-07-21T14:39:15.000Z,Outbound,+1415555402,+16179438038,Lucas Bennett,Customer Success,2,Delivered
SMS-501115,2026-07-21T14:35:57.000Z,Outbound,+1415555203,+15124876599,Sophia Nguyen,Customer Support,2,Delivered
SMS-501116,2026-07-21T13:31:37.000Z,Inbound,+16179656937,+1415555303,Benjamin Osei,Billing,1,Delivered
SMS-501117,2026-07-21T13:34:28.000Z,Outbound,+1415555103,+14802082534,Noah Patel,Sales,3,Delivered
SMS-501118,2026-07-21T12:34:49.000Z,Outbound,+1415555102,+14809952209,Liam Carter,Sales,3,Delivered
SMS-501119,2026-07-21T13:14:02.000Z,Outbound,+1415555501,+15124126937,Henry Okafor,IT Helpdesk,2,Delivered
SMS-501120,2026-07-21T12:38:10.000Z,Inbound,+16179994662,+1415555202,Ethan Walker,Customer Support,2,Delivered
SMS-501121,2026-07-21T13:36:03.000Z,Outbound,+1415555205,+12066266433,Isabella Kim,Customer Support,2,Delivered
SMS-501122,2026-07-21T13:44:19.000Z,Inbound,+14158139902,+1415555103,Noah Patel,Sales,1,Delivered
SMS-501123,2026-07-21T12:41:10.000Z,Outbound,+1415555103,+12064969400,Noah Patel,Sales,1,Delivered
SMS-501124,2026-07-21T14:44:18.000Z,Outbound,+1415555502,+13129223172,Grace Lindqvist,IT Helpdesk,3,Delivered
SMS-501125,2026-07-21T12:23:41.000Z,Outbound,+1415555204,+15125245803,Mason Brooks,Customer Support,3,Delivered
SMS-501126,2026-07-21T11:27:28.000Z,Inbound,+14808426742,+1415555403,Amelia Foster,Customer Success,2,Delivered
SMS-501127,2026-07-21T14:11:58.000Z,Outbound,+1415555501,+14153018724,Henry Okafor,IT Helpdesk,3,Delivered
SMS-501128,2026-07-21T13:15:13.000Z,Inbound,+13059404380,+1415555403,Amelia Foster,Customer Success,1,Delivered
SMS-501129,2026-07-21T13:26:48.000Z,Outbound,+1415555502,+14045133250,Grace Lindqvist,IT Helpdesk,2,Delivered
SMS-501130,2026-07-21T12:31:24.000Z,Outbound,+1415555502,+15122939022,Grace Lindqvist,IT Helpdesk,1,Delivered
SMS-501131,2026-07-21T12:20:09.000Z,Outbound,+1415555104,+12123419875,Emma Rodriguez,Sales,3,Delivered
SMS-501132,2026-07-21T14:20:23.000Z,Outbound,+1415555201,+12063468833,Olivia Chen,Customer Support,1,Delivered
SMS-501133,2026-07-21T14:22:25.000Z,Inbound,+12127737868,+1415555202,Ethan Walker,Customer Support,1,Delivered
SMS-501134,2026-07-21T13:00:35.000Z,Outbound,+1415555204,+15125798200,Mason Brooks,Customer Support,2,Delivered
SMS-501135,2026-07-21T14:04:13.000Z,Outbound,+1415555302,+14808610056,Mia Alvarez,Billing,3,Delivered
SMS-501136,2026-07-21T14:33:02.000Z,Inbound,+14807590204,+1415555403,Amelia Foster,Customer Success,1,Delivered
SMS-501137,2026-07-21T13:59:24.000Z,Outbound,+1415555101,+14042066868,Ava Thompson,Sales,1,Delivered
SMS-501138,2026-07-21T14:43:22.000Z,Outbound,+1415555402,+14046237356,Lucas Bennett,Customer Success,1,Delivered
SMS-501139,2026-07-21T13:25:32.000Z,Outbound,+1415555204,+15123191265,Mason Brooks,Customer Support,3,Delivered
SMS-501140,2026-07-21T12:41:17.000Z,Outbound,+1415555104,+13122490451,Emma Rodriguez,Sales,3,Delivered
SMS-501141,2026-07-21T12:51:21.000Z,Inbound,+12125029025,+1415555402,Lucas Bennett,Customer Success,1,Delivered
SMS-501142,2026-07-21T13:12:11.000Z,Inbound,+13128024461,+1415555202,Ethan Walker,Customer Support,2,Delivered
SMS-501143,2026-07-21T13:16:58.000Z,Outbound,+1415555204,+14804782061,Mason Brooks,Customer Support,2,Delivered
SMS-501144,2026-07-21T13:56:54.000Z,Inbound,+14157084501,+1415555203,Sophia Nguyen,Customer Support,2,Delivered
SMS-501145,2026-07-21T15:08:02.000Z,Outbound,+1415555103,+14046061499,Noah Patel,Sales,2,Delivered
SMS-501146,2026-07-21T13:05:55.000Z,Inbound,+15125547140,+1415555301,James Whitfield,Billing,1,Delivered
SMS-501147,2026-07-21T14:20:46.000Z,Inbound,+16178853639,+1415555203,Sophia Nguyen,Customer Support,3,Delivered
SMS-501148,2026-07-21T14:44:46.000Z,Inbound,+12129199181,+1415555402,Lucas Bennett,Customer Success,2,Delivered
SMS-501149,2026-07-21T13:33:44.000Z,Inbound,+17023096145,+1415555101,Ava Thompson,Sales,1,Delivered
SMS-501150,2026-07-21T13:43:25.000Z,Inbound,+14809405906,+1415555205,Isabella Kim,Customer Support,2,Delivered
SMS-501151,2026-07-21T13:28:13.000Z,Inbound,+12126818944,+1415555402,Lucas Bennett,Customer Success,1,Delivered
SMS-501152,2026-07-21T11:37:11.000Z,Inbound,+12067596425,+1415555203,Sophia Nguyen,Customer Support,1,Delivered
SMS-501153,2026-07-21T14:47:58.000Z,Inbound,+14806313787,+1415555203,Sophia Nguyen,Customer Support,3,Delivered
SMS-501154,2026-07-21T13:08:24.000Z,Inbound,+17023464232,+1415555303,Benjamin Osei,Billing,3,Delivered
SMS-501155,2026-07-21T13:26:41.000Z,Inbound,+14157979995,+1415555203,Sophia Nguyen,Customer Support,2,Delivered
SMS-501156,2026-07-21T14:22:22.000Z,Outbound,+1415555201,+12065030669,Olivia Chen,Customer Support,1,Delivered
SMS-501157,2026-07-21T13:56:23.000Z,Inbound,+17029631948,+1415555303,Benjamin Osei,Billing,2,Delivered
SMS-501158,2026-07-21T13:09:21.000Z,Inbound,+16173531286,+1415555202,Ethan Walker,Customer Support,3,Delivered
SMS-501159,2026-07-21T13:42:13.000Z,Inbound,+14154713326,+1415555303,Benjamin Osei,Billing,1,Failed
SMS-501160,2026-07-21T13:06:12.000Z,Inbound,+13124633185,+1415555303,Benjamin Osei,Billing,3,Delivered
SMS-501161,2026-07-21T12:21:02.000Z,Inbound,+12123594601,+1415555501,Henry Okafor,IT Helpdesk,2,Delivered
SMS-501162,2026-07-22T14:35:28.000Z,Outbound,+1415555205,+17029744121,Isabella Kim,Customer Support,1,Delivered
SMS-501163,2026-07-22T12:28:58.000Z,Outbound,+1415555101,+14809771235,Ava Thompson,Sales,3,Delivered
SMS-501164,2026-07-22T14:13:16.000Z,Inbound,+14807797100,+1415555302,Mia Alvarez,Billing,2,Delivered
SMS-501165,2026-07-22T14:56:46.000Z,Outbound,+1415555402,+14153028647,Lucas Bennett,Customer Success,3,Delivered
SMS-501166,2026-07-22T13:31:02.000Z,Inbound,+15124711755,+1415555101,Ava Thompson,Sales,1,Delivered
SMS-501167,2026-07-22T15:43:08.000Z,Inbound,+14809514146,+1415555401,Charlotte Reyes,Customer Success,1,Delivered
SMS-501168,2026-07-22T14:57:20.000Z,Outbound,+1415555202,+14152066916,Ethan Walker,Customer Support,2,Delivered
SMS-501169,2026-07-22T14:39:39.000Z,Outbound,+1415555203,+14155346170,Sophia Nguyen,Customer Support,3,Delivered
SMS-501170,2026-07-22T14:27:34.000Z,Inbound,+13126737217,+1415555203,Sophia Nguyen,Customer Support,1,Delivered
SMS-501171,2026-07-22T14:20:27.000Z,Inbound,+12128073866,+1415555402,Lucas Bennett,Customer Success,1,Delivered
SMS-501172,2026-07-22T13:01:01.000Z,Inbound,+17029579104,+1415555102,Liam Carter,Sales,2,Delivered
SMS-501173,2026-07-22T14:18:27.000Z,Inbound,+14152259346,+1415555401,Charlotte Reyes,Customer Success,2,Delivered
SMS-501174,2026-07-22T13:57:14.000Z,Outbound,+1415555403,+14152475638,Amelia Foster,Customer Success,1,Delivered
SMS-501175,2026-07-22T13:22:41.000Z,Inbound,+14804517817,+1415555301,James Whitfield,Billing,3,Delivered
SMS-501176,2026-07-22T13:45:09.000Z,Outbound,+1415555401,+14805280289,Charlotte Reyes,Customer Success,2,Pending
SMS-501177,2026-07-22T14:40:34.000Z,Outbound,+1415555103,+14044139622,Noah Patel,Sales,3,Delivered
SMS-501178,2026-07-22T13:58:50.000Z,Outbound,+1415555203,+17026243250,Sophia Nguyen,Customer Support,3,Delivered
SMS-501179,2026-07-22T13:17:29.000Z,Outbound,+1415555401,+12065753137,Charlotte Reyes,Customer Success,1,Delivered
SMS-501180,2026-07-22T13:31:27.000Z,Inbound,+14802940029,+1415555302,Mia Alvarez,Billing,3,Delivered
SMS-501181,2026-07-22T12:19:38.000Z,Inbound,+14805011591,+1415555201,Olivia Chen,Customer Support,1,Delivered
SMS-501182,2026-07-22T12:11:24.000Z,Inbound,+14045501046,+1415555403,Amelia Foster,Customer Success,1,Delivered
SMS-501183,2026-07-22T13:36:53.000Z,Inbound,+12122920653,+1415555103,Noah Patel,Sales,2,Delivered
SMS-501184,2026-07-22T14:41:59.000Z,Inbound,+15126012848,+1415555202,Ethan Walker,Customer Support,2,Delivered
SMS-501185,2026-07-22T14:09:50.000Z,Inbound,+13124864455,+1415555104,Emma Rodriguez,Sales,1,Delivered
SMS-501186,2026-07-22T12:24:59.000Z,Outbound,+1415555203,+17029445608,Sophia Nguyen,Customer Support,1,Delivered
SMS-501187,2026-07-22T15:43:27.000Z,Inbound,+14803256078,+1415555103,Noah Patel,Sales,1,Delivered
SMS-501188,2026-07-22T12:22:41.000Z,Outbound,+1415555205,+17022355401,Isabella Kim,Customer Support,3,Delivered
SMS-501189,2026-07-22T12:50:47.000Z,Outbound,+1415555402,+16177892336,Lucas Bennett,Customer Success,2,Delivered
SMS-501190,2026-07-22T13:24:59.000Z,Outbound,+1415555201,+12125281153,Olivia Chen,Customer Support,3,Delivered
SMS-501191,2026-07-22T12:01:05.000Z,Outbound,+1415555201,+12067653573,Olivia Chen,Customer Support,3,Delivered
SMS-501192,2026-07-22T14:14:16.000Z,Outbound,+1415555402,+12069153112,Lucas Bennett,Customer Success,1,Delivered
SMS-501193,2026-07-22T13:22:12.000Z,Inbound,+14802285744,+1415555103,Noah Patel,Sales,2,Delivered
SMS-501194,2026-07-22T14:17:37.000Z,Inbound,+14157684182,+1415555303,Benjamin Osei,Billing,1,Delivered
SMS-501195,2026-07-22T13:57:54.000Z,Inbound,+12127362531,+1415555204,Mason Brooks,Customer Support,2,Delivered
SMS-501196,2026-07-22T13:23:08.000Z,Outbound,+1415555102,+15126681735,Liam Carter,Sales,2,Delivered
SMS-501197,2026-07-22T12:05:14.000Z,Inbound,+15126164238,+1415555101,Ava Thompson,Sales,3,Delivered
SMS-501198,2026-07-22T15:13:10.000Z,Outbound,+1415555301,+13128947891,James Whitfield,Billing,2,Delivered
SMS-501199,2026-07-22T14:09:20.000Z,Outbound,+1415555103,+12127061626,Noah Patel,Sales,3,Failed
SMS-501200,2026-07-22T13:33:03.000Z,Inbound,+14155929780,+1415555101,Ava Thompson,Sales,1,Delivered
SMS-501201,2026-07-22T13:06:52.000Z,Inbound,+13059224781,+1415555203,Sophia Nguyen,Customer Support,1,Delivered
SMS-501202,2026-07-22T14:45:10.000Z,Outbound,+1415555205,+14158150400,Isabella Kim,Customer Support,1,Delivered
SMS-501203,2026-07-22T13:50:02.000Z,Inbound,+16179718258,+1415555502,Grace Lindqvist,IT Helpdesk,2,Delivered
SMS-501204,2026-07-22T13:00:25.000Z,Inbound,+17024080882,+1415555403,Amelia Foster,Customer Success,2,Delivered
SMS-501205,2026-07-22T13:01:36.000Z,Outbound,+1415555203,+12124467952,Sophia Nguyen,Customer Support,1,Delivered
SMS-501206,2026-07-22T13:40:47.000Z,Outbound,+1415555205,+13057630425,Isabella Kim,Customer Support,3,Delivered
SMS-501207,2026-07-22T13:58:43.000Z,Outbound,+1415555103,+13125758228,Noah Patel,Sales,1,Delivered
SMS-501208,2026-07-22T13:08:58.000Z,Inbound,+13129986910,+1415555202,Ethan Walker,Customer Support,2,Delivered
SMS-501209,2026-07-22T13:57:11.000Z,Inbound,+12123237600,+1415555303,Benjamin Osei,Billing,2,Delivered
SMS-501210,2026-07-22T14:55:07.000Z,Inbound,+14157218741,+1415555103,Noah Patel,Sales,1,Delivered
SMS-501211,2026-07-22T12:46:26.000Z,Outbound,+1415555302,+14043284579,Mia Alvarez,Billing,3,Delivered
SMS-501212,2026-07-22T13:01:17.000Z,Inbound,+14049340121,+1415555204,Mason Brooks,Customer Support,3,Failed
SMS-501213,2026-07-22T11:26:16.000Z,Inbound,+15123732726,+1415555402,Lucas Bennett,Customer Success,1,Delivered
SMS-501214,2026-07-22T12:50:23.000Z,Inbound,+12129692703,+1415555204,Mason Brooks,Customer Support,1,Delivered
SMS-501215,2026-07-22T12:41:11.000Z,Inbound,+12068424375,+1415555402,Lucas Bennett,Customer Success,2,Delivered
SMS-501216,2026-07-22T12:06:41.000Z,Inbound,+14803287238,+1415555502,Grace Lindqvist,IT Helpdesk,1,Delivered
SMS-501217,2026-07-22T13:34:22.000Z,Inbound,+14043335537,+1415555102,Liam Carter,Sales,2,Delivered
SMS-501218,2026-07-22T13:57:03.000Z,Inbound,+14807231827,+1415555204,Mason Brooks,Customer Support,1,Delivered
SMS-501219,2026-07-22T12:27:55.000Z,Outbound,+1415555502,+15124194549,Grace Lindqvist,IT Helpdesk,2,Delivered
SMS-501220,2026-07-22T13:04:09.000Z,Outbound,+1415555104,+15125703353,Emma Rodriguez,Sales,3,Delivered
SMS-501221,2026-07-22T13:29:51.000Z,Inbound,+12069324681,+1415555502,Grace Lindqvist,IT Helpdesk,3,Delivered
SMS-501222,2026-07-22T13:19:08.000Z,Inbound,+14043377949,+1415555501,Henry Okafor,IT Helpdesk,2,Delivered
SMS-501223,2026-07-22T12:44:28.000Z,Outbound,+1415555204,+17028377764,Mason Brooks,Customer Support,1,Delivered
SMS-501224,2026-07-22T14:35:45.000Z,Inbound,+12066866134,+1415555301,James Whitfield,Billing,1,Delivered
SMS-501225,2026-07-22T13:23:08.000Z,Outbound,+1415555204,+14808506698,Mason Brooks,Customer Support,2,Delivered
SMS-501226,2026-07-22T12:43:54.000Z,Inbound,+16173374720,+1415555502,Grace Lindqvist,IT Helpdesk,2,Delivered
SMS-501227,2026-07-22T14:47:09.000Z,Outbound,+1415555102,+14803446593,Liam Carter,Sales,2,Delivered
SMS-501228,2026-07-22T12:04:06.000Z,Inbound,+14157388607,+1415555303,Benjamin Osei,Billing,3,Delivered
SMS-501229,2026-07-22T12:17:54.000Z,Outbound,+1415555103,+14803545767,Noah Patel,Sales,3,Delivered
SMS-501230,2026-07-22T13:06:19.000Z,Inbound,+14802176485,+1415555203,Sophia Nguyen,Customer Support,2,Delivered
SMS-501231,2026-07-22T12:16:14.000Z,Inbound,+14049719221,+1415555102,Liam Carter,Sales,1,Delivered
SMS-501232,2026-07-22T13:07:39.000Z,Outbound,+1415555501,+16179572176,Henry Okafor,IT Helpdesk,3,Delivered
SMS-501233,2026-07-23T13:26:30.000Z,Outbound,+1415555205,+13052290914,Isabella Kim,Customer Support,1,Delivered
SMS-501234,2026-07-23T14:37:40.000Z,Outbound,+1415555302,+14156435942,Mia Alvarez,Billing,2,Delivered
SMS-501235,2026-07-23T13:24:57.000Z,Outbound,+1415555205,+14804958385,Isabella Kim,Customer Support,3,Delivered
SMS-501236,2026-07-23T14:47:47.000Z,Inbound,+17022731597,+1415555202,Ethan Walker,Customer Support,3,Delivered
SMS-501237,2026-07-23T13:13:23.000Z,Outbound,+1415555102,+12062573495,Liam Carter,Sales,2,Delivered
SMS-501238,2026-07-23T13:57:42.000Z,Inbound,+12127984334,+1415555104,Emma Rodriguez,Sales,3,Delivered
SMS-501239,2026-07-23T14:07:29.000Z,Inbound,+13054459058,+1415555501,Henry Okafor,IT Helpdesk,2,Delivered
SMS-501240,2026-07-23T14:05:45.000Z,Inbound,+15129206269,+1415555303,Benjamin Osei,Billing,1,Delivered
SMS-501241,2026-07-23T13:56:46.000Z,Outbound,+1415555402,+14806711581,Lucas Bennett,Customer Success,1,Delivered
SMS-501242,2026-07-23T12:41:07.000Z,Inbound,+13059482465,+1415555104,Emma Rodriguez,Sales,1,Delivered
SMS-501243,2026-07-23T14:15:02.000Z,Inbound,+16173274276,+1415555102,Liam Carter,Sales,3,Delivered
SMS-501244,2026-07-23T13:01:12.000Z,Inbound,+13129006150,+1415555201,Olivia Chen,Customer Support,1,Delivered
SMS-501245,2026-07-23T13:58:38.000Z,Inbound,+13127829463,+1415555101,Ava Thompson,Sales,3,Delivered
SMS-501246,2026-07-23T14:57:14.000Z,Outbound,+1415555402,+16174974759,Lucas Bennett,Customer Success,1,Delivered
SMS-501247,2026-07-23T12:16:51.000Z,Inbound,+14805544061,+1415555402,Lucas Bennett,Customer Success,1,Delivered
SMS-501248,2026-07-23T12:31:18.000Z,Outbound,+1415555402,+17028207439,Lucas Bennett,Customer Success,1,Delivered
SMS-501249,2026-07-23T13:52:07.000Z,Inbound,+12128056929,+1415555104,Emma Rodriguez,Sales,1,Delivered
SMS-501250,2026-07-23T13:15:21.000Z,Inbound,+13126097342,+1415555104,Emma Rodriguez,Sales,1,Delivered
SMS-501251,2026-07-23T12:32:42.000Z,Inbound,+16172946727,+1415555303,Benjamin Osei,Billing,1,Delivered
SMS-501252,2026-07-23T12:19:36.000Z,Outbound,+1415555403,+14158831041,Amelia Foster,Customer Success,1,Delivered
SMS-501253,2026-07-23T13:44:14.000Z,Outbound,+1415555204,+17025009308,Mason Brooks,Customer Support,2,Delivered
SMS-501254,2026-07-23T15:08:04.000Z,Inbound,+12064634413,+1415555204,Mason Brooks,Customer Support,3,Pending
SMS-501255,2026-07-23T13:54:52.000Z,Outbound,+1415555103,+17025170631,Noah Patel,Sales,2,Delivered
SMS-501256,2026-07-23T13:55:40.000Z,Outbound,+1415555401,+14807347812,Charlotte Reyes,Customer Success,1,Pending
SMS-501257,2026-07-23T13:56:40.000Z,Inbound,+12126603108,+1415555501,Henry Okafor,IT Helpdesk,3,Delivered
SMS-501258,2026-07-23T13:50:37.000Z,Inbound,+15124203143,+1415555403,Amelia Foster,Customer Success,1,Delivered
SMS-501259,2026-07-23T14:09:04.000Z,Inbound,+15125866348,+1415555203,Sophia Nguyen,Customer Support,2,Delivered
SMS-501260,2026-07-23T13:35:55.000Z,Outbound,+1415555402,+14049777957,Lucas Bennett,Customer Success,2,Delivered
SMS-501261,2026-07-23T13:27:33.000Z,Inbound,+13122919564,+1415555104,Emma Rodriguez,Sales,1,Delivered
SMS-501262,2026-07-23T12:44:22.000Z,Inbound,+17023850535,+1415555502,Grace Lindqvist,IT Helpdesk,3,Delivered
SMS-501263,2026-07-23T14:03:09.000Z,Inbound,+14807473104,+1415555205,Isabella Kim,Customer Support,2,Delivered
SMS-501264,2026-07-23T12:30:18.000Z,Inbound,+12068193177,+1415555502,Grace Lindqvist,IT Helpdesk,3,Delivered
SMS-501265,2026-07-23T11:42:53.000Z,Inbound,+12124351915,+1415555403,Amelia Foster,Customer Success,1,Failed
SMS-501266,2026-07-23T13:48:09.000Z,Inbound,+13054615735,+1415555102,Liam Carter,Sales,1,Delivered
SMS-501267,2026-07-23T13:21:15.000Z,Outbound,+1415555101,+13127775472,Ava Thompson,Sales,2,Delivered
SMS-501268,2026-07-23T13:30:27.000Z,Inbound,+16177155570,+1415555501,Henry Okafor,IT Helpdesk,2,Delivered
SMS-501269,2026-07-23T13:59:46.000Z,Inbound,+14045482316,+1415555203,Sophia Nguyen,Customer Support,2,Delivered
SMS-501270,2026-07-23T13:58:23.000Z,Inbound,+13052359226,+1415555501,Henry Okafor,IT Helpdesk,1,Delivered
SMS-501271,2026-07-23T13:01:42.000Z,Outbound,+1415555101,+12127937552,Ava Thompson,Sales,1,Delivered
SMS-501272,2026-07-23T13:52:16.000Z,Outbound,+1415555303,+13123134784,Benjamin Osei,Billing,3,Delivered
SMS-501273,2026-07-23T14:56:41.000Z,Inbound,+17029319687,+1415555104,Emma Rodriguez,Sales,2,Delivered
SMS-501274,2026-07-23T13:26:22.000Z,Outbound,+1415555401,+13126223593,Charlotte Reyes,Customer Success,2,Delivered
SMS-501275,2026-07-23T15:24:09.000Z,Outbound,+1415555301,+14043442203,James Whitfield,Billing,2,Delivered
SMS-501276,2026-07-23T13:20:14.000Z,Outbound,+1415555403,+13056507228,Amelia Foster,Customer Success,3,Delivered
SMS-501277,2026-07-23T13:28:14.000Z,Outbound,+1415555102,+13059917415,Liam Carter,Sales,2,Delivered
SMS-501278,2026-07-23T13:03:33.000Z,Inbound,+13053379844,+1415555401,Charlotte Reyes,Customer Success,3,Delivered
SMS-501279,2026-07-23T12:06:14.000Z,Inbound,+13123285892,+1415555502,Grace Lindqvist,IT Helpdesk,1,Delivered
SMS-501280,2026-07-23T13:43:08.000Z,Outbound,+1415555204,+13058776932,Mason Brooks,Customer Support,2,Delivered
SMS-501281,2026-07-23T12:59:59.000Z,Outbound,+1415555205,+17022305461,Isabella Kim,Customer Support,1,Delivered
SMS-501282,2026-07-24T12:43:04.000Z,Inbound,+14806313129,+1415555401,Charlotte Reyes,Customer Success,3,Delivered
SMS-501283,2026-07-24T11:18:04.000Z,Outbound,+1415555301,+14156463235,James Whitfield,Billing,2,Delivered
SMS-501284,2026-07-24T14:55:39.000Z,Outbound,+1415555203,+15124861987,Sophia Nguyen,Customer Support,3,Delivered
SMS-501285,2026-07-24T12:18:17.000Z,Inbound,+13126666480,+1415555204,Mason Brooks,Customer Support,3,Delivered
SMS-501286,2026-07-24T13:15:36.000Z,Outbound,+1415555101,+12122600950,Ava Thompson,Sales,1,Delivered
SMS-501287,2026-07-24T12:05:15.000Z,Inbound,+14042221224,+1415555203,Sophia Nguyen,Customer Support,1,Delivered
SMS-501288,2026-07-24T12:05:37.000Z,Outbound,+1415555205,+17023934639,Isabella Kim,Customer Support,2,Delivered
SMS-501289,2026-07-24T14:15:02.000Z,Outbound,+1415555102,+13129910802,Liam Carter,Sales,3,Delivered
SMS-501290,2026-07-24T11:20:43.000Z,Inbound,+17029588309,+1415555202,Ethan Walker,Customer Support,3,Delivered
SMS-501291,2026-07-24T12:37:05.000Z,Inbound,+17026373323,+1415555401,Charlotte Reyes,Customer Success,2,Delivered
SMS-501292,2026-07-24T12:09:51.000Z,Inbound,+17028536556,+1415555103,Noah Patel,Sales,1,Delivered
SMS-501293,2026-07-24T13:56:44.000Z,Inbound,+17026505929,+1415555205,Isabella Kim,Customer Support,1,Delivered
SMS-501294,2026-07-24T14:48:21.000Z,Inbound,+14156140072,+1415555201,Olivia Chen,Customer Support,1,Delivered
SMS-501295,2026-07-24T12:53:22.000Z,Outbound,+1415555204,+13125084107,Mason Brooks,Customer Support,3,Delivered
SMS-501296,2026-07-24T13:07:55.000Z,Inbound,+12069511493,+1415555403,Amelia Foster,Customer Success,2,Delivered
SMS-501297,2026-07-24T13:03:55.000Z,Inbound,+14809758445,+1415555302,Mia Alvarez,Billing,1,Delivered
SMS-501298,2026-07-24T12:42:38.000Z,Inbound,+13058439158,+1415555403,Amelia Foster,Customer Success,1,Delivered
SMS-501299,2026-07-24T12:04:40.000Z,Outbound,+1415555501,+17022224847,Henry Okafor,IT Helpdesk,3,Delivered
SMS-501300,2026-07-24T12:49:21.000Z,Outbound,+1415555202,+13126067818,Ethan Walker,Customer Support,3,Delivered
SMS-501301,2026-07-24T13:41:10.000Z,Outbound,+1415555502,+12125938397,Grace Lindqvist,IT Helpdesk,1,Delivered
SMS-501302,2026-07-24T12:11:03.000Z,Inbound,+16177497216,+1415555201,Olivia Chen,Customer Support,1,Delivered
SMS-501303,2026-07-24T13:25:31.000Z,Inbound,+15129224494,+1415555201,Olivia Chen,Customer Support,2,Delivered
SMS-501304,2026-07-24T13:22:10.000Z,Inbound,+16176574682,+1415555502,Grace Lindqvist,IT Helpdesk,1,Failed
SMS-501305,2026-07-24T12:42:29.000Z,Inbound,+14153223836,+1415555103,Noah Patel,Sales,1,Delivered
SMS-501306,2026-07-24T12:17:35.000Z,Outbound,+1415555204,+12124418211,Mason Brooks,Customer Support,2,Delivered
SMS-501307,2026-07-24T13:21:45.000Z,Outbound,+1415555501,+16172720205,Henry Okafor,IT Helpdesk,1,Delivered
SMS-501308,2026-07-24T13:00:01.000Z,Inbound,+15127147965,+1415555301,James Whitfield,Billing,3,Delivered
SMS-501309,2026-07-24T14:08:16.000Z,Inbound,+17028926301,+1415555301,James Whitfield,Billing,2,Delivered
SMS-501310,2026-07-24T11:24:28.000Z,Outbound,+1415555402,+14155453384,Lucas Bennett,Customer Success,3,Delivered
SMS-501311,2026-07-24T12:42:15.000Z,Outbound,+1415555403,+13128098430,Amelia Foster,Customer Success,1,Delivered
SMS-501312,2026-07-24T12:50:13.000Z,Outbound,+1415555201,+13126676587,Olivia Chen,Customer Support,3,Delivered
SMS-501313,2026-07-24T12:13:21.000Z,Inbound,+13124167120,+1415555402,Lucas Bennett,Customer Success,2,Delivered
SMS-501314,2026-07-24T12:29:23.000Z,Inbound,+14155603103,+1415555501,Henry Okafor,IT Helpdesk,3,Delivered
SMS-501315,2026-07-24T14:48:34.000Z,Inbound,+15126978509,+1415555502,Grace Lindqvist,IT Helpdesk,3,Delivered
SMS-501316,2026-07-24T14:03:48.000Z,Inbound,+14809881533,+1415555205,Isabella Kim,Customer Support,2,Delivered
SMS-501317,2026-07-24T13:29:50.000Z,Inbound,+14159229365,+1415555402,Lucas Bennett,Customer Success,1,Delivered
SMS-501318,2026-07-24T13:05:51.000Z,Inbound,+12063709514,+1415555302,Mia Alvarez,Billing,3,Failed
SMS-501319,2026-07-24T14:27:25.000Z,Outbound,+1415555104,+13125114177,Emma Rodriguez,Sales,1,Delivered
SMS-501320,2026-07-24T13:03:26.000Z,Inbound,+15122825534,+1415555204,Mason Brooks,Customer Support,1,Delivered
SMS-501321,2026-07-24T12:54:59.000Z,Outbound,+1415555104,+16172476136,Emma Rodriguez,Sales,2,Delivered
SMS-501322,2026-07-24T13:40:29.000Z,Outbound,+1415555101,+12125715352,Ava Thompson,Sales,3,Delivered
SMS-501323,2026-07-24T13:41:21.000Z,Inbound,+13058782233,+1415555402,Lucas Bennett,Customer Success,2,Delivered
SMS-501324,2026-07-24T14:32:07.000Z,Inbound,+12123225594,+1415555102,Liam Carter,Sales,3,Delivered
SMS-501325,2026-07-24T14:20:07.000Z,Inbound,+14806962683,+1415555202,Ethan Walker,Customer Support,1,Failed
SMS-501326,2026-07-24T13:12:55.000Z,Outbound,+1415555403,+14044200548,Amelia Foster,Customer Success,3,Delivered
SMS-501327,2026-07-24T13:47:16.000Z,Outbound,+1415555204,+13055698005,Mason Brooks,Customer Support,2,Failed
SMS-501328,2026-07-24T11:47:27.000Z,Inbound,+13054804882,+1415555403,Amelia Foster,Customer Success,3,Delivered
SMS-501329,2026-07-24T12:04:25.000Z,Inbound,+12129639396,+1415555104,Emma Rodriguez,Sales,2,Delivered
SMS-501330,2026-07-24T14:09:31.000Z,Inbound,+16176135569,+1415555204,Mason Brooks,Customer Support,2,Delivered
SMS-501331,2026-07-24T12:32:13.000Z,Inbound,+14804531186,+1415555202,Ethan Walker,Customer Support,1,Delivered
SMS-501332,2026-07-25T13:32:20.000Z,Inbound,+13055373669,+1415555303,Benjamin Osei,Billing,1,Delivered
SMS-501333,2026-07-25T13:04:43.000Z,Outbound,+1415555402,+16173569782,Lucas Bennett,Customer Success,1,Failed
SMS-501334,2026-07-25T12:21:29.000Z,Inbound,+17023311467,+1415555301,James Whitfield,Billing,3,Delivered
SMS-501335,2026-07-25T12:27:12.000Z,Outbound,+1415555401,+14049271918,Charlotte Reyes,Customer Success,2,Delivered
SMS-501336,2026-07-25T11:03:17.000Z,Inbound,+17029188102,+1415555301,James Whitfield,Billing,2,Delivered
SMS-501337,2026-07-25T15:14:00.000Z,Inbound,+14042038614,+1415555302,Mia Alvarez,Billing,2,Delivered
SMS-501338,2026-07-25T14:19:34.000Z,Inbound,+14155467851,+1415555501,Henry Okafor,IT Helpdesk,1,Delivered
SMS-501339,2026-07-25T13:03:23.000Z,Inbound,+13128070639,+1415555103,Noah Patel,Sales,3,Delivered
SMS-501340,2026-07-25T14:53:35.000Z,Inbound,+12068271984,+1415555402,Lucas Bennett,Customer Success,2,Delivered
SMS-501341,2026-07-25T13:17:51.000Z,Inbound,+12069078450,+1415555301,James Whitfield,Billing,3,Delivered
SMS-501342,2026-07-26T13:25:19.000Z,Outbound,+1415555202,+14043145785,Ethan Walker,Customer Support,1,Delivered
SMS-501343,2026-07-26T12:58:12.000Z,Outbound,+1415555301,+13055268299,James Whitfield,Billing,1,Delivered
SMS-501344,2026-07-26T14:06:40.000Z,Inbound,+17025887851,+1415555204,Mason Brooks,Customer Support,3,Delivered
SMS-501345,2026-07-26T13:21:01.000Z,Inbound,+15127545744,+1415555202,Ethan Walker,Customer Support,2,Failed
SMS-501346,2026-07-26T13:08:46.000Z,Inbound,+12128078598,+1415555104,Emma Rodriguez,Sales,2,Delivered
SMS-501347,2026-07-26T12:39:38.000Z,Outbound,+1415555401,+15124923584,Charlotte Reyes,Customer Success,3,Delivered
SMS-501348,2026-07-26T14:47:23.000Z,Inbound,+17025051358,+1415555104,Emma Rodriguez,Sales,2,Failed
SMS-501349,2026-07-26T12:39:53.000Z,Outbound,+1415555103,+15125666257,Noah Patel,Sales,2,Delivered
SMS-501350,2026-07-26T12:38:26.000Z,Inbound,+15126381519,+1415555501,Henry Okafor,IT Helpdesk,1,Delivered
SMS-501351,2026-07-26T13:13:48.000Z,Outbound,+1415555205,+14045725452,Isabella Kim,Customer Support,1,Delivered
SMS-501352,2026-07-26T13:46:41.000Z,Inbound,+17026406078,+1415555205,Isabella Kim,Customer Support,1,Delivered
SMS-501353,2026-07-26T13:26:16.000Z,Outbound,+1415555502,+17024823687,Grace Lindqvist,IT Helpdesk,2,Delivered
SMS-501354,2026-07-27T15:55:30.000Z,Inbound,+16179706343,+1415555203,Sophia Nguyen,Customer Support,2,Delivered
SMS-501355,2026-07-27T12:44:07.000Z,Outbound,+1415555101,+13056947092,Ava Thompson,Sales,1,Delivered
SMS-501356,2026-07-27T13:48:36.000Z,Outbound,+1415555502,+15126509949,Grace Lindqvist,IT Helpdesk,2,Delivered
SMS-501357,2026-07-27T14:26:13.000Z,Inbound,+14157798362,+1415555103,Noah Patel,Sales,3,Delivered
SMS-501358,2026-07-27T14:02:01.000Z,Inbound,+12129001631,+1415555205,Isabella Kim,Customer Support,2,Delivered
SMS-501359,2026-07-27T13:26:10.000Z,Outbound,+1415555204,+14157428315,Mason Brooks,Customer Support,3,Failed
SMS-501360,2026-07-27T14:02:25.000Z,Outbound,+1415555301,+12063529321,James Whitfield,Billing,1,Delivered
SMS-501361,2026-07-27T14:35:14.000Z,Outbound,+1415555201,+12127456874,Olivia Chen,Customer Support,1,Delivered
SMS-501362,2026-07-27T13:13:44.000Z,Inbound,+17024632870,+1415555201,Olivia Chen,Customer Support,2,Delivered
SMS-501363,2026-07-27T13:49:44.000Z,Inbound,+12062223915,+1415555403,Amelia Foster,Customer Success,1,Delivered
SMS-501364,2026-07-27T13:47:47.000Z,Outbound,+1415555403,+17027724210,Amelia Foster,Customer Success,1,Delivered
SMS-501365,2026-07-27T14:29:10.000Z,Inbound,+14808709845,+1415555401,Charlotte Reyes,Customer Success,1,Delivered
SMS-501366,2026-07-27T13:49:57.000Z,Inbound,+13129537103,+1415555502,Grace Lindqvist,IT Helpdesk,2,Delivered
SMS-501367,2026-07-27T13:38:35.000Z,Inbound,+14158051051,+1415555401,Charlotte Reyes,Customer Success,3,Delivered
SMS-501368,2026-07-27T13:17:48.000Z,Inbound,+14804391678,+1415555402,Lucas Bennett,Customer Success,1,Delivered
SMS-501369,2026-07-27T11:28:03.000Z,Outbound,+1415555501,+12126734651,Henry Okafor,IT Helpdesk,3,Delivered
SMS-501370,2026-07-27T13:29:51.000Z,Inbound,+12124788738,+1415555402,Lucas Bennett,Customer Success,3,Failed
SMS-501371,2026-07-27T14:50:29.000Z,Outbound,+1415555202,+13123717001,Ethan Walker,Customer Support,3,Delivered
SMS-501372,2026-07-27T12:36:49.000Z,Inbound,+13128512092,+1415555501,Henry Okafor,IT Helpdesk,1,Delivered
SMS-501373,2026-07-27T13:43:58.000Z,Inbound,+13128355786,+1415555203,Sophia Nguyen,Customer Support,2,Delivered
SMS-501374,2026-07-27T12:45:38.000Z,Outbound,+1415555102,+13059632796,Liam Carter,Sales,1,Delivered
SMS-501375,2026-07-27T13:33:54.000Z,Outbound,+1415555403,+12069400567,Amelia Foster,Customer Success,3,Delivered
SMS-501376,2026-07-27T13:58:22.000Z,Outbound,+1415555403,+14808223999,Amelia Foster,Customer Success,1,Delivered
SMS-501377,2026-07-27T13:40:47.000Z,Inbound,+15125818683,+1415555202,Ethan Walker,Customer Support,3,Delivered
SMS-501378,2026-07-27T13:39:45.000Z,Outbound,+1415555104,+15127672093,Emma Rodriguez,Sales,3,Delivered
SMS-501379,2026-07-27T14:27:29.000Z,Inbound,+14152742619,+1415555201,Olivia Chen,Customer Support,1,Delivered
SMS-501380,2026-07-27T13:39:24.000Z,Outbound,+1415555101,+14045203079,Ava Thompson,Sales,2,Delivered
SMS-501381,2026-07-27T14:56:54.000Z,Inbound,+12124148788,+1415555101,Ava Thompson,Sales,3,Delivered
SMS-501382,2026-07-27T12:04:08.000Z,Outbound,+1415555501,+12062279473,Henry Okafor,IT Helpdesk,3,Delivered
SMS-501383,2026-07-27T13:35:10.000Z,Inbound,+14043625155,+1415555302,Mia Alvarez,Billing,3,Delivered
SMS-501384,2026-07-27T13:01:00.000Z,Inbound,+14807725971,+1415555205,Isabella Kim,Customer Support,2,Delivered
SMS-501385,2026-07-27T12:35:21.000Z,Inbound,+14153500411,+1415555203,Sophia Nguyen,Customer Support,3,Delivered
SMS-501386,2026-07-27T13:46:57.000Z,Inbound,+13124184081,+1415555101,Ava Thompson,Sales,3,Delivered
SMS-501387,2026-07-27T12:45:42.000Z,Inbound,+12068954694,+1415555201,Olivia Chen,Customer Support,3,Delivered
SMS-501388,2026-07-27T13:13:08.000Z,Inbound,+14809750847,+1415555101,Ava Thompson,Sales,1,Delivered
SMS-501389,2026-07-27T12:32:24.000Z,Outbound,+1415555402,+14049218635,Lucas Bennett,Customer Success,3,Delivered
SMS-501390,2026-07-27T12:11:28.000Z,Outbound,+1415555501,+14153561154,Henry Okafor,IT Helpdesk,2,Delivered
SMS-501391,2026-07-27T12:25:38.000Z,Outbound,+1415555102,+12126087223,Liam Carter,Sales,3,Failed
SMS-501392,2026-07-27T13:43:49.000Z,Outbound,+1415555401,+14049113887,Charlotte Reyes,Customer Success,1,Delivered
SMS-501393,2026-07-27T13:09:10.000Z,Outbound,+1415555204,+14802238955,Mason Brooks,Customer Support,2,Delivered
SMS-501394,2026-07-27T11:17:58.000Z,Outbound,+1415555301,+13127554622,James Whitfield,Billing,2,Delivered
SMS-501395,2026-07-27T12:20:22.000Z,Inbound,+13056878003,+1415555204,Mason Brooks,Customer Support,3,Delivered
SMS-501396,2026-07-27T12:29:41.000Z,Inbound,+17029533383,+1415555303,Benjamin Osei,Billing,3,Delivered
SMS-501397,2026-07-27T14:58:12.000Z,Inbound,+17026171514,+1415555302,Mia Alvarez,Billing,3,Delivered
SMS-501398,2026-07-27T12:50:33.000Z,Inbound,+16177018665,+1415555303,Benjamin Osei,Billing,1,Delivered
SMS-501399,2026-07-27T12:50:20.000Z,Inbound,+16178094985,+1415555501,Henry Okafor,IT Helpdesk,1,Pending
SMS-501400,2026-07-27T13:36:38.000Z,Inbound,+12063413313,+1415555202,Ethan Walker,Customer Support,3,Failed
SMS-501401,2026-07-27T13:56:19.000Z,Inbound,+12066013741,+1415555501,Henry Okafor,IT Helpdesk,1,Delivered
SMS-501402,2026-07-27T13:28:25.000Z,Inbound,+14045215362,+1415555201,Olivia Chen,Customer Support,3,Failed
SMS-501403,2026-07-27T14:43:00.000Z,Inbound,+15125770163,+1415555303,Benjamin Osei,Billing,1,Delivered
SMS-501404,2026-07-27T13:54:28.000Z,Inbound,+15123775633,+1415555402,Lucas Bennett,Customer Success,1,Delivered
SMS-501405,2026-07-27T12:00:53.000Z,Inbound,+13056779975,+1415555401,Charlotte Reyes,Customer Success,1,Delivered
SMS-501406,2026-07-27T13:21:10.000Z,Outbound,+1415555302,+14802892421,Mia Alvarez,Billing,3,Delivered
SMS-501407,2026-07-27T13:33:22.000Z,Inbound,+16175860839,+1415555103,Noah Patel,Sales,2,Delivered
SMS-501408,2026-07-27T13:35:31.000Z,Outbound,+1415555502,+17023878994,Grace Lindqvist,IT Helpdesk,2,Delivered
SMS-501409,2026-07-27T14:49:10.000Z,Inbound,+12125674520,+1415555302,Mia Alvarez,Billing,2,Delivered
SMS-501410,2026-07-27T14:10:54.000Z,Inbound,+13059794088,+1415555203,Sophia Nguyen,Customer Support,1,Delivered
SMS-501411,2026-07-27T13:10:38.000Z,Inbound,+13057437065,+1415555102,Liam Carter,Sales,2,Delivered
SMS-501412,2026-07-27T13:02:07.000Z,Outbound,+1415555302,+13058100313,Mia Alvarez,Billing,2,Delivered
SMS-501413,2026-07-27T14:32:35.000Z,Outbound,+1415555104,+13129490295,Emma Rodriguez,Sales,1,Delivered
SMS-501414,2026-07-27T13:20:23.000Z,Outbound,+1415555401,+13058455083,Charlotte Reyes,Customer Success,1,Delivered
SMS-501415,2026-07-27T14:27:22.000Z,Outbound,+1415555301,+16173216839,James Whitfield,Billing,3,Delivered
SMS-501416,2026-07-27T13:28:28.000Z,Outbound,+1415555401,+14049449966,Charlotte Reyes,Customer Success,3,Pending
SMS-501417,2026-07-27T12:43:59.000Z,Outbound,+1415555203,+12129829991,Sophia Nguyen,Customer Support,2,Delivered
SMS-501418,2026-07-27T13:10:28.000Z,Outbound,+1415555302,+15129568354,Mia Alvarez,Billing,2,Delivered
SMS-501419,2026-07-27T12:00:34.000Z,Inbound,+14805280197,+1415555303,Benjamin Osei,Billing,1,Failed
SMS-501420,2026-07-27T13:04:43.000Z,Inbound,+14803173016,+1415555101,Ava Thompson,Sales,3,Delivered
SMS-501421,2026-07-27T13:12:50.000Z,Outbound,+1415555402,+14158544905,Lucas Bennett,Customer Success,1,Delivered
SMS-501422,2026-07-27T12:04:08.000Z,Outbound,+1415555101,+14159397755,Ava Thompson,Sales,1,Delivered
SMS-501423,2026-07-28T12:25:23.000Z,Inbound,+14045943195,+1415555403,Amelia Foster,Customer Success,3,Delivered
SMS-501424,2026-07-28T12:55:15.000Z,Outbound,+1415555202,+14808264074,Ethan Walker,Customer Support,1,Delivered
SMS-501425,2026-07-28T14:30:28.000Z,Inbound,+16174986790,+1415555101,Ava Thompson,Sales,2,Delivered
SMS-501426,2026-07-28T14:49:58.000Z,Outbound,+1415555403,+12125431057,Amelia Foster,Customer Success,1,Delivered
SMS-501427,2026-07-28T14:28:13.000Z,Outbound,+1415555201,+12126190240,Olivia Chen,Customer Support,1,Delivered
SMS-501428,2026-07-28T12:13:50.000Z,Inbound,+14804464645,+1415555403,Amelia Foster,Customer Success,3,Delivered
SMS-501429,2026-07-28T13:47:30.000Z,Outbound,+1415555104,+14808349437,Emma Rodriguez,Sales,2,Delivered
SMS-501430,2026-07-28T12:05:14.000Z,Inbound,+14155512777,+1415555102,Liam Carter,Sales,3,Delivered
SMS-501431,2026-07-28T14:37:09.000Z,Inbound,+12125310602,+1415555205,Isabella Kim,Customer Support,2,Delivered
SMS-501432,2026-07-28T14:46:10.000Z,Outbound,+1415555101,+13052368844,Ava Thompson,Sales,1,Delivered
SMS-501433,2026-07-28T12:54:47.000Z,Inbound,+14042351241,+1415555401,Charlotte Reyes,Customer Success,1,Delivered
SMS-501434,2026-07-28T13:17:53.000Z,Outbound,+1415555301,+13055363083,James Whitfield,Billing,1,Delivered
SMS-501435,2026-07-28T13:09:23.000Z,Outbound,+1415555401,+12129220461,Charlotte Reyes,Customer Success,3,Delivered
SMS-501436,2026-07-28T12:26:01.000Z,Inbound,+15128665040,+1415555101,Ava Thompson,Sales,1,Delivered
SMS-501437,2026-07-28T12:59:08.000Z,Inbound,+14807784071,+1415555101,Ava Thompson,Sales,3,Delivered
SMS-501438,2026-07-28T12:17:25.000Z,Outbound,+1415555203,+13122976016,Sophia Nguyen,Customer Support,1,Delivered
SMS-501439,2026-07-28T12:15:28.000Z,Inbound,+12062382503,+1415555401,Charlotte Reyes,Customer Success,2,Delivered
SMS-501440,2026-07-28T14:59:41.000Z,Inbound,+14807066661,+1415555104,Emma Rodriguez,Sales,2,Delivered
SMS-501441,2026-07-28T13:20:06.000Z,Outbound,+1415555403,+13126853862,Amelia Foster,Customer Success,2,Delivered
SMS-501442,2026-07-28T13:02:17.000Z,Outbound,+1415555202,+12129496038,Ethan Walker,Customer Support,1,Delivered
SMS-501443,2026-07-28T14:37:42.000Z,Outbound,+1415555102,+14154652731,Liam Carter,Sales,2,Delivered
SMS-501444,2026-07-28T14:56:30.000Z,Outbound,+1415555502,+15124531227,Grace Lindqvist,IT Helpdesk,1,Failed
SMS-501445,2026-07-28T13:42:25.000Z,Inbound,+13128147412,+1415555103,Noah Patel,Sales,1,Delivered
SMS-501446,2026-07-28T14:11:04.000Z,Inbound,+16175339765,+1415555501,Henry Okafor,IT Helpdesk,1,Delivered
SMS-501447,2026-07-28T12:26:52.000Z,Inbound,+17023892955,+1415555303,Benjamin Osei,Billing,3,Delivered
SMS-501448,2026-07-28T14:10:55.000Z,Inbound,+14802874494,+1415555205,Isabella Kim,Customer Support,3,Delivered
SMS-501449,2026-07-28T12:42:52.000Z,Outbound,+1415555104,+12067268953,Emma Rodriguez,Sales,3,Delivered
SMS-501450,2026-07-28T12:44:48.000Z,Inbound,+13054513690,+1415555104,Emma Rodriguez,Sales,2,Delivered
SMS-501451,2026-07-28T12:23:00.000Z,Inbound,+17023414836,+1415555103,Noah Patel,Sales,2,Delivered
SMS-501452,2026-07-28T13:31:28.000Z,Inbound,+13127302274,+1415555502,Grace Lindqvist,IT Helpdesk,2,Delivered
SMS-501453,2026-07-28T14:55:13.000Z,Inbound,+12129420190,+1415555402,Lucas Bennett,Customer Success,2,Delivered
SMS-501454,2026-07-28T13:48:23.000Z,Outbound,+1415555205,+15122095019,Isabella Kim,Customer Support,1,Delivered
SMS-501455,2026-07-28T12:26:46.000Z,Inbound,+12064486581,+1415555104,Emma Rodriguez,Sales,1,Delivered
SMS-501456,2026-07-28T15:02:24.000Z,Outbound,+1415555401,+14159722528,Charlotte Reyes,Customer Success,3,Delivered
SMS-501457,2026-07-28T14:14:28.000Z,Inbound,+14047720493,+1415555502,Grace Lindqvist,IT Helpdesk,3,Delivered
SMS-501458,2026-07-28T13:07:00.000Z,Outbound,+1415555103,+14806354310,Noah Patel,Sales,2,Delivered
SMS-501459,2026-07-28T13:14:01.000Z,Inbound,+15128191274,+1415555201,Olivia Chen,Customer Support,1,Delivered
SMS-501460,2026-07-28T14:53:11.000Z,Outbound,+1415555201,+17024142778,Olivia Chen,Customer Support,2,Delivered
SMS-501461,2026-07-28T13:35:35.000Z,Inbound,+15124054813,+1415555403,Amelia Foster,Customer Success,3,Delivered
SMS-501462,2026-07-28T13:48:25.000Z,Outbound,+1415555201,+13054343378,Olivia Chen,Customer Support,3,Delivered
SMS-501463,2026-07-28T12:46:11.000Z,Outbound,+1415555501,+17022158273,Henry Okafor,IT Helpdesk,3,Delivered
SMS-501464,2026-07-28T12:02:18.000Z,Inbound,+17027715959,+1415555103,Noah Patel,Sales,1,Delivered
SMS-501465,2026-07-28T13:10:19.000Z,Outbound,+1415555104,+17027462652,Emma Rodriguez,Sales,3,Delivered
SMS-501466,2026-07-28T12:50:47.000Z,Outbound,+1415555502,+12127965173,Grace Lindqvist,IT Helpdesk,3,Failed
SMS-501467,2026-07-28T13:50:38.000Z,Inbound,+13056569972,+1415555101,Ava Thompson,Sales,1,Delivered
SMS-501468,2026-07-28T14:05:52.000Z,Outbound,+1415555203,+15124881729,Sophia Nguyen,Customer Support,2,Delivered
SMS-501469,2026-07-29T14:46:17.000Z,Inbound,+15126011077,+1415555203,Sophia Nguyen,Customer Support,3,Delivered
SMS-501470,2026-07-29T14:46:40.000Z,Inbound,+12125875589,+1415555502,Grace Lindqvist,IT Helpdesk,1,Delivered
SMS-501471,2026-07-29T12:57:03.000Z,Outbound,+1415555303,+17025070739,Benjamin Osei,Billing,3,Delivered
SMS-501472,2026-07-29T12:49:53.000Z,Inbound,+16175938287,+1415555102,Liam Carter,Sales,2,Failed
SMS-501473,2026-07-29T13:11:47.000Z,Outbound,+1415555502,+12062158860,Grace Lindqvist,IT Helpdesk,2,Delivered
SMS-501474,2026-07-29T12:04:31.000Z,Inbound,+14807255899,+1415555104,Emma Rodriguez,Sales,3,Delivered
SMS-501475,2026-07-29T13:25:01.000Z,Outbound,+1415555202,+16173744726,Ethan Walker,Customer Support,2,Delivered
SMS-501476,2026-07-29T14:36:32.000Z,Inbound,+14153639498,+1415555101,Ava Thompson,Sales,2,Delivered
SMS-501477,2026-07-29T12:55:28.000Z,Outbound,+1415555501,+13058035700,Henry Okafor,IT Helpdesk,3,Delivered
SMS-501478,2026-07-29T13:40:47.000Z,Outbound,+1415555301,+14047017887,James Whitfield,Billing,1,Delivered
SMS-501479,2026-07-29T13:37:33.000Z,Inbound,+13052242208,+1415555401,Charlotte Reyes,Customer Success,1,Delivered
SMS-501480,2026-07-29T13:58:10.000Z,Outbound,+1415555402,+14806814678,Lucas Bennett,Customer Success,1,Delivered
SMS-501481,2026-07-29T13:16:16.000Z,Outbound,+1415555403,+17028899658,Amelia Foster,Customer Success,1,Delivered
SMS-501482,2026-07-29T12:05:11.000Z,Inbound,+14049020247,+1415555402,Lucas Bennett,Customer Success,2,Delivered
SMS-501483,2026-07-29T14:07:28.000Z,Inbound,+12067291841,+1415555203,Sophia Nguyen,Customer Support,1,Delivered
SMS-501484,2026-07-29T14:42:44.000Z,Outbound,+1415555101,+17028954303,Ava Thompson,Sales,2,Delivered
SMS-501485,2026-07-29T13:35:35.000Z,Inbound,+12122916722,+1415555202,Ethan Walker,Customer Support,1,Delivered
SMS-501486,2026-07-29T14:12:57.000Z,Inbound,+12128268299,+1415555103,Noah Patel,Sales,3,Delivered
SMS-501487,2026-07-29T13:01:42.000Z,Inbound,+14042081729,+1415555403,Amelia Foster,Customer Success,1,Delivered
SMS-501488,2026-07-29T13:29:45.000Z,Inbound,+14159014705,+1415555303,Benjamin Osei,Billing,2,Delivered
SMS-501489,2026-07-29T11:26:07.000Z,Outbound,+1415555301,+14047849131,James Whitfield,Billing,2,Delivered
SMS-501490,2026-07-29T13:39:05.000Z,Inbound,+12123298797,+1415555202,Ethan Walker,Customer Support,1,Delivered
SMS-501491,2026-07-29T12:01:26.000Z,Inbound,+14808865005,+1415555203,Sophia Nguyen,Customer Support,1,Delivered
SMS-501492,2026-07-29T13:00:52.000Z,Outbound,+1415555402,+14805852082,Lucas Bennett,Customer Success,3,Delivered
SMS-501493,2026-07-29T13:01:54.000Z,Outbound,+1415555402,+12063219429,Lucas Bennett,Customer Success,3,Delivered
SMS-501494,2026-07-29T13:38:46.000Z,Outbound,+1415555103,+17027085795,Noah Patel,Sales,3,Delivered
SMS-501495,2026-07-29T13:29:51.000Z,Inbound,+15126882917,+1415555301,James Whitfield,Billing,2,Delivered
SMS-501496,2026-07-29T14:27:13.000Z,Inbound,+14809267075,+1415555104,Emma Rodriguez,Sales,2,Delivered
SMS-501497,2026-07-29T13:12:37.000Z,Outbound,+1415555101,+12126073780,Ava Thompson,Sales,2,Delivered
SMS-501498,2026-07-29T12:10:30.000Z,Inbound,+14802997014,+1415555401,Charlotte Reyes,Customer Success,1,Delivered
SMS-501499,2026-07-29T13:49:36.000Z,Outbound,+1415555302,+12126371510,Mia Alvarez,Billing,1,Delivered
SMS-501500,2026-07-29T13:48:43.000Z,Inbound,+16176678552,+1415555501,Henry Okafor,IT Helpdesk,2,Delivered
SMS-501501,2026-07-29T15:25:25.000Z,Outbound,+1415555205,+12129333903,Isabella Kim,Customer Support,3,Delivered
SMS-501502,2026-07-29T13:11:14.000Z,Inbound,+16174445313,+1415555203,Sophia Nguyen,Customer Support,1,Delivered
SMS-501503,2026-07-29T14:04:34.000Z,Outbound,+1415555205,+13124548847,Isabella Kim,Customer Support,2,Delivered
SMS-501504,2026-07-29T14:00:23.000Z,Outbound,+1415555403,+14152778683,Amelia Foster,Customer Success,2,Delivered
SMS-501505,2026-07-29T14:06:01.000Z,Inbound,+14809811901,+1415555101,Ava Thompson,Sales,1,Pending
SMS-501506,2026-07-29T15:36:39.000Z,Inbound,+12064810061,+1415555501,Henry Okafor,IT Helpdesk,2,Delivered
SMS-501507,2026-07-29T13:09:01.000Z,Inbound,+17023029087,+1415555102,Liam Carter,Sales,2,Delivered
SMS-501508,2026-07-29T13:53:39.000Z,Outbound,+1415555302,+13125412365,Mia Alvarez,Billing,1,Delivered
SMS-501509,2026-07-29T14:29:58.000Z,Inbound,+13054380120,+1415555101,Ava Thompson,Sales,1,Delivered
SMS-501510,2026-07-29T12:02:20.000Z,Inbound,+14802029628,+1415555401,Charlotte Reyes,Customer Success,3,Delivered
SMS-501511,2026-07-29T12:26:52.000Z,Inbound,+12062269078,+1415555301,James Whitfield,Billing,3,Delivered
SMS-501512,2026-07-29T13:27:46.000Z,Inbound,+14806684872,+1415555204,Mason Brooks,Customer Support,3,Delivered
SMS-501513,2026-07-29T12:27:19.000Z,Outbound,+1415555302,+14049835960,Mia Alvarez,Billing,3,Delivered
SMS-501514,2026-07-29T13:16:02.000Z,Outbound,+1415555501,+14157517707,Henry Okafor,IT Helpdesk,1,Delivered
SMS-501515,2026-07-29T13:26:12.000Z,Outbound,+1415555303,+16175194665,Benjamin Osei,Billing,3,Delivered
SMS-501516,2026-07-29T13:59:51.000Z,Outbound,+1415555201,+13052881623,Olivia Chen,Customer Support,1,Delivered
SMS-501517,2026-07-29T14:20:03.000Z,Inbound,+14157006011,+1415555501,Henry Okafor,IT Helpdesk,1,Delivered
SMS-501518,2026-07-29T13:08:53.000Z,Outbound,+1415555401,+16173641839,Charlotte Reyes,Customer Success,1,Delivered
SMS-501519,2026-07-29T12:35:18.000Z,Inbound,+14156775721,+1415555502,Grace Lindqvist,IT Helpdesk,2,Failed
SMS-501520,2026-07-29T13:19:57.000Z,Outbound,+1415555102,+16177182393,Liam Carter,Sales,1,Delivered
SMS-501521,2026-07-29T13:06:32.000Z,Outbound,+1415555101,+15122331050,Ava Thompson,Sales,3,Delivered
SMS-501522,2026-07-29T13:44:44.000Z,Inbound,+14158860182,+1415555501,Henry Okafor,IT Helpdesk,2,Delivered
SMS-501523,2026-07-29T14:06:04.000Z,Inbound,+16178004720,+1415555501,Henry Okafor,IT Helpdesk,1,Delivered
SMS-501524,2026-07-29T13:45:43.000Z,Outbound,+1415555104,+12064430820,Emma Rodriguez,Sales,2,Delivered
SMS-501525,2026-07-29T14:36:10.000Z,Outbound,+1415555201,+17028388348,Olivia Chen,Customer Support,2,Delivered
SMS-501526,2026-07-29T13:00:39.000Z,Inbound,+13128587684,+1415555501,Henry Okafor,IT Helpdesk,2,Delivered
SMS-501527,2026-07-29T13:32:08.000Z,Outbound,+1415555202,+13053178047,Ethan Walker,Customer Support,1,Delivered
SMS-501528,2026-07-29T13:24:34.000Z,Inbound,+12069274562,+1415555502,Grace Lindqvist,IT Helpdesk,1,Delivered
SMS-501529,2026-07-29T14:49:44.000Z,Outbound,+1415555205,+17028513938,Isabella Kim,Customer Support,2,Delivered
SMS-501530,2026-07-29T12:05:43.000Z,Outbound,+1415555102,+13054461624,Liam Carter,Sales,1,Delivered
SMS-501531,2026-07-29T15:21:40.000Z,Inbound,+14156864891,+1415555201,Olivia Chen,Customer Support,3,Delivered
SMS-501532,2026-07-29T14:56:25.000Z,Inbound,+12067599925,+1415555401,Charlotte Reyes,Customer Success,1,Pending
SMS-501533,2026-07-29T14:51:13.000Z,Inbound,+17023732115,+1415555301,James Whitfield,Billing,2,Delivered
SMS-501534,2026-07-29T12:27:28.000Z,Outbound,+1415555203,+14802594663,Sophia Nguyen,Customer Support,3,Delivered
SMS-501535,2026-07-29T14:29:27.000Z,Inbound,+13128927176,+1415555101,Ava Thompson,Sales,2,Delivered
SMS-501536,2026-07-29T13:08:39.000Z,Outbound,+1415555301,+13129784252,James Whitfield,Billing,3,Delivered
SMS-501537,2026-07-29T13:25:47.000Z,Outbound,+1415555401,+13124089192,Charlotte Reyes,Customer Success,3,Delivered
SMS-501538,2026-07-29T14:11:20.000Z,Outbound,+1415555402,+16173861821,Lucas Bennett,Customer Success,3,Delivered
SMS-501539,2026-07-30T13:20:56.000Z,Inbound,+13053032718,+1415555402,Lucas Bennett,Customer Success,2,Failed
SMS-501540,2026-07-30T14:41:02.000Z,Outbound,+1415555101,+16179658381,Ava Thompson,Sales,2,Delivered
SMS-501541,2026-07-30T13:44:34.000Z,Inbound,+14042316209,+1415555204,Mason Brooks,Customer Support,3,Failed
SMS-501542,2026-07-30T11:56:13.000Z,Inbound,+13129307383,+1415555203,Sophia Nguyen,Customer Support,1,Delivered
SMS-501543,2026-07-30T13:15:11.000Z,Inbound,+14156011550,+1415555502,Grace Lindqvist,IT Helpdesk,3,Delivered
SMS-501544,2026-07-30T12:18:23.000Z,Outbound,+1415555104,+14048733540,Emma Rodriguez,Sales,2,Delivered
SMS-501545,2026-07-30T13:36:20.000Z,Inbound,+14804428647,+1415555401,Charlotte Reyes,Customer Success,2,Delivered
SMS-501546,2026-07-30T14:08:18.000Z,Outbound,+1415555102,+14155854300,Liam Carter,Sales,1,Delivered
SMS-501547,2026-07-30T13:55:39.000Z,Inbound,+15124986384,+1415555403,Amelia Foster,Customer Success,2,Delivered
SMS-501548,2026-07-30T12:26:08.000Z,Inbound,+16173515716,+1415555201,Olivia Chen,Customer Support,1,Delivered
SMS-501549,2026-07-30T14:49:04.000Z,Outbound,+1415555103,+16178622471,Noah Patel,Sales,1,Delivered
SMS-501550,2026-07-30T13:12:08.000Z,Outbound,+1415555201,+17028070007,Olivia Chen,Customer Support,1,Delivered
SMS-501551,2026-07-30T12:13:39.000Z,Outbound,+1415555203,+13054961853,Sophia Nguyen,Customer Support,1,Delivered
SMS-501552,2026-07-30T14:46:06.000Z,Inbound,+14043819003,+1415555401,Charlotte Reyes,Customer Success,2,Delivered
SMS-501553,2026-07-30T11:24:42.000Z,Inbound,+12124105716,+1415555205,Isabella Kim,Customer Support,2,Delivered
SMS-501554,2026-07-30T14:28:17.000Z,Outbound,+1415555501,+12123642451,Henry Okafor,IT Helpdesk,1,Delivered
SMS-501555,2026-07-30T12:51:02.000Z,Outbound,+1415555402,+12066699910,Lucas Bennett,Customer Success,1,Delivered
SMS-501556,2026-07-30T13:11:30.000Z,Outbound,+1415555204,+14159162608,Mason Brooks,Customer Support,3,Delivered
SMS-501557,2026-07-30T14:19:13.000Z,Outbound,+1415555102,+14803291933,Liam Carter,Sales,2,Delivered
SMS-501558,2026-07-30T13:57:23.000Z,Inbound,+12124935999,+1415555203,Sophia Nguyen,Customer Support,2,Delivered
SMS-501559,2026-07-30T12:57:06.000Z,Inbound,+17028226792,+1415555202,Ethan Walker,Customer Support,2,Delivered
SMS-501560,2026-07-30T13:20:37.000Z,Inbound,+13058039625,+1415555201,Olivia Chen,Customer Support,2,Delivered
SMS-501561,2026-07-30T14:29:29.000Z,Outbound,+1415555303,+12127252339,Benjamin Osei,Billing,2,Delivered
SMS-501562,2026-07-30T13:23:07.000Z,Inbound,+14047272384,+1415555202,Ethan Walker,Customer Support,3,Delivered
SMS-501563,2026-07-30T13:44:57.000Z,Inbound,+16177106723,+1415555402,Lucas Bennett,Customer Success,1,Delivered
SMS-501564,2026-07-30T13:00:12.000Z,Inbound,+12123748828,+1415555205,Isabella Kim,Customer Support,2,Failed
SMS-501565,2026-07-30T12:18:49.000Z,Inbound,+12126291833,+1415555502,Grace Lindqvist,IT Helpdesk,1,Delivered
SMS-501566,2026-07-30T14:11:20.000Z,Inbound,+12122220692,+1415555201,Olivia Chen,Customer Support,2,Delivered
SMS-501567,2026-07-30T13:08:47.000Z,Inbound,+12069206491,+1415555204,Mason Brooks,Customer Support,2,Delivered
SMS-501568,2026-07-30T14:33:51.000Z,Outbound,+1415555204,+16172350275,Mason Brooks,Customer Support,2,Delivered
SMS-501569,2026-07-30T12:07:08.000Z,Inbound,+16175291097,+1415555401,Charlotte Reyes,Customer Success,3,Delivered
SMS-501570,2026-07-30T13:54:52.000Z,Outbound,+1415555301,+14802768055,James Whitfield,Billing,3,Delivered
SMS-501571,2026-07-30T13:00:21.000Z,Outbound,+1415555205,+12128135921,Isabella Kim,Customer Support,3,Delivered
SMS-501572,2026-07-30T13:35:27.000Z,Inbound,+13127893214,+1415555202,Ethan Walker,Customer Support,1,Delivered
SMS-501573,2026-07-30T14:24:30.000Z,Inbound,+14808113527,+1415555302,Mia Alvarez,Billing,1,Delivered
SMS-501574,2026-07-30T14:24:32.000Z,Outbound,+1415555401,+14042190711,Charlotte Reyes,Customer Success,2,Delivered
SMS-501575,2026-07-30T13:24:55.000Z,Inbound,+14805011962,+1415555501,Henry Okafor,IT Helpdesk,2,Delivered
SMS-501576,2026-07-30T12:20:24.000Z,Outbound,+1415555301,+13053672890,James Whitfield,Billing,3,Delivered
SMS-501577,2026-07-30T13:00:10.000Z,Inbound,+17029597007,+1415555104,Emma Rodriguez,Sales,1,Delivered
SMS-501578,2026-07-30T13:00:48.000Z,Outbound,+1415555202,+14154536645,Ethan Walker,Customer Support,2,Delivered
SMS-501579,2026-07-30T12:57:46.000Z,Outbound,+1415555403,+14809483325,Amelia Foster,Customer Success,1,Pending
SMS-501580,2026-07-30T14:59:37.000Z,Outbound,+1415555401,+14046816671,Charlotte Reyes,Customer Success,2,Delivered
SMS-501581,2026-07-30T14:53:40.000Z,Inbound,+14155950424,+1415555301,James Whitfield,Billing,3,Delivered
SMS-501582,2026-07-30T11:00:49.000Z,Inbound,+14158997537,+1415555502,Grace Lindqvist,IT Helpdesk,1,Delivered
SMS-501583,2026-07-30T12:44:09.000Z,Inbound,+16179514133,+1415555203,Sophia Nguyen,Customer Support,1,Delivered
SMS-501584,2026-07-30T13:23:25.000Z,Inbound,+15128613685,+1415555502,Grace Lindqvist,IT Helpdesk,3,Pending
SMS-501585,2026-07-30T13:02:49.000Z,Inbound,+14153846745,+1415555103,Noah Patel,Sales,2,Delivered
SMS-501586,2026-07-30T12:54:18.000Z,Inbound,+15126179495,+1415555301,James Whitfield,Billing,1,Delivered
SMS-501587,2026-07-30T14:49:52.000Z,Outbound,+1415555303,+15127608222,Benjamin Osei,Billing,1,Delivered
SMS-501588,2026-07-30T13:53:18.000Z,Inbound,+16178885744,+1415555401,Charlotte Reyes,Customer Success,2,Delivered
SMS-501589,2026-07-30T13:03:31.000Z,Inbound,+15129089178,+1415555102,Liam Carter,Sales,3,Delivered
SMS-501590,2026-07-30T12:33:50.000Z,Outbound,+1415555202,+13126608261,Ethan Walker,Customer Support,2,Delivered
SMS-501591,2026-07-30T13:46:44.000Z,Outbound,+1415555301,+16172319452,James Whitfield,Billing,1,Delivered
SMS-501592,2026-07-30T15:36:27.000Z,Inbound,+14802702368,+1415555402,Lucas Bennett,Customer Success,2,Delivered
SMS-501593,2026-07-30T13:37:46.000Z,Outbound,+1415555401,+14157680194,Charlotte Reyes,Customer Success,3,Delivered
SMS-501594,2026-07-30T14:51:33.000Z,Outbound,+1415555402,+17029406991,Lucas Bennett,Customer Success,2,Delivered
SMS-501595,2026-07-30T13:05:15.000Z,Inbound,+12122562388,+1415555303,Benjamin Osei,Billing,3,Delivered
SMS-501596,2026-07-30T13:45:39.000Z,Inbound,+16178904303,+1415555302,Mia Alvarez,Billing,1,Delivered
SMS-501597,2026-07-30T13:41:55.000Z,Outbound,+1415555102,+14159302475,Liam Carter,Sales,2,Delivered
SMS-501598,2026-07-30T11:18:12.000Z,Inbound,+13056155359,+1415555203,Sophia Nguyen,Customer Support,2,Delivered
SMS-501599,2026-07-30T12:32:23.000Z,Inbound,+13127442195,+1415555303,Benjamin Osei,Billing,1,Delivered
SMS-501600,2026-07-30T12:49:50.000Z,Inbound,+15127561366,+1415555302,Mia Alvarez,Billing,2,Delivered
SMS-501601,2026-07-30T12:16:25.000Z,Outbound,+1415555301,+17028602199,James Whitfield,Billing,1,Delivered
SMS-501602,2026-07-30T12:08:37.000Z,Inbound,+16173432806,+1415555502,Grace Lindqvist,IT Helpdesk,2,Failed
SMS-501603,2026-07-30T14:58:00.000Z,Inbound,+16173860805,+1415555103,Noah Patel,Sales,1,Delivered
SMS-501604,2026-07-30T13:37:39.000Z,Outbound,+1415555103,+17026725158,Noah Patel,Sales,2,Delivered
SMS-501605,2026-07-30T14:50:47.000Z,Inbound,+14046558085,+1415555205,Isabella Kim,Customer Support,3,Delivered
SMS-501606,2026-07-30T13:56:47.000Z,Outbound,+1415555202,+16175439326,Ethan Walker,Customer Support,2,Delivered
SMS-501607,2026-07-30T12:08:29.000Z,Inbound,+14802286433,+1415555301,James Whitfield,Billing,3,Delivered
SMS-501608,2026-07-30T14:13:06.000Z,Outbound,+1415555201,+16179207371,Olivia Chen,Customer Support,1,Delivered
SMS-501609,2026-07-30T13:01:13.000Z,Inbound,+14805197220,+1415555203,Sophia Nguyen,Customer Support,3,Delivered
SMS-501610,2026-07-30T12:43:06.000Z,Outbound,+1415555403,+14043284562,Amelia Foster,Customer Success,2,Delivered
SMS-501611,2026-07-30T12:32:01.000Z,Outbound,+1415555403,+16177468711,Amelia Foster,Customer Success,3,Pending
SMS-501612,2026-07-30T12:34:14.000Z,Inbound,+14158815549,+1415555102,Liam Carter,Sales,2,Delivered
SMS-501613,2026-07-30T13:35:54.000Z,Outbound,+1415555402,+14159733404,Lucas Bennett,Customer Success,2,Delivered
SMS-501614,2026-07-30T14:05:28.000Z,Outbound,+1415555202,+13058120930,Ethan Walker,Customer Support,1,Delivered
SMS-501615,2026-07-30T13:34:17.000Z,Inbound,+13055953970,+1415555502,Grace Lindqvist,IT Helpdesk,3,Delivered
SMS-501616,2026-07-30T15:28:28.000Z,Inbound,+12063481940,+1415555403,Amelia Foster,Customer Success,1,Delivered
SMS-501617,2026-07-30T13:02:56.000Z,Inbound,+13126800806,+1415555202,Ethan Walker,Customer Support,2,Delivered
SMS-501618,2026-07-30T13:02:50.000Z,Outbound,+1415555102,+13124089678,Liam Carter,Sales,3,Delivered
SMS-501619,2026-07-30T14:30:54.000Z,Inbound,+17028035002,+1415555201,Olivia Chen,Customer Support,1,Delivered
SMS-501620,2026-07-30T13:02:37.000Z,Inbound,+13124156424,+1415555403,Amelia Foster,Customer Success,2,Delivered
SMS-501621,2026-07-30T14:08:42.000Z,Outbound,+1415555104,+14804265328,Emma Rodriguez,Sales,3,Delivered
SMS-501622,2026-07-30T14:58:17.000Z,Inbound,+13059460043,+1415555102,Liam Carter,Sales,3,Delivered
SMS-501623,2026-07-30T12:42:53.000Z,Inbound,+13129209684,+1415555403,Amelia Foster,Customer Success,1,Delivered
SMS-501624,2026-07-30T13:26:20.000Z,Inbound,+14046249461,+1415555101,Ava Thompson,Sales,1,Delivered
SMS-501625,2026-07-30T14:03:02.000Z,Inbound,+15128358439,+1415555201,Olivia Chen,Customer Support,1,Delivered
SMS-501626,2026-07-30T14:11:48.000Z,Inbound,+12064447435,+1415555402,Lucas Bennett,Customer Success,2,Delivered
SMS-501627,2026-07-30T12:20:41.000Z,Inbound,+13122603972,+1415555403,Amelia Foster,Customer Success,3,Delivered
SMS-501628,2026-07-30T13:53:50.000Z,Outbound,+1415555301,+14155975412,James Whitfield,Billing,2,Delivered
SMS-501629,2026-07-30T12:58:56.000Z,Outbound,+1415555102,+13127889450,Liam Carter,Sales,1,Delivered
SMS-501630,2026-07-30T13:31:50.000Z,Inbound,+12064147819,+1415555402,Lucas Bennett,Customer Success,3,Delivered
SMS-501631,2026-07-31T13:04:33.000Z,Inbound,+14159330906,+1415555104,Emma Rodriguez,Sales,2,Delivered
SMS-501632,2026-07-31T12:15:26.000Z,Outbound,+1415555201,+14045183327,Olivia Chen,Customer Support,3,Delivered
SMS-501633,2026-07-31T13:25:35.000Z,Inbound,+16179531401,+1415555202,Ethan Walker,Customer Support,2,Delivered
SMS-501634,2026-07-31T12:57:43.000Z,Inbound,+13057400422,+1415555104,Emma Rodriguez,Sales,1,Delivered
SMS-501635,2026-07-31T12:41:51.000Z,Inbound,+17028498692,+1415555205,Isabella Kim,Customer Support,2,Failed
SMS-501636,2026-07-31T12:26:20.000Z,Outbound,+1415555303,+16174084824,Benjamin Osei,Billing,3,Delivered
SMS-501637,2026-07-31T11:26:01.000Z,Outbound,+1415555104,+14044133158,Emma Rodriguez,Sales,2,Delivered
SMS-501638,2026-07-31T14:47:13.000Z,Inbound,+14158220196,+1415555204,Mason Brooks,Customer Support,2,Delivered
SMS-501639,2026-07-31T13:12:24.000Z,Outbound,+1415555403,+16173698630,Amelia Foster,Customer Success,2,Delivered
SMS-501640,2026-07-31T12:25:32.000Z,Outbound,+1415555102,+12124857139,Liam Carter,Sales,1,Delivered
SMS-501641,2026-07-31T13:17:02.000Z,Outbound,+1415555403,+13052735655,Amelia Foster,Customer Success,3,Delivered
SMS-501642,2026-07-31T12:10:37.000Z,Outbound,+1415555303,+13126443604,Benjamin Osei,Billing,2,Delivered
SMS-501643,2026-07-31T12:04:27.000Z,Inbound,+12069249620,+1415555203,Sophia Nguyen,Customer Support,1,Delivered
SMS-501644,2026-07-31T13:37:40.000Z,Outbound,+1415555204,+14809507388,Mason Brooks,Customer Support,1,Delivered
SMS-501645,2026-07-31T12:35:19.000Z,Outbound,+1415555101,+14152116300,Ava Thompson,Sales,3,Delivered
SMS-501646,2026-07-31T12:52:51.000Z,Inbound,+13126716340,+1415555205,Isabella Kim,Customer Support,1,Failed
SMS-501647,2026-07-31T14:46:02.000Z,Outbound,+1415555501,+15126688488,Henry Okafor,IT Helpdesk,3,Delivered
SMS-501648,2026-07-31T13:28:51.000Z,Outbound,+1415555201,+15123619603,Olivia Chen,Customer Support,3,Delivered
SMS-501649,2026-07-31T13:00:12.000Z,Inbound,+14152097313,+1415555102,Liam Carter,Sales,1,Delivered
SMS-501650,2026-07-31T14:13:57.000Z,Outbound,+1415555101,+14043431736,Ava Thompson,Sales,3,Delivered
SMS-501651,2026-07-31T14:35:24.000Z,Inbound,+13122073097,+1415555403,Amelia Foster,Customer Success,3,Delivered
SMS-501652,2026-07-31T13:34:19.000Z,Inbound,+13129798699,+1415555102,Liam Carter,Sales,1,Delivered
SMS-501653,2026-07-31T12:23:24.000Z,Inbound,+13053582958,+1415555102,Liam Carter,Sales,3,Delivered
SMS-501654,2026-07-31T14:34:40.000Z,Inbound,+12127893943,+1415555104,Emma Rodriguez,Sales,1,Delivered
SMS-501655,2026-07-31T12:10:10.000Z,Outbound,+1415555104,+17028817529,Emma Rodriguez,Sales,1,Delivered
SMS-501656,2026-07-31T11:55:56.000Z,Inbound,+15125851335,+1415555302,Mia Alvarez,Billing,1,Delivered
SMS-501657,2026-07-31T13:30:23.000Z,Outbound,+1415555202,+13058677185,Ethan Walker,Customer Support,2,Delivered
SMS-501658,2026-07-31T13:42:07.000Z,Inbound,+16172321210,+1415555201,Olivia Chen,Customer Support,2,Delivered
SMS-501659,2026-07-31T14:25:51.000Z,Outbound,+1415555202,+14043368147,Ethan Walker,Customer Support,3,Delivered
SMS-501660,2026-07-31T12:43:52.000Z,Outbound,+1415555302,+12064847180,Mia Alvarez,Billing,3,Delivered
SMS-501661,2026-07-31T14:21:46.000Z,Outbound,+1415555104,+17028782598,Emma Rodriguez,Sales,1,Delivered
SMS-501662,2026-07-31T12:28:15.000Z,Inbound,+12067464184,+1415555401,Charlotte Reyes,Customer Success,1,Delivered
SMS-501663,2026-07-31T12:04:28.000Z,Inbound,+12126355825,+1415555403,Amelia Foster,Customer Success,1,Delivered
SMS-501664,2026-07-31T14:15:51.000Z,Inbound,+17029329615,+1415555403,Amelia Foster,Customer Success,1,Delivered
SMS-501665,2026-07-31T13:41:10.000Z,Inbound,+14803336870,+1415555401,Charlotte Reyes,Customer Success,1,Delivered
SMS-501666,2026-07-31T13:29:10.000Z,Inbound,+16175127331,+1415555203,Sophia Nguyen,Customer Support,1,Delivered
SMS-501667,2026-07-31T13:03:41.000Z,Outbound,+1415555203,+13055520601,Sophia Nguyen,Customer Support,1,Delivered
SMS-501668,2026-07-31T12:16:40.000Z,Inbound,+13124713720,+1415555104,Emma Rodriguez,Sales,3,Delivered
SMS-501669,2026-07-31T12:42:01.000Z,Inbound,+14805197494,+1415555204,Mason Brooks,Customer Support,2,Pending
SMS-501670,2026-07-31T13:08:28.000Z,Outbound,+1415555102,+16178566054,Liam Carter,Sales,1,Delivered
SMS-501671,2026-07-31T14:51:47.000Z,Outbound,+1415555402,+16176430684,Lucas Bennett,Customer Success,3,Delivered
SMS-501672,2026-07-31T12:46:53.000Z,Inbound,+16178411195,+1415555205,Isabella Kim,Customer Support,3,Delivered
SMS-501673,2026-07-31T13:08:41.000Z,Outbound,+1415555401,+13056767228,Charlotte Reyes,Customer Success,3,Delivered
SMS-501674,2026-07-31T14:09:23.000Z,Inbound,+14049200352,+1415555303,Benjamin Osei,Billing,1,Pending
SMS-501675,2026-07-31T12:09:44.000Z,Outbound,+1415555302,+17022756993,Mia Alvarez,Billing,3,Delivered
SMS-501676,2026-07-31T13:27:07.000Z,Inbound,+16172855190,+1415555205,Isabella Kim,Customer Support,3,Delivered
SMS-501677,2026-07-31T12:34:58.000Z,Outbound,+1415555203,+16175856662,Sophia Nguyen,Customer Support,1,Delivered
SMS-501678,2026-07-31T12:33:02.000Z,Outbound,+1415555402,+15123365259,Lucas Bennett,Customer Success,2,Delivered
SMS-501679,2026-07-31T13:13:09.000Z,Outbound,+1415555104,+17027876381,Emma Rodriguez,Sales,3,Delivered
SMS-501680,2026-07-31T13:23:46.000Z,Outbound,+1415555101,+14044180599,Ava Thompson,Sales,1,Delivered
SMS-501681,2026-07-31T14:11:52.000Z,Inbound,+14158015046,+1415555303,Benjamin Osei,Billing,2,Delivered
SMS-501682,2026-07-31T12:42:50.000Z,Inbound,+15127056026,+1415555101,Ava Thompson,Sales,2,Delivered
SMS-501683,2026-07-31T13:38:17.000Z,Outbound,+1415555205,+14048681597,Isabella Kim,Customer Support,2,Delivered
SMS-501684,2026-07-31T11:36:26.000Z,Outbound,+1415555205,+13058455338,Isabella Kim,Customer Support,3,Delivered
SMS-501685,2026-07-31T13:29:19.000Z,Inbound,+14804673885,+1415555302,Mia Alvarez,Billing,3,Delivered
SMS-501686,2026-07-31T15:18:14.000Z,Inbound,+16178741363,+1415555502,Grace Lindqvist,IT Helpdesk,2,Failed
SMS-501687,2026-07-31T13:55:33.000Z,Inbound,+12069797251,+1415555301,James Whitfield,Billing,1,Delivered
SMS-501688,2026-07-31T12:29:00.000Z,Outbound,+1415555401,+14153289867,Charlotte Reyes,Customer Success,1,Failed
SMS-501689,2026-07-31T13:28:19.000Z,Inbound,+14047081565,+1415555502,Grace Lindqvist,IT Helpdesk,2,Delivered
SMS-501690,2026-07-31T15:20:18.000Z,Inbound,+15126007644,+1415555204,Mason Brooks,Customer Support,2,Failed
SMS-501691,2026-07-31T12:26:34.000Z,Outbound,+1415555402,+14806009023,Lucas Bennett,Customer Success,3,Delivered
SMS-501692,2026-07-31T12:25:17.000Z,Inbound,+14048907843,+1415555102,Liam Carter,Sales,3,Delivered
SMS-501693,2026-07-31T13:50:23.000Z,Inbound,+12129150615,+1415555402,Lucas Bennett,Customer Success,2,Delivered
SMS-501694,2026-07-31T12:12:30.000Z,Outbound,+1415555103,+17024083050,Noah Patel,Sales,1,Delivered
SMS-501695,2026-07-31T14:29:30.000Z,Inbound,+14805722607,+1415555205,Isabella Kim,Customer Support,1,Delivered
SMS-501696,2026-07-31T13:18:16.000Z,Inbound,+16172462109,+1415555403,Amelia Foster,Customer Success,3,Delivered
SMS-501697,2026-07-31T12:32:39.000Z,Inbound,+12126796039,+1415555201,Olivia Chen,Customer Support,2,Failed
SMS-501698,2026-07-31T12:57:29.000Z,Inbound,+17027267443,+1415555502,Grace Lindqvist,IT Helpdesk,3,Delivered
SMS-501699,2026-07-31T13:42:36.000Z,Inbound,+13053236135,+1415555102,Liam Carter,Sales,1,Delivered
SMS-501700,2026-07-31T12:51:22.000Z,Outbound,+1415555302,+15127956523,Mia Alvarez,Billing,1,Delivered
SMS-501701,2026-07-31T12:29:31.000Z,Inbound,+14043398542,+1415555301,James Whitfield,Billing,1,Delivered
SMS-501702,2026-07-31T13:48:16.000Z,Outbound,+1415555203,+14805481120,Sophia Nguyen,Customer Support,2,Delivered
SMS-501703,2026-07-31T14:16:53.000Z,Outbound,+1415555301,+17027471726,James Whitfield,Billing,1,Delivered
SMS-501704,2026-07-31T13:56:30.000Z,Inbound,+12067142699,+1415555201,Olivia Chen,Customer Support,3,Delivered
SMS-501705,2026-07-31T14:54:25.000Z,Outbound,+1415555204,+14044498836,Mason Brooks,Customer Support,3,Failed
SMS-501706,2026-07-31T13:19:33.000Z,Inbound,+14805593930,+1415555202,Ethan Walker,Customer Support,2,Delivered
SMS-501707,2026-07-31T13:31:29.000Z,Inbound,+14802691521,+1415555204,Mason Brooks,Customer Support,3,Delivered
SMS-501708,2026-08-01T13:59:00.000Z,Inbound,+17023576068,+1415555205,Isabella Kim,Customer Support,1,Delivered
SMS-501709,2026-08-01T14:59:01.000Z,Outbound,+1415555205,+17027177282,Isabella Kim,Customer Support,1,Delivered
SMS-501710,2026-08-01T13:55:08.000Z,Inbound,+13128791643,+1415555204,Mason Brooks,Customer Support,3,Delivered
SMS-501711,2026-08-01T13:33:18.000Z,Inbound,+12127080116,+1415555201,Olivia Chen,Customer Support,3,Delivered
SMS-501712,2026-08-01T12:11:13.000Z,Outbound,+1415555403,+12123037022,Amelia Foster,Customer Success,1,Delivered
SMS-501713,2026-08-01T13:22:42.000Z,Outbound,+1415555203,+12124768722,Sophia Nguyen,Customer Support,3,Delivered
SMS-501714,2026-08-01T14:32:29.000Z,Inbound,+14808474914,+1415555403,Amelia Foster,Customer Success,1,Delivered
SMS-501715,2026-08-01T12:09:19.000Z,Inbound,+14046371329,+1415555101,Ava Thompson,Sales,1,Delivered
SMS-501716,2026-08-01T13:42:07.000Z,Outbound,+1415555302,+13059365480,Mia Alvarez,Billing,1,Delivered
SMS-501717,2026-08-01T13:05:40.000Z,Outbound,+1415555204,+12062060407,Mason Brooks,Customer Support,3,Delivered
SMS-501718,2026-08-01T13:12:52.000Z,Inbound,+14808602853,+1415555501,Henry Okafor,IT Helpdesk,3,Delivered
SMS-501719,2026-08-01T13:19:31.000Z,Inbound,+12125830053,+1415555402,Lucas Bennett,Customer Success,3,Delivered
SMS-501720,2026-08-01T13:55:14.000Z,Inbound,+12127939278,+1415555104,Emma Rodriguez,Sales,1,Delivered
SMS-501721,2026-08-01T13:22:23.000Z,Inbound,+14046475125,+1415555103,Noah Patel,Sales,2,Delivered
SMS-501722,2026-08-02T15:59:13.000Z,Outbound,+1415555303,+14159495165,Benjamin Osei,Billing,1,Delivered
SMS-501723,2026-08-02T12:33:54.000Z,Outbound,+1415555502,+16176912442,Grace Lindqvist,IT Helpdesk,2,Failed
SMS-501724,2026-08-02T13:04:03.000Z,Outbound,+1415555302,+14049387903,Mia Alvarez,Billing,3,Delivered
SMS-501725,2026-08-02T11:44:25.000Z,Outbound,+1415555201,+15122734003,Olivia Chen,Customer Support,2,Delivered
SMS-501726,2026-08-02T13:17:28.000Z,Outbound,+1415555302,+14046697058,Mia Alvarez,Billing,1,Failed
SMS-501727,2026-08-02T11:08:19.000Z,Outbound,+1415555403,+14802144776,Amelia Foster,Customer Success,3,Delivered
SMS-501728,2026-08-02T15:45:17.000Z,Outbound,+1415555303,+14156389269,Benjamin Osei,Billing,1,Delivered
SMS-501729,2026-08-02T12:03:13.000Z,Inbound,+14806166845,+1415555101,Ava Thompson,Sales,3,Delivered
SMS-501730,2026-08-02T14:12:41.000Z,Outbound,+1415555401,+12064101224,Charlotte Reyes,Customer Success,3,Delivered
SMS-501731,2026-08-02T13:15:05.000Z,Inbound,+14806035325,+1415555401,Charlotte Reyes,Customer Success,3,Pending
SMS-501732,2026-08-02T14:34:03.000Z,Outbound,+1415555203,+14158527743,Sophia Nguyen,Customer Support,2,Delivered
SMS-501733,2026-08-02T13:40:29.000Z,Inbound,+17025252319,+1415555502,Grace Lindqvist,IT Helpdesk,2,Delivered
SMS-501734,2026-08-02T14:40:23.000Z,Outbound,+1415555104,+12124461100,Emma Rodriguez,Sales,2,Delivered
SMS-501735,2026-08-03T12:46:38.000Z,Inbound,+13053907528,+1415555204,Mason Brooks,Customer Support,3,Delivered
SMS-501736,2026-08-03T13:17:55.000Z,Inbound,+12127057071,+1415555102,Liam Carter,Sales,2,Delivered
SMS-501737,2026-08-03T15:48:47.000Z,Outbound,+1415555102,+14045552427,Liam Carter,Sales,2,Delivered
SMS-501738,2026-08-03T13:08:33.000Z,Outbound,+1415555103,+14804634580,Noah Patel,Sales,1,Delivered
SMS-501739,2026-08-03T11:28:13.000Z,Inbound,+14157513335,+1415555303,Benjamin Osei,Billing,3,Delivered
SMS-501740,2026-08-03T12:14:11.000Z,Outbound,+1415555303,+13123418820,Benjamin Osei,Billing,3,Delivered
SMS-501741,2026-08-03T14:19:33.000Z,Inbound,+12065691756,+1415555102,Liam Carter,Sales,1,Delivered
SMS-501742,2026-08-03T13:48:07.000Z,Inbound,+16179125024,+1415555202,Ethan Walker,Customer Support,3,Delivered
SMS-501743,2026-08-03T13:22:57.000Z,Outbound,+1415555501,+14049641298,Henry Okafor,IT Helpdesk,1,Delivered
SMS-501744,2026-08-03T14:24:07.000Z,Outbound,+1415555502,+13127831363,Grace Lindqvist,IT Helpdesk,1,Delivered
SMS-501745,2026-08-03T12:22:24.000Z,Outbound,+1415555401,+13053134111,Charlotte Reyes,Customer Success,2,Pending
SMS-501746,2026-08-03T13:24:46.000Z,Outbound,+1415555501,+14806101009,Henry Okafor,IT Helpdesk,3,Delivered
SMS-501747,2026-08-03T14:06:49.000Z,Outbound,+1415555102,+12069371373,Liam Carter,Sales,3,Delivered
SMS-501748,2026-08-03T13:26:41.000Z,Outbound,+1415555302,+12129791321,Mia Alvarez,Billing,2,Delivered
SMS-501749,2026-08-03T15:54:24.000Z,Inbound,+13055753489,+1415555103,Noah Patel,Sales,3,Delivered
SMS-501750,2026-08-03T13:07:43.000Z,Outbound,+1415555502,+17027150488,Grace Lindqvist,IT Helpdesk,2,Delivered
SMS-501751,2026-08-03T13:34:09.000Z,Inbound,+14806382275,+1415555202,Ethan Walker,Customer Support,1,Delivered
SMS-501752,2026-08-03T13:23:23.000Z,Inbound,+17022238517,+1415555501,Henry Okafor,IT Helpdesk,3,Delivered
SMS-501753,2026-08-03T14:45:19.000Z,Outbound,+1415555203,+14046767014,Sophia Nguyen,Customer Support,1,Delivered
SMS-501754,2026-08-03T13:20:19.000Z,Inbound,+12122018940,+1415555101,Ava Thompson,Sales,2,Delivered
SMS-501755,2026-08-03T14:02:51.000Z,Inbound,+13129309187,+1415555302,Mia Alvarez,Billing,2,Delivered
SMS-501756,2026-08-03T13:40:09.000Z,Inbound,+15127717361,+1415555301,James Whitfield,Billing,2,Delivered
SMS-501757,2026-08-03T13:27:38.000Z,Inbound,+16175550260,+1415555202,Ethan Walker,Customer Support,1,Delivered
SMS-501758,2026-08-03T14:17:09.000Z,Inbound,+13054208701,+1415555402,Lucas Bennett,Customer Success,1,Delivered
SMS-501759,2026-08-03T14:03:28.000Z,Outbound,+1415555104,+15128375940,Emma Rodriguez,Sales,2,Delivered
SMS-501760,2026-08-03T14:42:40.000Z,Outbound,+1415555502,+12127689003,Grace Lindqvist,IT Helpdesk,1,Delivered
SMS-501761,2026-08-03T13:47:26.000Z,Inbound,+14158945877,+1415555103,Noah Patel,Sales,2,Delivered
SMS-501762,2026-08-03T12:35:26.000Z,Inbound,+15127619317,+1415555204,Mason Brooks,Customer Support,2,Delivered
SMS-501763,2026-08-03T13:12:54.000Z,Outbound,+1415555502,+16176647208,Grace Lindqvist,IT Helpdesk,3,Delivered
SMS-501764,2026-08-03T14:33:37.000Z,Inbound,+14043902639,+1415555205,Isabella Kim,Customer Support,3,Delivered
SMS-501765,2026-08-03T12:35:28.000Z,Outbound,+1415555101,+12066775575,Ava Thompson,Sales,2,Delivered
SMS-501766,2026-08-03T12:49:29.000Z,Outbound,+1415555501,+16174460863,Henry Okafor,IT Helpdesk,2,Delivered
SMS-501767,2026-08-03T12:42:02.000Z,Outbound,+1415555303,+14156750133,Benjamin Osei,Billing,1,Delivered
SMS-501768,2026-08-03T12:51:17.000Z,Outbound,+1415555502,+13057834945,Grace Lindqvist,IT Helpdesk,1,Delivered
SMS-501769,2026-08-03T12:04:07.000Z,Inbound,+14157997162,+1415555104,Emma Rodriguez,Sales,2,Delivered
SMS-501770,2026-08-03T13:10:45.000Z,Outbound,+1415555403,+15125572788,Amelia Foster,Customer Success,3,Delivered
SMS-501771,2026-08-03T12:28:48.000Z,Inbound,+16172844483,+1415555402,Lucas Bennett,Customer Success,3,Delivered
SMS-501772,2026-08-03T13:05:47.000Z,Inbound,+16174649152,+1415555201,Olivia Chen,Customer Support,1,Delivered
SMS-501773,2026-08-03T13:59:19.000Z,Outbound,+1415555202,+14047140386,Ethan Walker,Customer Support,3,Delivered
SMS-501774,2026-08-03T13:47:35.000Z,Outbound,+1415555401,+15128684711,Charlotte Reyes,Customer Success,3,Delivered
SMS-501775,2026-08-03T13:22:36.000Z,Outbound,+1415555202,+13055162389,Ethan Walker,Customer Support,2,Delivered
SMS-501776,2026-08-03T14:45:30.000Z,Outbound,+1415555401,+16173889923,Charlotte Reyes,Customer Success,3,Delivered
SMS-501777,2026-08-03T12:00:15.000Z,Outbound,+1415555101,+12064418393,Ava Thompson,Sales,2,Delivered
SMS-501778,2026-08-03T13:23:08.000Z,Outbound,+1415555201,+12062098179,Olivia Chen,Customer Support,2,Pending
SMS-501779,2026-08-03T12:51:47.000Z,Inbound,+13058808683,+1415555202,Ethan Walker,Customer Support,1,Delivered
SMS-501780,2026-08-03T13:07:13.000Z,Outbound,+1415555501,+14049380858,Henry Okafor,IT Helpdesk,3,Delivered
SMS-501781,2026-08-03T15:57:01.000Z,Outbound,+1415555205,+16179473301,Isabella Kim,Customer Support,3,Delivered
SMS-501782,2026-08-03T14:55:42.000Z,Inbound,+14049934674,+1415555102,Liam Carter,Sales,2,Delivered
SMS-501783,2026-08-03T11:53:29.000Z,Inbound,+16177119304,+1415555101,Ava Thompson,Sales,1,Delivered
SMS-501784,2026-08-03T13:31:10.000Z,Inbound,+14044700095,+1415555103,Noah Patel,Sales,2,Delivered
SMS-501785,2026-08-03T13:54:33.000Z,Inbound,+13059457995,+1415555101,Ava Thompson,Sales,1,Delivered
SMS-501786,2026-08-03T12:42:41.000Z,Outbound,+1415555104,+12068537389,Emma Rodriguez,Sales,2,Delivered
SMS-501787,2026-08-03T14:12:54.000Z,Inbound,+13129728076,+1415555402,Lucas Bennett,Customer Success,1,Delivered
SMS-501788,2026-08-03T12:55:03.000Z,Inbound,+14153046563,+1415555202,Ethan Walker,Customer Support,2,Failed
SMS-501789,2026-08-03T16:16:16.000Z,Outbound,+1415555402,+12127278708,Lucas Bennett,Customer Success,2,Delivered
SMS-501790,2026-08-04T12:42:43.000Z,Inbound,+14046643626,+1415555402,Lucas Bennett,Customer Success,1,Delivered
SMS-501791,2026-08-04T14:56:26.000Z,Inbound,+12068263721,+1415555501,Henry Okafor,IT Helpdesk,2,Delivered
SMS-501792,2026-08-04T12:10:31.000Z,Outbound,+1415555501,+13054514052,Henry Okafor,IT Helpdesk,1,Delivered
SMS-501793,2026-08-04T13:43:50.000Z,Outbound,+1415555502,+14043034158,Grace Lindqvist,IT Helpdesk,1,Delivered
SMS-501794,2026-08-04T13:41:23.000Z,Inbound,+14157908314,+1415555501,Henry Okafor,IT Helpdesk,2,Delivered
SMS-501795,2026-08-04T13:19:54.000Z,Inbound,+13125515733,+1415555301,James Whitfield,Billing,2,Pending
SMS-501796,2026-08-04T14:57:16.000Z,Outbound,+1415555203,+14042387729,Sophia Nguyen,Customer Support,1,Delivered
SMS-501797,2026-08-04T14:27:29.000Z,Inbound,+12068533709,+1415555401,Charlotte Reyes,Customer Success,3,Delivered
SMS-501798,2026-08-04T14:58:26.000Z,Inbound,+12065852518,+1415555102,Liam Carter,Sales,1,Delivered
SMS-501799,2026-08-04T11:29:25.000Z,Inbound,+16179450711,+1415555204,Mason Brooks,Customer Support,2,Delivered
SMS-501800,2026-08-04T13:12:19.000Z,Outbound,+1415555402,+12064170567,Lucas Bennett,Customer Success,1,Delivered
SMS-501801,2026-08-04T11:55:14.000Z,Outbound,+1415555104,+16176851059,Emma Rodriguez,Sales,1,Delivered
SMS-501802,2026-08-04T12:40:29.000Z,Inbound,+16176676055,+1415555303,Benjamin Osei,Billing,2,Delivered
SMS-501803,2026-08-04T13:49:48.000Z,Outbound,+1415555501,+14155198901,Henry Okafor,IT Helpdesk,1,Delivered
SMS-501804,2026-08-04T14:02:31.000Z,Outbound,+1415555301,+14158527186,James Whitfield,Billing,2,Delivered
SMS-501805,2026-08-04T14:07:56.000Z,Inbound,+14807554681,+1415555303,Benjamin Osei,Billing,3,Delivered
SMS-501806,2026-08-04T11:16:59.000Z,Outbound,+1415555201,+15123391849,Olivia Chen,Customer Support,2,Delivered
SMS-501807,2026-08-04T12:37:22.000Z,Outbound,+1415555205,+17028029910,Isabella Kim,Customer Support,3,Delivered
SMS-501808,2026-08-04T14:49:51.000Z,Outbound,+1415555301,+13053225769,James Whitfield,Billing,1,Delivered
SMS-501809,2026-08-04T12:28:21.000Z,Inbound,+16177829356,+1415555204,Mason Brooks,Customer Support,3,Delivered
SMS-501810,2026-08-04T13:07:47.000Z,Outbound,+1415555102,+17027010926,Liam Carter,Sales,1,Delivered
SMS-501811,2026-08-04T14:38:01.000Z,Inbound,+14042623374,+1415555402,Lucas Bennett,Customer Success,1,Pending
SMS-501812,2026-08-04T13:19:52.000Z,Inbound,+13057632344,+1415555201,Olivia Chen,Customer Support,1,Delivered
SMS-501813,2026-08-04T13:56:07.000Z,Outbound,+1415555204,+13127661156,Mason Brooks,Customer Support,3,Delivered
SMS-501814,2026-08-04T14:38:43.000Z,Inbound,+14048888076,+1415555301,James Whitfield,Billing,1,Delivered
SMS-501815,2026-08-04T13:34:59.000Z,Outbound,+1415555102,+16174827374,Liam Carter,Sales,1,Delivered
SMS-501816,2026-08-04T13:00:20.000Z,Inbound,+13127344548,+1415555201,Olivia Chen,Customer Support,3,Delivered
SMS-501817,2026-08-04T12:06:38.000Z,Inbound,+13124837437,+1415555202,Ethan Walker,Customer Support,2,Delivered
SMS-501818,2026-08-04T15:46:41.000Z,Inbound,+13053251260,+1415555101,Ava Thompson,Sales,3,Delivered
SMS-501819,2026-08-04T13:48:42.000Z,Outbound,+1415555101,+14802137928,Ava Thompson,Sales,2,Delivered
SMS-501820,2026-08-04T13:18:22.000Z,Inbound,+12122479036,+1415555502,Grace Lindqvist,IT Helpdesk,3,Delivered
SMS-501821,2026-08-04T12:41:38.000Z,Outbound,+1415555202,+13059242238,Ethan Walker,Customer Support,2,Delivered
SMS-501822,2026-08-04T12:32:50.000Z,Outbound,+1415555403,+14159931552,Amelia Foster,Customer Success,3,Delivered
SMS-501823,2026-08-04T14:14:14.000Z,Outbound,+1415555201,+15122129293,Olivia Chen,Customer Support,3,Delivered
SMS-501824,2026-08-04T12:56:04.000Z,Outbound,+1415555302,+12126922426,Mia Alvarez,Billing,3,Delivered
SMS-501825,2026-08-04T13:29:30.000Z,Outbound,+1415555502,+16178270869,Grace Lindqvist,IT Helpdesk,3,Delivered
SMS-501826,2026-08-04T13:10:40.000Z,Inbound,+13129137876,+1415555502,Grace Lindqvist,IT Helpdesk,2,Delivered
SMS-501827,2026-08-04T13:16:14.000Z,Inbound,+15123970741,+1415555104,Emma Rodriguez,Sales,2,Failed
SMS-501828,2026-08-04T13:08:59.000Z,Inbound,+17029191097,+1415555102,Liam Carter,Sales,1,Delivered
SMS-501829,2026-08-04T14:09:23.000Z,Outbound,+1415555302,+13128393634,Mia Alvarez,Billing,3,Delivered
SMS-501830,2026-08-04T13:13:08.000Z,Inbound,+12066222702,+1415555501,Henry Okafor,IT Helpdesk,3,Delivered
SMS-501831,2026-08-04T11:39:00.000Z,Outbound,+1415555104,+12127933009,Emma Rodriguez,Sales,3,Delivered
SMS-501832,2026-08-04T12:41:44.000Z,Inbound,+15125900417,+1415555501,Henry Okafor,IT Helpdesk,2,Failed
SMS-501833,2026-08-04T12:22:44.000Z,Inbound,+17022622043,+1415555101,Ava Thompson,Sales,1,Delivered
SMS-501834,2026-08-04T12:05:59.000Z,Outbound,+1415555403,+14047452932,Amelia Foster,Customer Success,3,Delivered
SMS-501835,2026-08-04T14:07:55.000Z,Inbound,+13055518337,+1415555302,Mia Alvarez,Billing,2,Delivered
SMS-501836,2026-08-04T13:09:01.000Z,Outbound,+1415555101,+14809941060,Ava Thompson,Sales,2,Delivered
SMS-501837,2026-08-04T13:01:47.000Z,Inbound,+17026170231,+1415555205,Isabella Kim,Customer Support,2,Delivered
SMS-501838,2026-08-04T13:12:04.000Z,Outbound,+1415555302,+14154695929,Mia Alvarez,Billing,2,Delivered
SMS-501839,2026-08-04T13:17:13.000Z,Inbound,+14155754935,+1415555102,Liam Carter,Sales,1,Delivered
SMS-501840,2026-08-04T13:52:24.000Z,Inbound,+13054471209,+1415555303,Benjamin Osei,Billing,3,Delivered
SMS-501841,2026-08-04T13:57:24.000Z,Outbound,+1415555403,+17028900660,Amelia Foster,Customer Success,2,Delivered
SMS-501842,2026-08-04T11:23:04.000Z,Inbound,+14802419983,+1415555103,Noah Patel,Sales,1,Delivered
SMS-501843,2026-08-04T12:42:06.000Z,Outbound,+1415555202,+13127160965,Ethan Walker,Customer Support,1,Delivered
SMS-501844,2026-08-04T12:18:12.000Z,Outbound,+1415555401,+16179607097,Charlotte Reyes,Customer Success,3,Delivered
SMS-501845,2026-08-04T13:47:37.000Z,Outbound,+1415555203,+13056567847,Sophia Nguyen,Customer Support,3,Delivered
SMS-501846,2026-08-04T12:12:48.000Z,Outbound,+1415555402,+13124966888,Lucas Bennett,Customer Success,1,Delivered
SMS-501847,2026-08-04T13:56:51.000Z,Inbound,+12068880932,+1415555203,Sophia Nguyen,Customer Support,2,Delivered
SMS-501848,2026-08-04T13:13:56.000Z,Outbound,+1415555102,+13123558017,Liam Carter,Sales,3,Delivered
SMS-501849,2026-08-04T11:54:50.000Z,Inbound,+14049217735,+1415555402,Lucas Bennett,Customer Success,1,Delivered
SMS-501850,2026-08-04T11:44:41.000Z,Inbound,+13058101546,+1415555403,Amelia Foster,Customer Success,3,Delivered
SMS-501851,2026-08-04T13:31:51.000Z,Outbound,+1415555203,+15129359930,Sophia Nguyen,Customer Support,1,Delivered
SMS-501852,2026-08-04T11:20:52.000Z,Outbound,+1415555403,+15124191448,Amelia Foster,Customer Success,2,Delivered
SMS-501853,2026-08-04T13:53:45.000Z,Inbound,+15129253208,+1415555302,Mia Alvarez,Billing,3,Delivered
SMS-501854,2026-08-04T15:58:19.000Z,Outbound,+1415555502,+14809837503,Grace Lindqvist,IT Helpdesk,3,Delivered
SMS-501855,2026-08-04T13:03:24.000Z,Inbound,+14044368880,+1415555203,Sophia Nguyen,Customer Support,1,Delivered
SMS-501856,2026-08-04T13:12:01.000Z,Outbound,+1415555303,+17023109785,Benjamin Osei,Billing,3,Delivered
SMS-501857,2026-08-04T13:58:48.000Z,Outbound,+1415555201,+14803499885,Olivia Chen,Customer Support,3,Delivered
SMS-501858,2026-08-04T13:02:38.000Z,Inbound,+15125558353,+1415555401,Charlotte Reyes,Customer Success,1,Delivered
SMS-501859,2026-08-04T13:29:12.000Z,Inbound,+13055337878,+1415555101,Ava Thompson,Sales,3,Delivered
SMS-501860,2026-08-04T13:25:58.000Z,Inbound,+12125165428,+1415555401,Charlotte Reyes,Customer Success,3,Delivered
SMS-501861,2026-08-04T13:45:48.000Z,Outbound,+1415555103,+13125479420,Noah Patel,Sales,1,Delivered
SMS-501862,2026-08-04T13:12:53.000Z,Inbound,+15126723283,+1415555402,Lucas Bennett,Customer Success,1,Delivered
SMS-501863,2026-08-04T13:26:09.000Z,Outbound,+1415555104,+13129081679,Emma Rodriguez,Sales,3,Delivered
SMS-501864,2026-08-04T13:45:27.000Z,Inbound,+14047357774,+1415555205,Isabella Kim,Customer Support,3,Delivered
SMS-501865,2026-08-05T13:38:19.000Z,Inbound,+14153551438,+1415555301,James Whitfield,Billing,3,Pending
SMS-501866,2026-08-05T13:08:40.000Z,Outbound,+1415555102,+12062804111,Liam Carter,Sales,2,Delivered
SMS-501867,2026-08-05T13:52:50.000Z,Outbound,+1415555202,+13122254378,Ethan Walker,Customer Support,1,Delivered
SMS-501868,2026-08-05T12:07:04.000Z,Inbound,+17028709221,+1415555402,Lucas Bennett,Customer Success,2,Delivered
SMS-501869,2026-08-05T12:51:34.000Z,Inbound,+15125928457,+1415555302,Mia Alvarez,Billing,1,Delivered
SMS-501870,2026-08-05T14:52:50.000Z,Outbound,+1415555201,+14154579993,Olivia Chen,Customer Support,2,Delivered
SMS-501871,2026-08-05T13:04:29.000Z,Inbound,+12063860218,+1415555201,Olivia Chen,Customer Support,3,Delivered
SMS-501872,2026-08-05T12:41:02.000Z,Inbound,+14805952519,+1415555403,Amelia Foster,Customer Success,1,Delivered
SMS-501873,2026-08-05T13:37:56.000Z,Inbound,+14042347590,+1415555205,Isabella Kim,Customer Support,3,Delivered
SMS-501874,2026-08-05T13:18:27.000Z,Outbound,+1415555102,+14805154087,Liam Carter,Sales,3,Delivered
SMS-501875,2026-08-05T12:18:21.000Z,Outbound,+1415555204,+14157748568,Mason Brooks,Customer Support,2,Delivered
SMS-501876,2026-08-05T11:01:34.000Z,Inbound,+17029305665,+1415555204,Mason Brooks,Customer Support,2,Delivered
SMS-501877,2026-08-05T14:20:13.000Z,Inbound,+14809792442,+1415555205,Isabella Kim,Customer Support,3,Delivered
SMS-501878,2026-08-05T11:24:26.000Z,Outbound,+1415555101,+17022153899,Ava Thompson,Sales,2,Delivered
SMS-501879,2026-08-05T12:33:44.000Z,Inbound,+13057419859,+1415555204,Mason Brooks,Customer Support,1,Delivered
SMS-501880,2026-08-05T14:09:20.000Z,Inbound,+14802914199,+1415555402,Lucas Bennett,Customer Success,2,Delivered
SMS-501881,2026-08-05T12:03:05.000Z,Inbound,+12129734499,+1415555102,Liam Carter,Sales,1,Delivered
SMS-501882,2026-08-05T12:13:04.000Z,Outbound,+1415555403,+12063608404,Amelia Foster,Customer Success,1,Delivered
SMS-501883,2026-08-05T12:33:16.000Z,Inbound,+14049915714,+1415555205,Isabella Kim,Customer Support,1,Delivered
SMS-501884,2026-08-05T13:06:04.000Z,Inbound,+14805116779,+1415555202,Ethan Walker,Customer Support,3,Delivered
SMS-501885,2026-08-05T12:50:25.000Z,Inbound,+14806528248,+1415555202,Ethan Walker,Customer Support,1,Delivered
SMS-501886,2026-08-05T12:58:45.000Z,Outbound,+1415555402,+14158190139,Lucas Bennett,Customer Success,3,Delivered
SMS-501887,2026-08-05T14:14:53.000Z,Outbound,+1415555201,+13058409690,Olivia Chen,Customer Support,3,Delivered
SMS-501888,2026-08-05T13:01:39.000Z,Outbound,+1415555201,+15129396450,Olivia Chen,Customer Support,3,Delivered
SMS-501889,2026-08-05T13:44:55.000Z,Inbound,+14045581733,+1415555104,Emma Rodriguez,Sales,1,Delivered
SMS-501890,2026-08-05T14:08:12.000Z,Outbound,+1415555205,+14804052938,Isabella Kim,Customer Support,3,Delivered
SMS-501891,2026-08-05T12:51:49.000Z,Inbound,+17022317518,+1415555403,Amelia Foster,Customer Success,2,Delivered
SMS-501892,2026-08-05T13:13:29.000Z,Outbound,+1415555302,+12064024493,Mia Alvarez,Billing,2,Delivered
SMS-501893,2026-08-05T12:25:28.000Z,Outbound,+1415555501,+16175452980,Henry Okafor,IT Helpdesk,2,Delivered
SMS-501894,2026-08-05T14:38:31.000Z,Inbound,+14805420838,+1415555401,Charlotte Reyes,Customer Success,2,Failed
SMS-501895,2026-08-05T12:07:50.000Z,Outbound,+1415555202,+14155614881,Ethan Walker,Customer Support,2,Failed
SMS-501896,2026-08-05T14:05:06.000Z,Outbound,+1415555401,+14809294706,Charlotte Reyes,Customer Success,1,Delivered
SMS-501897,2026-08-05T11:37:52.000Z,Outbound,+1415555403,+16173083727,Amelia Foster,Customer Success,1,Delivered
SMS-501898,2026-08-05T13:25:54.000Z,Outbound,+1415555502,+14045541481,Grace Lindqvist,IT Helpdesk,2,Delivered
SMS-501899,2026-08-05T11:09:49.000Z,Outbound,+1415555303,+16174899435,Benjamin Osei,Billing,2,Delivered
SMS-501900,2026-08-05T12:14:16.000Z,Inbound,+14049254401,+1415555104,Emma Rodriguez,Sales,3,Failed
SMS-501901,2026-08-05T13:38:12.000Z,Inbound,+14047438154,+1415555301,James Whitfield,Billing,1,Delivered
SMS-501902,2026-08-05T12:47:41.000Z,Outbound,+1415555103,+12122505297,Noah Patel,Sales,2,Delivered
SMS-501903,2026-08-05T13:12:31.000Z,Outbound,+1415555401,+12065617407,Charlotte Reyes,Customer Success,3,Delivered
SMS-501904,2026-08-05T11:26:51.000Z,Inbound,+14042793322,+1415555301,James Whitfield,Billing,3,Delivered
SMS-501905,2026-08-05T13:40:32.000Z,Inbound,+13058163096,+1415555501,Henry Okafor,IT Helpdesk,2,Delivered
SMS-501906,2026-08-05T13:50:07.000Z,Inbound,+16178247266,+1415555402,Lucas Bennett,Customer Success,1,Delivered
SMS-501907,2026-08-05T13:34:24.000Z,Outbound,+1415555101,+13129684665,Ava Thompson,Sales,1,Delivered
SMS-501908,2026-08-05T14:39:16.000Z,Inbound,+13128223724,+1415555103,Noah Patel,Sales,2,Delivered
SMS-501909,2026-08-06T12:36:03.000Z,Inbound,+12122956294,+1415555204,Mason Brooks,Customer Support,2,Delivered
SMS-501910,2026-08-06T13:19:24.000Z,Outbound,+1415555101,+14046697601,Ava Thompson,Sales,2,Delivered
SMS-501911,2026-08-06T13:32:44.000Z,Outbound,+1415555203,+14155552582,Sophia Nguyen,Customer Support,1,Delivered
SMS-501912,2026-08-06T13:10:01.000Z,Inbound,+14806641530,+1415555103,Noah Patel,Sales,2,Delivered
SMS-501913,2026-08-06T15:34:22.000Z,Outbound,+1415555301,+14045347315,James Whitfield,Billing,3,Delivered
SMS-501914,2026-08-06T12:13:26.000Z,Outbound,+1415555501,+16173474083,Henry Okafor,IT Helpdesk,1,Delivered
SMS-501915,2026-08-06T14:05:24.000Z,Inbound,+15125834456,+1415555205,Isabella Kim,Customer Support,3,Delivered
SMS-501916,2026-08-06T14:35:50.000Z,Outbound,+1415555103,+16175445438,Noah Patel,Sales,1,Delivered
SMS-501917,2026-08-06T13:52:02.000Z,Inbound,+12126688081,+1415555104,Emma Rodriguez,Sales,3,Delivered
SMS-501918,2026-08-06T13:20:55.000Z,Outbound,+1415555501,+13056664111,Henry Okafor,IT Helpdesk,3,Delivered
SMS-501919,2026-08-06T14:45:21.000Z,Inbound,+17026976511,+1415555103,Noah Patel,Sales,1,Delivered
SMS-501920,2026-08-06T13:18:57.000Z,Inbound,+17024631752,+1415555204,Mason Brooks,Customer Support,3,Delivered
SMS-501921,2026-08-06T13:58:00.000Z,Inbound,+13129470721,+1415555203,Sophia Nguyen,Customer Support,3,Failed
SMS-501922,2026-08-06T13:55:59.000Z,Inbound,+13129018861,+1415555104,Emma Rodriguez,Sales,3,Delivered
SMS-501923,2026-08-06T12:43:15.000Z,Inbound,+17025043240,+1415555102,Liam Carter,Sales,1,Delivered
SMS-501924,2026-08-06T12:21:59.000Z,Outbound,+1415555403,+14045575207,Amelia Foster,Customer Success,2,Delivered
SMS-501925,2026-08-06T11:31:32.000Z,Inbound,+17025431540,+1415555204,Mason Brooks,Customer Support,1,Pending
SMS-501926,2026-08-06T13:07:46.000Z,Outbound,+1415555103,+14804291240,Noah Patel,Sales,3,Delivered
SMS-501927,2026-08-06T13:35:22.000Z,Inbound,+14804589564,+1415555203,Sophia Nguyen,Customer Support,3,Delivered
SMS-501928,2026-08-06T14:14:54.000Z,Outbound,+1415555103,+16178724461,Noah Patel,Sales,3,Delivered
SMS-501929,2026-08-06T13:43:24.000Z,Inbound,+12068218795,+1415555403,Amelia Foster,Customer Success,2,Delivered
SMS-501930,2026-08-06T12:59:48.000Z,Inbound,+17026299141,+1415555401,Charlotte Reyes,Customer Success,2,Delivered
SMS-501931,2026-08-06T14:08:07.000Z,Inbound,+13057508809,+1415555302,Mia Alvarez,Billing,1,Delivered
SMS-501932,2026-08-06T13:48:55.000Z,Inbound,+14042579622,+1415555205,Isabella Kim,Customer Support,3,Delivered
SMS-501933,2026-08-06T13:27:23.000Z,Inbound,+16175979911,+1415555303,Benjamin Osei,Billing,2,Delivered
SMS-501934,2026-08-06T12:45:07.000Z,Outbound,+1415555303,+14803872213,Benjamin Osei,Billing,2,Delivered
SMS-501935,2026-08-06T12:03:10.000Z,Inbound,+14807502468,+1415555104,Emma Rodriguez,Sales,3,Delivered
SMS-501936,2026-08-06T14:32:10.000Z,Inbound,+13052292946,+1415555202,Ethan Walker,Customer Support,1,Delivered
SMS-501937,2026-08-06T13:04:42.000Z,Inbound,+15123054157,+1415555102,Liam Carter,Sales,2,Delivered
SMS-501938,2026-08-06T12:47:28.000Z,Inbound,+13056536079,+1415555302,Mia Alvarez,Billing,3,Pending
SMS-501939,2026-08-06T13:59:49.000Z,Outbound,+1415555302,+12127428776,Mia Alvarez,Billing,1,Delivered
SMS-501940,2026-08-06T13:56:41.000Z,Inbound,+12122600516,+1415555102,Liam Carter,Sales,3,Delivered
SMS-501941,2026-08-06T14:29:00.000Z,Inbound,+17022118217,+1415555302,Mia Alvarez,Billing,3,Delivered
SMS-501942,2026-08-06T13:27:31.000Z,Outbound,+1415555301,+15124374670,James Whitfield,Billing,2,Delivered
SMS-501943,2026-08-06T13:43:08.000Z,Inbound,+14157582324,+1415555103,Noah Patel,Sales,2,Delivered
SMS-501944,2026-08-06T12:17:03.000Z,Outbound,+1415555201,+12127497924,Olivia Chen,Customer Support,1,Delivered
SMS-501945,2026-08-06T13:00:22.000Z,Inbound,+14803653396,+1415555402,Lucas Bennett,Customer Success,1,Delivered
SMS-501946,2026-08-06T13:12:45.000Z,Inbound,+14045844192,+1415555202,Ethan Walker,Customer Support,3,Delivered
SMS-501947,2026-08-06T13:56:20.000Z,Inbound,+13126103660,+1415555201,Olivia Chen,Customer Support,2,Delivered
SMS-501948,2026-08-06T15:11:38.000Z,Inbound,+14046821279,+1415555101,Ava Thompson,Sales,3,Delivered
SMS-501949,2026-08-06T13:29:30.000Z,Outbound,+1415555103,+14156155325,Noah Patel,Sales,2,Pending
SMS-501950,2026-08-06T13:42:26.000Z,Inbound,+15122704056,+1415555201,Olivia Chen,Customer Support,2,Delivered
SMS-501951,2026-08-06T14:22:51.000Z,Outbound,+1415555401,+16179138036,Charlotte Reyes,Customer Success,1,Delivered
SMS-501952,2026-08-06T15:04:53.000Z,Outbound,+1415555303,+14804700208,Benjamin Osei,Billing,1,Delivered
SMS-501953,2026-08-06T14:40:08.000Z,Inbound,+17024445236,+1415555101,Ava Thompson,Sales,1,Delivered
SMS-501954,2026-08-06T13:56:55.000Z,Inbound,+12066867954,+1415555103,Noah Patel,Sales,1,Delivered
SMS-501955,2026-08-07T12:36:53.000Z,Outbound,+1415555401,+14154843821,Charlotte Reyes,Customer Success,3,Delivered
SMS-501956,2026-08-07T13:41:38.000Z,Inbound,+13124985434,+1415555101,Ava Thompson,Sales,2,Delivered
SMS-501957,2026-08-07T15:32:22.000Z,Outbound,+1415555201,+14807463649,Olivia Chen,Customer Support,2,Delivered
SMS-501958,2026-08-07T13:10:25.000Z,Inbound,+15125184734,+1415555201,Olivia Chen,Customer Support,3,Delivered
SMS-501959,2026-08-07T12:44:59.000Z,Inbound,+14044047619,+1415555401,Charlotte Reyes,Customer Success,2,Delivered
SMS-501960,2026-08-07T13:22:04.000Z,Inbound,+12127364660,+1415555204,Mason Brooks,Customer Support,2,Failed
SMS-501961,2026-08-07T13:57:11.000Z,Outbound,+1415555203,+16174652539,Sophia Nguyen,Customer Support,2,Delivered
SMS-501962,2026-08-07T12:11:07.000Z,Outbound,+1415555103,+14807512313,Noah Patel,Sales,3,Delivered
SMS-501963,2026-08-07T12:20:19.000Z,Outbound,+1415555402,+14157292396,Lucas Bennett,Customer Success,2,Delivered
SMS-501964,2026-08-07T11:19:19.000Z,Inbound,+15129121573,+1415555402,Lucas Bennett,Customer Success,2,Delivered
SMS-501965,2026-08-07T11:11:27.000Z,Inbound,+12066074762,+1415555302,Mia Alvarez,Billing,3,Delivered
SMS-501966,2026-08-07T14:40:58.000Z,Outbound,+1415555102,+14044070381,Liam Carter,Sales,3,Delivered
SMS-501967,2026-08-07T13:59:58.000Z,Inbound,+14159796122,+1415555103,Noah Patel,Sales,1,Delivered
SMS-501968,2026-08-07T12:54:43.000Z,Outbound,+1415555101,+15125237842,Ava Thompson,Sales,3,Delivered
SMS-501969,2026-08-07T14:07:07.000Z,Outbound,+1415555205,+13058810555,Isabella Kim,Customer Support,1,Delivered
SMS-501970,2026-08-07T13:44:20.000Z,Inbound,+14153177307,+1415555204,Mason Brooks,Customer Support,2,Delivered
SMS-501971,2026-08-07T13:56:56.000Z,Outbound,+1415555302,+14042973385,Mia Alvarez,Billing,3,Delivered
SMS-501972,2026-08-07T13:08:00.000Z,Outbound,+1415555403,+17026454056,Amelia Foster,Customer Success,3,Delivered
SMS-501973,2026-08-07T14:09:25.000Z,Outbound,+1415555203,+17028493631,Sophia Nguyen,Customer Support,1,Delivered
SMS-501974,2026-08-07T14:17:35.000Z,Outbound,+1415555402,+15123387671,Lucas Bennett,Customer Success,1,Delivered
SMS-501975,2026-08-07T14:00:45.000Z,Outbound,+1415555204,+16172111172,Mason Brooks,Customer Support,1,Delivered
SMS-501976,2026-08-07T12:41:56.000Z,Inbound,+14806197069,+1415555103,Noah Patel,Sales,2,Delivered
SMS-501977,2026-08-07T14:08:01.000Z,Inbound,+14805108286,+1415555303,Benjamin Osei,Billing,3,Delivered
SMS-501978,2026-08-07T14:08:03.000Z,Inbound,+12063535572,+1415555402,Lucas Bennett,Customer Success,1,Delivered
SMS-501979,2026-08-07T13:58:18.000Z,Inbound,+15128597459,+1415555104,Emma Rodriguez,Sales,2,Delivered
SMS-501980,2026-08-07T13:58:24.000Z,Inbound,+12125861343,+1415555502,Grace Lindqvist,IT Helpdesk,3,Delivered
SMS-501981,2026-08-07T15:28:15.000Z,Outbound,+1415555204,+14809274043,Mason Brooks,Customer Support,3,Delivered
SMS-501982,2026-08-07T14:37:31.000Z,Inbound,+16179417585,+1415555501,Henry Okafor,IT Helpdesk,3,Delivered
SMS-501983,2026-08-07T13:32:28.000Z,Inbound,+16173216443,+1415555401,Charlotte Reyes,Customer Success,1,Delivered
SMS-501984,2026-08-07T12:57:07.000Z,Outbound,+1415555301,+12128942570,James Whitfield,Billing,2,Delivered
SMS-501985,2026-08-07T13:59:22.000Z,Inbound,+14153608490,+1415555102,Liam Carter,Sales,1,Delivered
SMS-501986,2026-08-07T12:24:26.000Z,Inbound,+14152761237,+1415555201,Olivia Chen,Customer Support,1,Delivered
SMS-501987,2026-08-07T14:02:06.000Z,Inbound,+12124743214,+1415555101,Ava Thompson,Sales,2,Delivered
SMS-501988,2026-08-07T14:47:30.000Z,Inbound,+13125551894,+1415555205,Isabella Kim,Customer Support,1,Delivered
SMS-501989,2026-08-07T14:13:21.000Z,Outbound,+1415555104,+14042634092,Emma Rodriguez,Sales,3,Delivered
SMS-501990,2026-08-07T13:40:55.000Z,Outbound,+1415555402,+12062901516,Lucas Bennett,Customer Success,1,Delivered
SMS-501991,2026-08-07T14:59:09.000Z,Outbound,+1415555301,+17024474868,James Whitfield,Billing,3,Delivered
SMS-501992,2026-08-07T13:41:02.000Z,Inbound,+12068288211,+1415555301,James Whitfield,Billing,3,Delivered
SMS-501993,2026-08-07T13:23:44.000Z,Outbound,+1415555102,+13126292573,Liam Carter,Sales,2,Delivered
SMS-501994,2026-08-07T14:05:24.000Z,Inbound,+14159162371,+1415555201,Olivia Chen,Customer Support,3,Delivered
SMS-501995,2026-08-07T11:33:42.000Z,Outbound,+1415555201,+16179597682,Olivia Chen,Customer Support,3,Delivered
SMS-501996,2026-08-07T13:33:53.000Z,Inbound,+16173581231,+1415555102,Liam Carter,Sales,1,Delivered
SMS-501997,2026-08-07T12:54:02.000Z,Outbound,+1415555303,+12066706564,Benjamin Osei,Billing,2,Delivered
SMS-501998,2026-08-07T14:06:42.000Z,Inbound,+14044224141,+1415555301,James Whitfield,Billing,1,Delivered
SMS-501999,2026-08-07T14:00:40.000Z,Outbound,+1415555202,+13126930780,Ethan Walker,Customer Support,2,Delivered
SMS-502000,2026-08-07T12:44:35.000Z,Inbound,+14155930202,+1415555302,Mia Alvarez,Billing,2,Delivered
SMS-502001,2026-08-07T12:46:31.000Z,Inbound,+14047695324,+1415555303,Benjamin Osei,Billing,2,Delivered
SMS-502002,2026-08-07T13:17:52.000Z,Outbound,+1415555102,+15127241231,Liam Carter,Sales,3,Delivered
SMS-502003,2026-08-07T13:02:37.000Z,Inbound,+14159250501,+1415555502,Grace Lindqvist,IT Helpdesk,2,Delivered
SMS-502004,2026-08-07T12:08:29.000Z,Outbound,+1415555403,+14802874069,Amelia Foster,Customer Success,2,Delivered
SMS-502005,2026-08-07T13:52:54.000Z,Inbound,+14044244862,+1415555103,Noah Patel,Sales,3,Delivered
SMS-502006,2026-08-07T14:06:46.000Z,Outbound,+1415555103,+12123249662,Noah Patel,Sales,1,Delivered
SMS-502007,2026-08-07T13:22:57.000Z,Outbound,+1415555402,+13056838532,Lucas Bennett,Customer Success,1,Delivered
SMS-502008,2026-08-07T12:38:15.000Z,Inbound,+12126503683,+1415555302,Mia Alvarez,Billing,3,Delivered
SMS-502009,2026-08-07T13:02:18.000Z,Inbound,+15122805095,+1415555102,Liam Carter,Sales,3,Delivered
SMS-502010,2026-08-07T13:53:42.000Z,Outbound,+1415555301,+12129741178,James Whitfield,Billing,3,Delivered
SMS-502011,2026-08-07T15:15:28.000Z,Inbound,+13052503174,+1415555102,Liam Carter,Sales,1,Delivered
SMS-502012,2026-08-07T12:12:59.000Z,Inbound,+17027076740,+1415555205,Isabella Kim,Customer Support,1,Delivered
SMS-502013,2026-08-07T13:01:09.000Z,Inbound,+15125321373,+1415555205,Isabella Kim,Customer Support,1,Delivered
SMS-502014,2026-08-07T13:06:39.000Z,Outbound,+1415555302,+13053666263,Mia Alvarez,Billing,3,Delivered
SMS-502015,2026-08-07T14:29:09.000Z,Inbound,+14049394475,+1415555302,Mia Alvarez,Billing,1,Delivered
SMS-502016,2026-08-07T12:28:55.000Z,Outbound,+1415555502,+12127547837,Grace Lindqvist,IT Helpdesk,2,Delivered
SMS-502017,2026-08-07T12:47:12.000Z,Inbound,+13123734341,+1415555301,James Whitfield,Billing,2,Delivered
SMS-502018,2026-08-07T12:05:57.000Z,Inbound,+13124667985,+1415555205,Isabella Kim,Customer Support,2,Delivered
SMS-502019,2026-08-07T13:32:48.000Z,Inbound,+14045789665,+1415555303,Benjamin Osei,Billing,1,Delivered
SMS-502020,2026-08-07T12:55:09.000Z,Outbound,+1415555103,+15123381023,Noah Patel,Sales,2,Delivered
SMS-502021,2026-08-07T13:24:10.000Z,Outbound,+1415555201,+12064854471,Olivia Chen,Customer Support,1,Delivered
SMS-502022,2026-08-07T13:55:39.000Z,Inbound,+14152919636,+1415555202,Ethan Walker,Customer Support,2,Delivered
SMS-502023,2026-08-07T14:47:16.000Z,Inbound,+14044891913,+1415555501,Henry Okafor,IT Helpdesk,3,Delivered
SMS-502024,2026-08-07T13:43:27.000Z,Inbound,+16178789908,+1415555204,Mason Brooks,Customer Support,2,Delivered
SMS-502025,2026-08-07T14:30:54.000Z,Outbound,+1415555201,+14048268900,Olivia Chen,Customer Support,2,Delivered
SMS-502026,2026-08-07T12:29:10.000Z,Outbound,+1415555102,+15126594296,Liam Carter,Sales,3,Delivered
SMS-502027,2026-08-07T13:39:47.000Z,Inbound,+15122325316,+1415555204,Mason Brooks,Customer Support,1,Delivered
SMS-502028,2026-08-07T14:34:36.000Z,Outbound,+1415555201,+17022814542,Olivia Chen,Customer Support,3,Delivered
SMS-502029,2026-08-07T12:56:48.000Z,Inbound,+17025149562,+1415555202,Ethan Walker,Customer Support,1,Delivered
SMS-502030,2026-08-07T13:22:10.000Z,Inbound,+14046570837,+1415555104,Emma Rodriguez,Sales,3,Delivered
SMS-502031,2026-08-07T14:58:10.000Z,Inbound,+17024987008,+1415555303,Benjamin Osei,Billing,2,Delivered
SMS-502032,2026-08-07T12:10:40.000Z,Inbound,+13058921206,+1415555104,Emma Rodriguez,Sales,3,Delivered
SMS-502033,2026-08-07T12:56:11.000Z,Inbound,+12067393721,+1415555302,Mia Alvarez,Billing,2,Delivered
SMS-502034,2026-08-07T13:54:01.000Z,Inbound,+17025820714,+1415555201,Olivia Chen,Customer Support,1,Delivered
SMS-502035,2026-08-07T12:28:57.000Z,Inbound,+14803999101,+1415555201,Olivia Chen,Customer Support,3,Delivered
SMS-502036,2026-08-07T13:21:56.000Z,Inbound,+13129091398,+1415555201,Olivia Chen,Customer Support,2,Delivered
SMS-502037,2026-08-07T13:30:51.000Z,Inbound,+12122733027,+1415555402,Lucas Bennett,Customer Success,2,Delivered
SMS-502038,2026-08-07T14:40:10.000Z,Inbound,+12066756527,+1415555303,Benjamin Osei,Billing,2,Delivered
SMS-502039,2026-08-07T12:57:55.000Z,Inbound,+16178707324,+1415555501,Henry Okafor,IT Helpdesk,1,Delivered
SMS-502040,2026-08-07T14:47:37.000Z,Inbound,+12123277606,+1415555103,Noah Patel,Sales,1,Delivered
SMS-502041,2026-08-07T12:23:35.000Z,Outbound,+1415555401,+12124796220,Charlotte Reyes,Customer Success,1,Failed
SMS-502042,2026-08-07T14:42:05.000Z,Inbound,+15125468021,+1415555205,Isabella Kim,Customer Support,3,Delivered
SMS-502043,2026-08-07T13:29:52.000Z,Inbound,+16179243800,+1415555202,Ethan Walker,Customer Support,3,Delivered
SMS-502044,2026-08-08T13:45:54.000Z,Outbound,+1415555101,+17022068234,Ava Thompson,Sales,3,Delivered
SMS-502045,2026-08-08T14:58:35.000Z,Outbound,+1415555102,+14152082266,Liam Carter,Sales,1,Delivered
SMS-502046,2026-08-08T13:49:56.000Z,Inbound,+13122541097,+1415555102,Liam Carter,Sales,1,Delivered
SMS-502047,2026-08-08T12:18:09.000Z,Outbound,+1415555401,+14047522936,Charlotte Reyes,Customer Success,1,Delivered
SMS-502048,2026-08-08T12:16:52.000Z,Outbound,+1415555403,+17023960181,Amelia Foster,Customer Success,2,Delivered
SMS-502049,2026-08-08T14:14:43.000Z,Outbound,+1415555101,+14809627792,Ava Thompson,Sales,3,Delivered
SMS-502050,2026-08-08T14:21:22.000Z,Outbound,+1415555101,+14043907907,Ava Thompson,Sales,1,Delivered
SMS-502051,2026-08-08T13:57:26.000Z,Inbound,+14043258104,+1415555302,Mia Alvarez,Billing,3,Delivered
SMS-502052,2026-08-08T12:36:46.000Z,Inbound,+15123152026,+1415555205,Isabella Kim,Customer Support,1,Delivered
SMS-502053,2026-08-08T13:00:45.000Z,Inbound,+17022992001,+1415555302,Mia Alvarez,Billing,2,Delivered
SMS-502054,2026-08-08T12:12:30.000Z,Outbound,+1415555401,+15124096653,Charlotte Reyes,Customer Success,1,Delivered
SMS-502055,2026-08-08T13:23:07.000Z,Inbound,+17024498687,+1415555501,Henry Okafor,IT Helpdesk,3,Delivered
SMS-502056,2026-08-08T12:06:51.000Z,Inbound,+14153124239,+1415555204,Mason Brooks,Customer Support,3,Delivered
SMS-502057,2026-08-08T12:40:22.000Z,Outbound,+1415555104,+14807144461,Emma Rodriguez,Sales,1,Delivered
SMS-502058,2026-08-08T13:32:19.000Z,Outbound,+1415555502,+14048191659,Grace Lindqvist,IT Helpdesk,3,Delivered
SMS-502059,2026-08-08T13:41:23.000Z,Outbound,+1415555402,+12125307121,Lucas Bennett,Customer Success,3,Delivered
SMS-502060,2026-08-08T14:54:40.000Z,Inbound,+15122209120,+1415555502,Grace Lindqvist,IT Helpdesk,1,Delivered
SMS-502061,2026-08-09T13:34:18.000Z,Inbound,+15128591267,+1415555401,Charlotte Reyes,Customer Success,2,Delivered
SMS-502062,2026-08-09T15:16:18.000Z,Inbound,+12125251181,+1415555302,Mia Alvarez,Billing,3,Delivered
SMS-502063,2026-08-09T12:28:38.000Z,Inbound,+16178495903,+1415555303,Benjamin Osei,Billing,2,Pending
SMS-502064,2026-08-09T14:58:47.000Z,Outbound,+1415555103,+12063443524,Noah Patel,Sales,2,Delivered
SMS-502065,2026-08-09T12:06:57.000Z,Outbound,+1415555301,+14159865262,James Whitfield,Billing,1,Delivered
SMS-502066,2026-08-09T13:13:03.000Z,Outbound,+1415555104,+14805880199,Emma Rodriguez,Sales,2,Delivered
SMS-502067,2026-08-09T13:41:18.000Z,Outbound,+1415555502,+16179831026,Grace Lindqvist,IT Helpdesk,1,Delivered
SMS-502068,2026-08-09T12:46:19.000Z,Inbound,+13058623372,+1415555104,Emma Rodriguez,Sales,3,Delivered
SMS-502069,2026-08-09T13:17:11.000Z,Inbound,+14152691206,+1415555103,Noah Patel,Sales,1,Delivered
SMS-502070,2026-08-09T13:19:34.000Z,Inbound,+12122115747,+1415555204,Mason Brooks,Customer Support,1,Delivered
SMS-502071,2026-08-09T12:43:32.000Z,Inbound,+14049273695,+1415555502,Grace Lindqvist,IT Helpdesk,3,Delivered
SMS-502072,2026-08-09T13:38:33.000Z,Inbound,+12065182539,+1415555403,Amelia Foster,Customer Success,3,Delivered
SMS-502073,2026-08-09T15:26:13.000Z,Inbound,+16179502510,+1415555204,Mason Brooks,Customer Support,3,Delivered
SMS-502074,2026-08-09T15:02:55.000Z,Inbound,+13122228925,+1415555201,Olivia Chen,Customer Support,2,Delivered
SMS-502075,2026-08-09T13:44:45.000Z,Outbound,+1415555201,+16177536331,Olivia Chen,Customer Support,3,Delivered
SMS-502076,2026-08-09T13:08:28.000Z,Inbound,+13053510593,+1415555303,Benjamin Osei,Billing,1,Delivered
SMS-502077,2026-08-09T14:54:58.000Z,Inbound,+12067985841,+1415555402,Lucas Bennett,Customer Success,2,Delivered
SMS-502078,2026-08-09T13:31:21.000Z,Inbound,+14046468129,+1415555203,Sophia Nguyen,Customer Support,1,Delivered
SMS-502079,2026-08-09T13:10:13.000Z,Outbound,+1415555302,+12068947768,Mia Alvarez,Billing,1,Delivered
SMS-502080,2026-08-09T12:33:43.000Z,Outbound,+1415555302,+13052718060,Mia Alvarez,Billing,2,Delivered
SMS-502081,2026-08-10T14:44:22.000Z,Inbound,+15123297290,+1415555301,James Whitfield,Billing,1,Delivered
SMS-502082,2026-08-10T12:59:43.000Z,Outbound,+1415555303,+14805058723,Benjamin Osei,Billing,3,Delivered
SMS-502083,2026-08-10T11:35:01.000Z,Outbound,+1415555103,+14046477243,Noah Patel,Sales,2,Delivered
SMS-502084,2026-08-10T14:41:33.000Z,Outbound,+1415555204,+14048105812,Mason Brooks,Customer Support,1,Delivered
SMS-502085,2026-08-10T14:32:01.000Z,Inbound,+14157980942,+1415555205,Isabella Kim,Customer Support,3,Delivered
SMS-502086,2026-08-10T14:32:18.000Z,Inbound,+15126309185,+1415555202,Ethan Walker,Customer Support,1,Delivered
SMS-502087,2026-08-10T11:33:19.000Z,Inbound,+14044845560,+1415555103,Noah Patel,Sales,1,Delivered
SMS-502088,2026-08-10T14:21:11.000Z,Outbound,+1415555403,+14805604760,Amelia Foster,Customer Success,3,Delivered
SMS-502089,2026-08-10T11:34:38.000Z,Inbound,+17022006011,+1415555104,Emma Rodriguez,Sales,1,Delivered
SMS-502090,2026-08-10T12:04:05.000Z,Inbound,+12125250920,+1415555203,Sophia Nguyen,Customer Support,2,Delivered
SMS-502091,2026-08-10T12:01:07.000Z,Inbound,+14155929029,+1415555401,Charlotte Reyes,Customer Success,2,Delivered
SMS-502092,2026-08-10T13:14:27.000Z,Inbound,+17022909193,+1415555204,Mason Brooks,Customer Support,1,Delivered
SMS-502093,2026-08-10T12:59:04.000Z,Outbound,+1415555302,+15124552225,Mia Alvarez,Billing,1,Delivered
SMS-502094,2026-08-10T13:56:49.000Z,Inbound,+13058092461,+1415555102,Liam Carter,Sales,3,Delivered
SMS-502095,2026-08-10T13:32:19.000Z,Inbound,+14043392844,+1415555204,Mason Brooks,Customer Support,1,Delivered
SMS-502096,2026-08-10T13:48:39.000Z,Inbound,+12125913981,+1415555201,Olivia Chen,Customer Support,3,Delivered
SMS-502097,2026-08-10T14:33:35.000Z,Inbound,+14154262038,+1415555101,Ava Thompson,Sales,1,Delivered
SMS-502098,2026-08-10T13:31:00.000Z,Outbound,+1415555104,+13125379033,Emma Rodriguez,Sales,2,Delivered
SMS-502099,2026-08-10T13:23:24.000Z,Inbound,+13058674744,+1415555101,Ava Thompson,Sales,3,Delivered
SMS-502100,2026-08-10T13:56:08.000Z,Inbound,+17026851449,+1415555303,Benjamin Osei,Billing,2,Delivered
SMS-502101,2026-08-10T13:58:50.000Z,Outbound,+1415555302,+12128640107,Mia Alvarez,Billing,1,Delivered
SMS-502102,2026-08-10T14:48:54.000Z,Outbound,+1415555201,+14159518487,Olivia Chen,Customer Support,2,Delivered
SMS-502103,2026-08-10T13:01:29.000Z,Inbound,+15124709324,+1415555303,Benjamin Osei,Billing,3,Delivered
SMS-502104,2026-08-10T12:30:46.000Z,Outbound,+1415555102,+17029906954,Liam Carter,Sales,2,Delivered
SMS-502105,2026-08-10T12:29:50.000Z,Outbound,+1415555402,+12124193015,Lucas Bennett,Customer Success,1,Delivered
SMS-502106,2026-08-10T11:41:43.000Z,Inbound,+14154175195,+1415555205,Isabella Kim,Customer Support,1,Delivered
SMS-502107,2026-08-10T13:54:26.000Z,Outbound,+1415555104,+12069590395,Emma Rodriguez,Sales,3,Delivered
SMS-502108,2026-08-10T12:34:28.000Z,Outbound,+1415555102,+14153242032,Liam Carter,Sales,1,Delivered
SMS-502109,2026-08-10T12:09:23.000Z,Outbound,+1415555205,+13125439777,Isabella Kim,Customer Support,1,Delivered
SMS-502110,2026-08-10T12:18:49.000Z,Inbound,+12069187267,+1415555303,Benjamin Osei,Billing,1,Delivered
SMS-502111,2026-08-10T13:05:01.000Z,Inbound,+14156314195,+1415555201,Olivia Chen,Customer Support,3,Delivered
SMS-502112,2026-08-10T13:38:47.000Z,Inbound,+13056350732,+1415555103,Noah Patel,Sales,1,Delivered
SMS-502113,2026-08-10T13:51:37.000Z,Inbound,+16178559588,+1415555502,Grace Lindqvist,IT Helpdesk,2,Delivered
SMS-502114,2026-08-10T12:25:20.000Z,Inbound,+15128946779,+1415555201,Olivia Chen,Customer Support,1,Delivered
SMS-502115,2026-08-10T12:45:50.000Z,Outbound,+1415555103,+14154087359,Noah Patel,Sales,2,Delivered
SMS-502116,2026-08-10T12:35:39.000Z,Inbound,+15128263663,+1415555203,Sophia Nguyen,Customer Support,1,Delivered
SMS-502117,2026-08-10T12:16:42.000Z,Outbound,+1415555101,+16179230861,Ava Thompson,Sales,1,Delivered
SMS-502118,2026-08-10T12:27:18.000Z,Inbound,+13059704169,+1415555201,Olivia Chen,Customer Support,2,Delivered
SMS-502119,2026-08-10T14:37:51.000Z,Outbound,+1415555403,+15126220537,Amelia Foster,Customer Success,2,Delivered
SMS-502120,2026-08-10T14:59:09.000Z,Outbound,+1415555302,+17028344416,Mia Alvarez,Billing,1,Delivered
SMS-502121,2026-08-10T13:54:56.000Z,Inbound,+14156910335,+1415555205,Isabella Kim,Customer Support,3,Delivered
SMS-502122,2026-08-10T13:12:57.000Z,Inbound,+14803727934,+1415555302,Mia Alvarez,Billing,3,Delivered
SMS-502123,2026-08-10T12:23:25.000Z,Outbound,+1415555401,+13125562656,Charlotte Reyes,Customer Success,1,Delivered
SMS-502124,2026-08-10T13:06:33.000Z,Inbound,+14153636953,+1415555302,Mia Alvarez,Billing,1,Delivered
SMS-502125,2026-08-10T14:03:36.000Z,Outbound,+1415555101,+14042387621,Ava Thompson,Sales,3,Delivered
SMS-502126,2026-08-10T13:27:32.000Z,Inbound,+15128540237,+1415555101,Ava Thompson,Sales,2,Delivered
SMS-502127,2026-08-10T13:50:13.000Z,Inbound,+12062624577,+1415555205,Isabella Kim,Customer Support,2,Delivered
SMS-502128,2026-08-10T11:09:33.000Z,Outbound,+1415555303,+13054803332,Benjamin Osei,Billing,3,Delivered
SMS-502129,2026-08-10T13:37:16.000Z,Inbound,+12128609911,+1415555502,Grace Lindqvist,IT Helpdesk,3,Failed
SMS-502130,2026-08-10T14:16:03.000Z,Inbound,+14805527252,+1415555203,Sophia Nguyen,Customer Support,3,Delivered
SMS-502131,2026-08-10T13:27:48.000Z,Outbound,+1415555501,+12068872607,Henry Okafor,IT Helpdesk,2,Delivered
SMS-502132,2026-08-10T14:21:29.000Z,Inbound,+14803681030,+1415555101,Ava Thompson,Sales,1,Delivered
SMS-502133,2026-08-10T12:57:56.000Z,Inbound,+16175745129,+1415555203,Sophia Nguyen,Customer Support,3,Delivered
SMS-502134,2026-08-10T12:30:33.000Z,Outbound,+1415555403,+14044594875,Amelia Foster,Customer Success,3,Delivered
SMS-502135,2026-08-10T13:18:07.000Z,Inbound,+13122226811,+1415555205,Isabella Kim,Customer Support,1,Delivered
SMS-502136,2026-08-10T13:53:25.000Z,Inbound,+16173437867,+1415555101,Ava Thompson,Sales,2,Delivered
SMS-502137,2026-08-10T13:21:11.000Z,Inbound,+14803345846,+1415555502,Grace Lindqvist,IT Helpdesk,1,Delivered
SMS-502138,2026-08-10T12:36:09.000Z,Outbound,+1415555401,+14158617615,Charlotte Reyes,Customer Success,3,Delivered
SMS-502139,2026-08-10T11:25:54.000Z,Inbound,+14156585777,+1415555301,James Whitfield,Billing,1,Delivered
SMS-502140,2026-08-10T11:41:53.000Z,Inbound,+13056595980,+1415555204,Mason Brooks,Customer Support,2,Delivered
SMS-502141,2026-08-10T13:29:00.000Z,Outbound,+1415555303,+13056018877,Benjamin Osei,Billing,2,Delivered
SMS-502142,2026-08-10T14:11:26.000Z,Inbound,+15124371654,+1415555205,Isabella Kim,Customer Support,2,Delivered
SMS-502143,2026-08-10T12:16:45.000Z,Inbound,+12128358063,+1415555302,Mia Alvarez,Billing,1,Delivered
SMS-502144,2026-08-10T14:32:47.000Z,Outbound,+1415555401,+14155465674,Charlotte Reyes,Customer Success,1,Delivered
SMS-502145,2026-08-10T13:34:53.000Z,Outbound,+1415555203,+13059812350,Sophia Nguyen,Customer Support,1,Failed
SMS-502146,2026-08-10T13:19:25.000Z,Outbound,+1415555402,+14156622075,Lucas Bennett,Customer Success,2,Delivered
SMS-502147,2026-08-10T13:12:48.000Z,Outbound,+1415555501,+14048632072,Henry Okafor,IT Helpdesk,2,Delivered
SMS-502148,2026-08-10T13:40:38.000Z,Inbound,+14048286805,+1415555202,Ethan Walker,Customer Support,2,Delivered
SMS-502149,2026-08-10T13:01:45.000Z,Outbound,+1415555204,+17026596485,Mason Brooks,Customer Support,1,Delivered
SMS-502150,2026-08-10T13:46:03.000Z,Inbound,+15128874350,+1415555204,Mason Brooks,Customer Support,3,Delivered
SMS-502151,2026-08-10T13:38:43.000Z,Outbound,+1415555501,+16174869440,Henry Okafor,IT Helpdesk,1,Delivered
SMS-502152,2026-08-10T14:23:41.000Z,Outbound,+1415555101,+16173085974,Ava Thompson,Sales,1,Delivered
SMS-502153,2026-08-10T13:53:43.000Z,Inbound,+14047004552,+1415555403,Amelia Foster,Customer Success,3,Delivered
SMS-502154,2026-08-10T13:26:47.000Z,Inbound,+12063211720,+1415555204,Mason Brooks,Customer Support,2,Delivered
SMS-502155,2026-08-10T13:48:26.000Z,Inbound,+14046362962,+1415555401,Charlotte Reyes,Customer Success,2,Delivered
SMS-502156,2026-08-10T13:41:38.000Z,Outbound,+1415555203,+12066862355,Sophia Nguyen,Customer Support,3,Delivered
SMS-502157,2026-08-10T14:16:39.000Z,Inbound,+16174955317,+1415555301,James Whitfield,Billing,2,Delivered
SMS-502158,2026-08-10T15:55:30.000Z,Inbound,+16179706343,+1415555203,Sophia Nguyen,Customer Support,2,Delivered
SMS-502159,2026-08-10T12:44:07.000Z,Outbound,+1415555101,+13056947092,Ava Thompson,Sales,1,Delivered
SMS-502160,2026-08-10T13:48:36.000Z,Outbound,+1415555502,+15126509949,Grace Lindqvist,IT Helpdesk,2,Delivered
SMS-502161,2026-08-10T14:26:13.000Z,Inbound,+14157798362,+1415555103,Noah Patel,Sales,3,Delivered
SMS-502162,2026-08-10T14:02:01.000Z,Inbound,+12129001631,+1415555205,Isabella Kim,Customer Support,2,Delivered
SMS-502163,2026-08-10T13:26:10.000Z,Outbound,+1415555204,+14157428315,Mason Brooks,Customer Support,3,Failed
SMS-502164,2026-08-10T14:02:25.000Z,Outbound,+1415555301,+12063529321,James Whitfield,Billing,1,Delivered
SMS-502165,2026-08-11T13:14:05.000Z,Inbound,+17027492418,+1415555301,James Whitfield,Billing,1,Delivered
SMS-502166,2026-08-11T14:44:39.000Z,Outbound,+1415555201,+16174294266,Olivia Chen,Customer Support,3,Delivered
SMS-502167,2026-08-11T14:44:31.000Z,Outbound,+1415555205,+12125130526,Isabella Kim,Customer Support,3,Delivered
SMS-502168,2026-08-11T14:47:38.000Z,Inbound,+15125360180,+1415555402,Lucas Bennett,Customer Success,3,Delivered
SMS-502169,2026-08-11T13:10:58.000Z,Inbound,+13059873321,+1415555102,Liam Carter,Sales,3,Delivered
SMS-502170,2026-08-11T14:57:14.000Z,Inbound,+14807685210,+1415555205,Isabella Kim,Customer Support,3,Delivered
SMS-502171,2026-08-11T13:35:10.000Z,Inbound,+15122848012,+1415555202,Ethan Walker,Customer Support,3,Delivered
SMS-502172,2026-08-11T13:48:59.000Z,Inbound,+13123341719,+1415555201,Olivia Chen,Customer Support,3,Delivered
SMS-502173,2026-08-11T12:03:04.000Z,Outbound,+1415555402,+12065729452,Lucas Bennett,Customer Success,3,Delivered
SMS-502174,2026-08-11T14:51:04.000Z,Outbound,+1415555201,+16178998533,Olivia Chen,Customer Support,2,Delivered
SMS-502175,2026-08-11T14:29:12.000Z,Outbound,+1415555502,+13127608593,Grace Lindqvist,IT Helpdesk,3,Failed
SMS-502176,2026-08-11T12:49:12.000Z,Inbound,+13053671131,+1415555202,Ethan Walker,Customer Support,2,Delivered
SMS-502177,2026-08-11T14:58:16.000Z,Inbound,+15126626139,+1415555202,Ethan Walker,Customer Support,1,Delivered
SMS-502178,2026-08-11T13:38:49.000Z,Inbound,+14804230484,+1415555302,Mia Alvarez,Billing,3,Delivered
SMS-502179,2026-08-11T13:54:31.000Z,Outbound,+1415555502,+14802458870,Grace Lindqvist,IT Helpdesk,3,Delivered
SMS-502180,2026-08-11T14:22:59.000Z,Inbound,+15125190462,+1415555302,Mia Alvarez,Billing,1,Delivered
SMS-502181,2026-08-11T14:47:43.000Z,Outbound,+1415555104,+14048949212,Emma Rodriguez,Sales,1,Delivered
SMS-502182,2026-08-11T13:45:46.000Z,Inbound,+15123678858,+1415555501,Henry Okafor,IT Helpdesk,1,Delivered
SMS-502183,2026-08-11T13:29:11.000Z,Inbound,+12124090894,+1415555104,Emma Rodriguez,Sales,1,Delivered
SMS-502184,2026-08-11T13:24:25.000Z,Outbound,+1415555502,+14044464714,Grace Lindqvist,IT Helpdesk,1,Delivered
SMS-502185,2026-08-11T15:54:03.000Z,Outbound,+1415555205,+13129038183,Isabella Kim,Customer Support,3,Delivered
SMS-502186,2026-08-11T11:08:30.000Z,Inbound,+12129577822,+1415555401,Charlotte Reyes,Customer Success,2,Delivered
SMS-502187,2026-08-11T13:10:28.000Z,Inbound,+13126129694,+1415555205,Isabella Kim,Customer Support,2,Delivered
SMS-502188,2026-08-11T13:00:59.000Z,Inbound,+15126774183,+1415555203,Sophia Nguyen,Customer Support,2,Delivered
SMS-502189,2026-08-11T12:21:09.000Z,Inbound,+14152327585,+1415555104,Emma Rodriguez,Sales,1,Delivered
SMS-502190,2026-08-11T13:57:13.000Z,Outbound,+1415555201,+13125268160,Olivia Chen,Customer Support,1,Delivered
SMS-502191,2026-08-11T13:42:34.000Z,Outbound,+1415555101,+13055759078,Ava Thompson,Sales,1,Delivered
SMS-502192,2026-08-11T12:08:55.000Z,Inbound,+14802672679,+1415555203,Sophia Nguyen,Customer Support,3,Delivered
SMS-502193,2026-08-11T12:24:29.000Z,Outbound,+1415555301,+14808909758,James Whitfield,Billing,3,Delivered
SMS-502194,2026-08-11T12:28:09.000Z,Outbound,+1415555502,+14152926172,Grace Lindqvist,IT Helpdesk,1,Delivered
SMS-502195,2026-08-11T12:38:03.000Z,Outbound,+1415555403,+12067777507,Amelia Foster,Customer Success,3,Delivered
SMS-502196,2026-08-11T13:49:27.000Z,Outbound,+1415555302,+13055101857,Mia Alvarez,Billing,2,Delivered
SMS-502197,2026-08-11T12:10:59.000Z,Inbound,+12129165024,+1415555403,Amelia Foster,Customer Success,2,Delivered
SMS-502198,2026-08-11T11:58:12.000Z,Inbound,+17025696527,+1415555401,Charlotte Reyes,Customer Success,2,Delivered
SMS-502199,2026-08-11T13:22:50.000Z,Inbound,+17028408721,+1415555202,Ethan Walker,Customer Support,3,Delivered
SMS-502200,2026-08-11T12:41:38.000Z,Outbound,+1415555101,+14804708889,Ava Thompson,Sales,2,Delivered
SMS-502201,2026-08-11T14:12:40.000Z,Outbound,+1415555204,+12063218634,Mason Brooks,Customer Support,3,Delivered
SMS-502202,2026-08-11T13:33:22.000Z,Outbound,+1415555205,+17028932625,Isabella Kim,Customer Support,3,Delivered
SMS-502203,2026-08-11T12:20:19.000Z,Outbound,+1415555205,+15125980864,Isabella Kim,Customer Support,2,Delivered
SMS-502204,2026-08-11T14:38:30.000Z,Outbound,+1415555204,+14154659349,Mason Brooks,Customer Support,3,Delivered
SMS-502205,2026-08-11T14:19:31.000Z,Inbound,+12064992364,+1415555203,Sophia Nguyen,Customer Support,1,Delivered
SMS-502206,2026-08-11T14:25:29.000Z,Outbound,+1415555201,+14046289336,Olivia Chen,Customer Support,3,Delivered
SMS-502207,2026-08-11T14:00:43.000Z,Inbound,+14042133035,+1415555104,Emma Rodriguez,Sales,3,Delivered
SMS-502208,2026-08-11T14:28:44.000Z,Inbound,+13126502500,+1415555205,Isabella Kim,Customer Support,3,Delivered
SMS-502209,2026-08-11T11:53:51.000Z,Inbound,+12069983253,+1415555102,Liam Carter,Sales,2,Delivered
SMS-502210,2026-08-11T13:10:58.000Z,Outbound,+1415555403,+14153937530,Amelia Foster,Customer Success,1,Delivered
SMS-502211,2026-08-11T13:22:20.000Z,Outbound,+1415555103,+14042676655,Noah Patel,Sales,3,Delivered
SMS-502212,2026-08-11T14:31:38.000Z,Inbound,+13129195288,+1415555303,Benjamin Osei,Billing,2,Delivered
SMS-502213,2026-08-11T14:10:05.000Z,Outbound,+1415555203,+14045613870,Sophia Nguyen,Customer Support,2,Delivered
SMS-502214,2026-08-11T13:54:50.000Z,Inbound,+14805271267,+1415555102,Liam Carter,Sales,1,Pending
SMS-502215,2026-08-11T13:38:52.000Z,Inbound,+17027653539,+1415555204,Mason Brooks,Customer Support,2,Delivered
SMS-502216,2026-08-11T12:07:53.000Z,Inbound,+15122254414,+1415555303,Benjamin Osei,Billing,1,Delivered
SMS-502217,2026-08-11T13:35:14.000Z,Inbound,+14802230237,+1415555402,Lucas Bennett,Customer Success,3,Delivered
SMS-502218,2026-08-11T13:23:50.000Z,Outbound,+1415555403,+13056061284,Amelia Foster,Customer Success,2,Delivered
SMS-502219,2026-08-11T14:22:22.000Z,Inbound,+14157479631,+1415555403,Amelia Foster,Customer Success,3,Delivered
SMS-502220,2026-08-11T12:28:26.000Z,Outbound,+1415555502,+14809976897,Grace Lindqvist,IT Helpdesk,2,Delivered
SMS-502221,2026-08-11T13:59:03.000Z,Inbound,+14809994794,+1415555302,Mia Alvarez,Billing,2,Delivered
SMS-502222,2026-08-11T12:28:43.000Z,Inbound,+14808685549,+1415555501,Henry Okafor,IT Helpdesk,3,Delivered
SMS-502223,2026-08-11T12:34:54.000Z,Outbound,+1415555101,+14042151222,Ava Thompson,Sales,1,Delivered
SMS-502224,2026-08-11T12:43:58.000Z,Inbound,+14154417588,+1415555101,Ava Thompson,Sales,3,Delivered
SMS-502225,2026-08-12T12:09:49.000Z,Outbound,+1415555101,+14044400302,Ava Thompson,Sales,3,Delivered
SMS-502226,2026-08-12T11:07:55.000Z,Inbound,+15123540680,+1415555303,Benjamin Osei,Billing,3,Delivered
SMS-502227,2026-08-12T12:23:29.000Z,Inbound,+14044558209,+1415555103,Noah Patel,Sales,1,Delivered
SMS-502228,2026-08-12T13:15:59.000Z,Outbound,+1415555403,+15125252497,Amelia Foster,Customer Success,1,Delivered
SMS-502229,2026-08-12T13:28:19.000Z,Outbound,+1415555103,+16177434123,Noah Patel,Sales,3,Delivered
SMS-502230,2026-08-12T14:58:03.000Z,Outbound,+1415555403,+14042842386,Amelia Foster,Customer Success,1,Delivered
SMS-502231,2026-08-12T14:13:04.000Z,Inbound,+12062192760,+1415555402,Lucas Bennett,Customer Success,3,Delivered
SMS-502232,2026-08-12T13:50:56.000Z,Inbound,+16175716863,+1415555203,Sophia Nguyen,Customer Support,1,Delivered
SMS-502233,2026-08-12T13:30:56.000Z,Inbound,+15129544888,+1415555301,James Whitfield,Billing,1,Delivered
SMS-502234,2026-08-12T12:14:10.000Z,Inbound,+14044229838,+1415555101,Ava Thompson,Sales,2,Delivered
SMS-502235,2026-08-12T14:09:03.000Z,Outbound,+1415555204,+14042485925,Mason Brooks,Customer Support,1,Delivered
SMS-502236,2026-08-12T14:10:52.000Z,Inbound,+12129070426,+1415555502,Grace Lindqvist,IT Helpdesk,3,Delivered
SMS-502237,2026-08-12T13:47:25.000Z,Inbound,+12122992776,+1415555104,Emma Rodriguez,Sales,2,Delivered
SMS-502238,2026-08-12T13:53:48.000Z,Inbound,+14044463224,+1415555401,Charlotte Reyes,Customer Success,3,Delivered
SMS-502239,2026-08-12T13:23:03.000Z,Outbound,+1415555303,+14802367606,Benjamin Osei,Billing,1,Delivered
SMS-502240,2026-08-12T13:01:44.000Z,Outbound,+1415555204,+13056030654,Mason Brooks,Customer Support,1,Delivered
SMS-502241,2026-08-12T14:08:59.000Z,Outbound,+1415555203,+15125257432,Sophia Nguyen,Customer Support,2,Delivered
SMS-502242,2026-08-12T12:25:16.000Z,Outbound,+1415555501,+14156810235,Henry Okafor,IT Helpdesk,3,Delivered
SMS-502243,2026-08-12T12:28:33.000Z,Outbound,+1415555203,+12124003580,Sophia Nguyen,Customer Support,1,Delivered
SMS-502244,2026-08-12T14:41:54.000Z,Inbound,+17027324036,+1415555101,Ava Thompson,Sales,3,Delivered
SMS-502245,2026-08-12T14:06:12.000Z,Inbound,+17025095091,+1415555501,Henry Okafor,IT Helpdesk,2,Delivered
SMS-502246,2026-08-12T12:17:01.000Z,Outbound,+1415555502,+14806830009,Grace Lindqvist,IT Helpdesk,1,Delivered
SMS-502247,2026-08-12T14:42:08.000Z,Outbound,+1415555301,+16174183654,James Whitfield,Billing,3,Delivered
SMS-502248,2026-08-12T14:30:43.000Z,Outbound,+1415555301,+16172981387,James Whitfield,Billing,1,Delivered
SMS-502249,2026-08-12T13:25:13.000Z,Outbound,+1415555301,+15127932071,James Whitfield,Billing,3,Delivered
SMS-502250,2026-08-12T13:04:21.000Z,Inbound,+14049813204,+1415555102,Liam Carter,Sales,2,Delivered
SMS-502251,2026-08-12T12:52:36.000Z,Inbound,+13124368859,+1415555204,Mason Brooks,Customer Support,2,Delivered
SMS-502252,2026-08-12T13:55:56.000Z,Outbound,+1415555201,+14155597576,Olivia Chen,Customer Support,1,Delivered
SMS-502253,2026-08-12T13:52:32.000Z,Inbound,+17029168760,+1415555403,Amelia Foster,Customer Success,1,Delivered
SMS-502254,2026-08-12T12:48:51.000Z,Outbound,+1415555101,+16174953601,Ava Thompson,Sales,1,Delivered
SMS-502255,2026-08-12T12:00:38.000Z,Inbound,+14155864769,+1415555204,Mason Brooks,Customer Support,3,Delivered
SMS-502256,2026-08-12T13:28:17.000Z,Inbound,+17023816011,+1415555204,Mason Brooks,Customer Support,3,Delivered
SMS-502257,2026-08-12T15:13:02.000Z,Inbound,+14802155696,+1415555205,Isabella Kim,Customer Support,2,Delivered
SMS-502258,2026-08-12T14:23:43.000Z,Outbound,+1415555402,+12126011205,Lucas Bennett,Customer Success,1,Delivered
SMS-502259,2026-08-12T13:46:31.000Z,Outbound,+1415555204,+16177260221,Mason Brooks,Customer Support,3,Delivered
SMS-502260,2026-08-12T14:24:11.000Z,Outbound,+1415555502,+14804028546,Grace Lindqvist,IT Helpdesk,3,Delivered
SMS-502261,2026-08-12T13:28:27.000Z,Inbound,+15122396728,+1415555101,Ava Thompson,Sales,1,Delivered
SMS-502262,2026-08-12T12:00:59.000Z,Inbound,+12065445167,+1415555501,Henry Okafor,IT Helpdesk,1,Delivered
SMS-502263,2026-08-12T12:01:45.000Z,Outbound,+1415555201,+15123010333,Olivia Chen,Customer Support,1,Delivered
SMS-502264,2026-08-12T15:11:37.000Z,Inbound,+13124225537,+1415555401,Charlotte Reyes,Customer Success,3,Delivered
SMS-502265,2026-08-12T13:35:44.000Z,Inbound,+13125859989,+1415555203,Sophia Nguyen,Customer Support,1,Delivered
SMS-502266,2026-08-12T14:25:53.000Z,Inbound,+13124707978,+1415555403,Amelia Foster,Customer Success,3,Delivered
SMS-502267,2026-08-12T13:11:39.000Z,Inbound,+12128619605,+1415555502,Grace Lindqvist,IT Helpdesk,1,Delivered
SMS-502268,2026-08-12T12:18:41.000Z,Inbound,+15126761805,+1415555202,Ethan Walker,Customer Support,1,Delivered
SMS-502269,2026-08-12T12:19:36.000Z,Inbound,+17024129529,+1415555402,Lucas Bennett,Customer Success,3,Delivered
SMS-502270,2026-08-12T13:47:05.000Z,Outbound,+1415555402,+15126139729,Lucas Bennett,Customer Success,1,Delivered
SMS-502271,2026-08-12T14:38:48.000Z,Inbound,+12069973037,+1415555201,Olivia Chen,Customer Support,2,Delivered
SMS-502272,2026-08-12T13:52:42.000Z,Inbound,+16173385340,+1415555501,Henry Okafor,IT Helpdesk,2,Delivered
SMS-502273,2026-08-12T14:46:17.000Z,Inbound,+15126011077,+1415555203,Sophia Nguyen,Customer Support,3,Delivered
SMS-502274,2026-08-12T14:46:40.000Z,Inbound,+12125875589,+1415555502,Grace Lindqvist,IT Helpdesk,1,Delivered
SMS-502275,2026-08-12T12:57:03.000Z,Outbound,+1415555303,+17025070739,Benjamin Osei,Billing,3,Delivered
SMS-502276,2026-08-12T12:49:53.000Z,Inbound,+16175938287,+1415555102,Liam Carter,Sales,2,Failed
SMS-502277,2026-08-12T13:11:47.000Z,Outbound,+1415555502,+12062158860,Grace Lindqvist,IT Helpdesk,2,Delivered
SMS-502278,2026-08-12T12:04:31.000Z,Inbound,+14807255899,+1415555104,Emma Rodriguez,Sales,3,Delivered
SMS-502279,2026-08-12T13:25:01.000Z,Outbound,+1415555202,+16173744726,Ethan Walker,Customer Support,2,Delivered
SMS-502280,2026-08-12T14:36:32.000Z,Inbound,+14153639498,+1415555101,Ava Thompson,Sales,2,Delivered
SMS-502281,2026-08-12T12:55:28.000Z,Outbound,+1415555501,+13058035700,Henry Okafor,IT Helpdesk,3,Delivered
SMS-502282,2026-08-12T13:40:47.000Z,Outbound,+1415555301,+14047017887,James Whitfield,Billing,1,Delivered
SMS-502283,2026-08-12T13:37:33.000Z,Inbound,+13052242208,+1415555401,Charlotte Reyes,Customer Success,1,Delivered
SMS-502284,2026-08-12T13:58:10.000Z,Outbound,+1415555402,+14806814678,Lucas Bennett,Customer Success,1,Delivered
SMS-502285,2026-08-12T13:16:16.000Z,Outbound,+1415555403,+17028899658,Amelia Foster,Customer Success,1,Delivered
SMS-502286,2026-08-12T12:05:11.000Z,Inbound,+14049020247,+1415555402,Lucas Bennett,Customer Success,2,Delivered
SMS-502287,2026-08-12T14:07:28.000Z,Inbound,+12067291841,+1415555203,Sophia Nguyen,Customer Support,1,Delivered
SMS-502288,2026-08-12T14:42:44.000Z,Outbound,+1415555101,+17028954303,Ava Thompson,Sales,2,Delivered
SMS-502289,2026-08-12T13:35:35.000Z,Inbound,+12122916722,+1415555202,Ethan Walker,Customer Support,1,Delivered
SMS-502290,2026-08-12T14:12:57.000Z,Inbound,+12128268299,+1415555103,Noah Patel,Sales,3,Delivered
SMS-502291,2026-08-12T13:01:42.000Z,Inbound,+14042081729,+1415555403,Amelia Foster,Customer Success,1,Delivered
SMS-502292,2026-08-12T13:29:45.000Z,Inbound,+14159014705,+1415555303,Benjamin Osei,Billing,2,Delivered
SMS-502293,2026-08-12T11:26:07.000Z,Outbound,+1415555301,+14047849131,James Whitfield,Billing,2,Delivered
SMS-502294,2026-08-12T13:39:05.000Z,Inbound,+12123298797,+1415555202,Ethan Walker,Customer Support,1,Delivered
SMS-502295,2026-08-12T12:01:26.000Z,Inbound,+14808865005,+1415555203,Sophia Nguyen,Customer Support,1,Delivered
SMS-502296,2026-08-12T13:00:52.000Z,Outbound,+1415555402,+14805852082,Lucas Bennett,Customer Success,3,Delivered
SMS-502297,2026-08-12T13:01:54.000Z,Outbound,+1415555402,+12063219429,Lucas Bennett,Customer Success,3,Delivered
SMS-502298,2026-08-12T13:38:46.000Z,Outbound,+1415555103,+17027085795,Noah Patel,Sales,3,Delivered
SMS-502299,2026-08-12T13:29:51.000Z,Inbound,+15126882917,+1415555301,James Whitfield,Billing,2,Delivered
SMS-502300,2026-08-12T14:27:13.000Z,Inbound,+14809267075,+1415555104,Emma Rodriguez,Sales,2,Delivered
SMS-502301,2026-08-12T13:12:37.000Z,Outbound,+1415555101,+12126073780,Ava Thompson,Sales,2,Delivered
SMS-502302,2026-08-12T12:10:30.000Z,Inbound,+14802997014,+1415555401,Charlotte Reyes,Customer Success,1,Delivered
SMS-502303,2026-08-12T13:49:36.000Z,Outbound,+1415555302,+12126371510,Mia Alvarez,Billing,1,Delivered
SMS-502304,2026-08-12T13:48:43.000Z,Inbound,+16176678552,+1415555501,Henry Okafor,IT Helpdesk,2,Delivered
SMS-502305,2026-08-12T15:25:25.000Z,Outbound,+1415555205,+12129333903,Isabella Kim,Customer Support,3,Delivered
SMS-502306,2026-08-12T13:11:14.000Z,Inbound,+16174445313,+1415555203,Sophia Nguyen,Customer Support,1,Delivered
SMS-502307,2026-08-12T14:04:34.000Z,Outbound,+1415555205,+13124548847,Isabella Kim,Customer Support,2,Delivered
SMS-502308,2026-08-12T14:00:23.000Z,Outbound,+1415555403,+14152778683,Amelia Foster,Customer Success,2,Delivered
SMS-502309,2026-08-12T14:06:01.000Z,Inbound,+14809811901,+1415555101,Ava Thompson,Sales,1,Pending
SMS-502310,2026-08-12T15:36:39.000Z,Inbound,+12064810061,+1415555501,Henry Okafor,IT Helpdesk,2,Delivered
SMS-502311,2026-08-12T13:09:01.000Z,Inbound,+17023029087,+1415555102,Liam Carter,Sales,2,Delivered
SMS-502312,2026-08-12T13:53:39.000Z,Outbound,+1415555302,+13125412365,Mia Alvarez,Billing,1,Delivered
SMS-502313,2026-08-13T14:58:52.000Z,Inbound,+13122092033,+1415555202,Ethan Walker,Customer Support,3,Delivered
SMS-502314,2026-08-13T11:20:57.000Z,Outbound,+1415555205,+12129708297,Isabella Kim,Customer Support,2,Delivered
SMS-502315,2026-08-13T12:52:34.000Z,Inbound,+12129268958,+1415555203,Sophia Nguyen,Customer Support,2,Delivered
SMS-502316,2026-08-13T14:46:56.000Z,Inbound,+12065897449,+1415555203,Sophia Nguyen,Customer Support,2,Delivered
SMS-502317,2026-08-13T13:19:29.000Z,Inbound,+14806768615,+1415555501,Henry Okafor,IT Helpdesk,3,Delivered
SMS-502318,2026-08-13T12:02:10.000Z,Outbound,+1415555502,+17028162699,Grace Lindqvist,IT Helpdesk,3,Delivered
SMS-502319,2026-08-13T14:12:19.000Z,Inbound,+16175737129,+1415555402,Lucas Bennett,Customer Success,1,Delivered
SMS-502320,2026-08-13T13:51:48.000Z,Outbound,+1415555403,+14153293164,Amelia Foster,Customer Success,3,Delivered
SMS-502321,2026-08-13T13:03:08.000Z,Outbound,+1415555101,+17026801164,Ava Thompson,Sales,3,Delivered
SMS-502322,2026-08-13T12:53:19.000Z,Inbound,+13123472758,+1415555302,Mia Alvarez,Billing,3,Delivered
SMS-502323,2026-08-13T12:18:08.000Z,Outbound,+1415555204,+12066574530,Mason Brooks,Customer Support,1,Delivered
SMS-502324,2026-08-13T13:57:23.000Z,Inbound,+17023912240,+1415555302,Mia Alvarez,Billing,1,Delivered
SMS-502325,2026-08-13T12:32:47.000Z,Inbound,+12122849187,+1415555403,Amelia Foster,Customer Success,3,Delivered
SMS-502326,2026-08-13T14:44:06.000Z,Inbound,+13052143603,+1415555204,Mason Brooks,Customer Support,3,Delivered
SMS-502327,2026-08-13T13:04:22.000Z,Inbound,+15125771162,+1415555104,Emma Rodriguez,Sales,1,Delivered
SMS-502328,2026-08-13T14:43:35.000Z,Inbound,+16172655833,+1415555501,Henry Okafor,IT Helpdesk,1,Delivered
SMS-502329,2026-08-13T14:10:40.000Z,Outbound,+1415555402,+15128676102,Lucas Bennett,Customer Success,3,Delivered
SMS-502330,2026-08-13T12:39:13.000Z,Inbound,+13058144509,+1415555103,Noah Patel,Sales,2,Delivered
SMS-502331,2026-08-13T13:08:50.000Z,Inbound,+14158430607,+1415555302,Mia Alvarez,Billing,3,Delivered
SMS-502332,2026-08-13T13:34:32.000Z,Outbound,+1415555104,+14805652979,Emma Rodriguez,Sales,2,Delivered
SMS-502333,2026-08-13T14:44:41.000Z,Inbound,+13055154113,+1415555402,Lucas Bennett,Customer Success,1,Delivered
SMS-502334,2026-08-13T11:43:48.000Z,Inbound,+16173291735,+1415555502,Grace Lindqvist,IT Helpdesk,1,Delivered
SMS-502335,2026-08-13T14:40:09.000Z,Inbound,+17025917919,+1415555104,Emma Rodriguez,Sales,3,Delivered
SMS-502336,2026-08-13T15:25:33.000Z,Outbound,+1415555201,+17029943184,Olivia Chen,Customer Support,2,Delivered
SMS-502337,2026-08-13T14:13:41.000Z,Inbound,+13123695657,+1415555101,Ava Thompson,Sales,2,Delivered
SMS-502338,2026-08-13T12:28:55.000Z,Outbound,+1415555502,+12125737620,Grace Lindqvist,IT Helpdesk,1,Delivered
SMS-502339,2026-08-13T14:27:17.000Z,Inbound,+13057744513,+1415555205,Isabella Kim,Customer Support,2,Delivered
SMS-502340,2026-08-13T12:39:14.000Z,Outbound,+1415555401,+14805406801,Charlotte Reyes,Customer Success,3,Delivered
SMS-502341,2026-08-13T13:47:13.000Z,Outbound,+1415555301,+13129358096,James Whitfield,Billing,3,Delivered
SMS-502342,2026-08-13T13:20:22.000Z,Inbound,+13123456883,+1415555302,Mia Alvarez,Billing,3,Pending
SMS-502343,2026-08-13T13:20:56.000Z,Inbound,+13053032718,+1415555402,Lucas Bennett,Customer Success,2,Failed
SMS-502344,2026-08-13T14:41:02.000Z,Outbound,+1415555101,+16179658381,Ava Thompson,Sales,2,Delivered
SMS-502345,2026-08-13T13:44:34.000Z,Inbound,+14042316209,+1415555204,Mason Brooks,Customer Support,3,Failed
SMS-502346,2026-08-13T11:56:13.000Z,Inbound,+13129307383,+1415555203,Sophia Nguyen,Customer Support,1,Delivered
SMS-502347,2026-08-13T13:15:11.000Z,Inbound,+14156011550,+1415555502,Grace Lindqvist,IT Helpdesk,3,Delivered
SMS-502348,2026-08-13T12:18:23.000Z,Outbound,+1415555104,+14048733540,Emma Rodriguez,Sales,2,Delivered
SMS-502349,2026-08-13T13:36:20.000Z,Inbound,+14804428647,+1415555401,Charlotte Reyes,Customer Success,2,Delivered
SMS-502350,2026-08-13T14:08:18.000Z,Outbound,+1415555102,+14155854300,Liam Carter,Sales,1,Delivered
SMS-502351,2026-08-13T13:55:39.000Z,Inbound,+15124986384,+1415555403,Amelia Foster,Customer Success,2,Delivered
SMS-502352,2026-08-13T12:26:08.000Z,Inbound,+16173515716,+1415555201,Olivia Chen,Customer Support,1,Delivered
SMS-502353,2026-08-13T14:49:04.000Z,Outbound,+1415555103,+16178622471,Noah Patel,Sales,1,Delivered
SMS-502354,2026-08-13T13:12:08.000Z,Outbound,+1415555201,+17028070007,Olivia Chen,Customer Support,1,Delivered
SMS-502355,2026-08-13T12:13:39.000Z,Outbound,+1415555203,+13054961853,Sophia Nguyen,Customer Support,1,Delivered
SMS-502356,2026-08-13T14:46:06.000Z,Inbound,+14043819003,+1415555401,Charlotte Reyes,Customer Success,2,Delivered
SMS-502357,2026-08-13T11:24:42.000Z,Inbound,+12124105716,+1415555205,Isabella Kim,Customer Support,2,Delivered
SMS-502358,2026-08-14T14:17:05.000Z,Inbound,+13123962890,+1415555402,Lucas Bennett,Customer Success,3,Delivered
SMS-502359,2026-08-14T12:02:33.000Z,Inbound,+12069922960,+1415555303,Benjamin Osei,Billing,2,Delivered
SMS-502360,2026-08-14T12:30:09.000Z,Inbound,+13054087151,+1415555402,Lucas Bennett,Customer Success,1,Delivered
SMS-502361,2026-08-14T14:13:57.000Z,Inbound,+14153543957,+1415555501,Henry Okafor,IT Helpdesk,2,Delivered
SMS-502362,2026-08-14T14:23:02.000Z,Outbound,+1415555101,+16176794649,Ava Thompson,Sales,1,Delivered
SMS-502363,2026-08-14T13:06:39.000Z,Inbound,+15127435559,+1415555102,Liam Carter,Sales,1,Delivered
SMS-502364,2026-08-14T13:37:50.000Z,Outbound,+1415555202,+15129705226,Ethan Walker,Customer Support,2,Delivered
SMS-502365,2026-08-14T14:29:04.000Z,Inbound,+17023874129,+1415555403,Amelia Foster,Customer Success,2,Delivered
SMS-502366,2026-08-14T13:07:27.000Z,Inbound,+17023908956,+1415555201,Olivia Chen,Customer Support,3,Delivered
SMS-502367,2026-08-14T13:57:23.000Z,Outbound,+1415555205,+17027372736,Isabella Kim,Customer Support,2,Delivered
SMS-502368,2026-08-14T13:12:02.000Z,Outbound,+1415555204,+13129063631,Mason Brooks,Customer Support,3,Delivered
SMS-502369,2026-08-14T12:49:00.000Z,Inbound,+12063461374,+1415555203,Sophia Nguyen,Customer Support,1,Delivered
SMS-502370,2026-08-14T13:20:00.000Z,Outbound,+1415555204,+12122554735,Mason Brooks,Customer Support,2,Delivered
SMS-502371,2026-08-14T13:47:35.000Z,Inbound,+14807196342,+1415555101,Ava Thompson,Sales,2,Delivered
SMS-502372,2026-08-14T13:51:23.000Z,Inbound,+12122225430,+1415555303,Benjamin Osei,Billing,3,Delivered
SMS-502373,2026-08-14T11:08:18.000Z,Inbound,+14042878225,+1415555205,Isabella Kim,Customer Support,2,Delivered
SMS-502374,2026-08-14T13:52:55.000Z,Outbound,+1415555501,+12128447392,Henry Okafor,IT Helpdesk,2,Delivered
SMS-502375,2026-08-14T12:21:00.000Z,Outbound,+1415555403,+15126738651,Amelia Foster,Customer Success,2,Delivered
SMS-502376,2026-08-14T14:27:16.000Z,Inbound,+15124570005,+1415555205,Isabella Kim,Customer Support,2,Delivered
SMS-502377,2026-08-14T14:30:58.000Z,Outbound,+1415555203,+15124822117,Sophia Nguyen,Customer Support,3,Delivered
SMS-502378,2026-08-14T14:32:29.000Z,Outbound,+1415555403,+12122565522,Amelia Foster,Customer Success,3,Delivered
SMS-502379,2026-08-14T12:55:55.000Z,Outbound,+1415555202,+16173566115,Ethan Walker,Customer Support,2,Failed
SMS-502380,2026-08-14T12:24:53.000Z,Outbound,+1415555501,+13124319678,Henry Okafor,IT Helpdesk,1,Delivered
SMS-502381,2026-08-14T13:10:36.000Z,Outbound,+1415555205,+14807601396,Isabella Kim,Customer Support,1,Delivered
SMS-502382,2026-08-14T12:48:06.000Z,Outbound,+1415555302,+16177314621,Mia Alvarez,Billing,3,Delivered
SMS-502383,2026-08-14T13:46:54.000Z,Outbound,+1415555301,+14804660131,James Whitfield,Billing,3,Delivered
SMS-502384,2026-08-14T15:37:29.000Z,Inbound,+17027335505,+1415555303,Benjamin Osei,Billing,2,Delivered
SMS-502385,2026-08-14T15:40:08.000Z,Inbound,+14042336871,+1415555205,Isabella Kim,Customer Support,3,Delivered
SMS-502386,2026-08-14T11:49:06.000Z,Inbound,+13058020400,+1415555301,James Whitfield,Billing,2,Delivered
SMS-502387,2026-08-14T12:09:20.000Z,Inbound,+14805301772,+1415555104,Emma Rodriguez,Sales,3,Delivered
SMS-502388,2026-08-14T12:25:45.000Z,Outbound,+1415555205,+13054947520,Isabella Kim,Customer Support,1,Delivered
SMS-502389,2026-08-14T11:49:11.000Z,Inbound,+13127394984,+1415555205,Isabella Kim,Customer Support,2,Delivered
SMS-502390,2026-08-14T13:18:43.000Z,Inbound,+12069593147,+1415555103,Noah Patel,Sales,3,Delivered
SMS-502391,2026-08-14T14:52:46.000Z,Inbound,+15128572405,+1415555403,Amelia Foster,Customer Success,3,Delivered
SMS-502392,2026-08-14T13:18:18.000Z,Outbound,+1415555104,+13056594934,Emma Rodriguez,Sales,1,Failed
SMS-502393,2026-08-14T12:31:45.000Z,Inbound,+13059348536,+1415555202,Ethan Walker,Customer Support,2,Delivered
SMS-502394,2026-08-14T12:50:15.000Z,Inbound,+12068606312,+1415555303,Benjamin Osei,Billing,2,Delivered
SMS-502395,2026-08-14T14:44:18.000Z,Inbound,+12129561468,+1415555301,James Whitfield,Billing,3,Delivered
SMS-502396,2026-08-14T15:27:57.000Z,Outbound,+1415555201,+12123896581,Olivia Chen,Customer Support,3,Delivered
SMS-502397,2026-08-14T13:46:08.000Z,Inbound,+15122159347,+1415555402,Lucas Bennett,Customer Success,3,Delivered
SMS-502398,2026-08-14T14:33:37.000Z,Inbound,+14807594655,+1415555302,Mia Alvarez,Billing,3,Delivered
SMS-502399,2026-08-14T12:15:01.000Z,Inbound,+12123917327,+1415555103,Noah Patel,Sales,2,Delivered
SMS-502400,2026-08-14T13:39:23.000Z,Inbound,+13055441378,+1415555301,James Whitfield,Billing,1,Delivered
SMS-502401,2026-08-14T13:55:07.000Z,Outbound,+1415555501,+14803984397,Henry Okafor,IT Helpdesk,2,Delivered
SMS-502402,2026-08-14T12:12:52.000Z,Inbound,+12066284105,+1415555103,Noah Patel,Sales,2,Delivered
SMS-502403,2026-08-14T12:23:13.000Z,Outbound,+1415555202,+17023750647,Ethan Walker,Customer Support,2,Delivered
SMS-502404,2026-08-14T14:50:47.000Z,Inbound,+17023093813,+1415555201,Olivia Chen,Customer Support,2,Delivered
SMS-502405,2026-08-14T12:25:39.000Z,Inbound,+13053752425,+1415555303,Benjamin Osei,Billing,3,Delivered
SMS-502406,2026-08-14T11:37:20.000Z,Outbound,+1415555202,+14154244670,Ethan Walker,Customer Support,1,Delivered
SMS-502407,2026-08-14T14:00:20.000Z,Inbound,+13122642951,+1415555104,Emma Rodriguez,Sales,1,Delivered
SMS-502408,2026-08-14T13:39:40.000Z,Inbound,+12066125281,+1415555403,Amelia Foster,Customer Success,2,Delivered
SMS-502409,2026-08-14T15:47:28.000Z,Outbound,+1415555101,+12068468235,Ava Thompson,Sales,1,Delivered
SMS-502410,2026-08-14T14:47:19.000Z,Inbound,+14049464080,+1415555302,Mia Alvarez,Billing,2,Delivered
SMS-502411,2026-08-14T12:29:58.000Z,Inbound,+12127148517,+1415555301,James Whitfield,Billing,1,Delivered
SMS-502412,2026-08-14T13:06:18.000Z,Inbound,+14807892075,+1415555301,James Whitfield,Billing,2,Failed
SMS-502413,2026-08-14T12:13:57.000Z,Inbound,+16177779759,+1415555101,Ava Thompson,Sales,3,Delivered
SMS-502414,2026-08-14T13:06:24.000Z,Outbound,+1415555502,+14155644047,Grace Lindqvist,IT Helpdesk,3,Delivered
SMS-502415,2026-08-14T12:01:21.000Z,Outbound,+1415555502,+17028967902,Grace Lindqvist,IT Helpdesk,1,Delivered
SMS-502416,2026-08-14T13:14:10.000Z,Outbound,+1415555203,+13056434815,Sophia Nguyen,Customer Support,3,Delivered
SMS-502417,2026-08-14T13:54:08.000Z,Inbound,+14804724199,+1415555302,Mia Alvarez,Billing,2,Delivered
SMS-502418,2026-08-14T13:28:51.000Z,Inbound,+15122741509,+1415555501,Henry Okafor,IT Helpdesk,3,Failed
SMS-502419,2026-08-14T13:17:50.000Z,Inbound,+14045179732,+1415555201,Olivia Chen,Customer Support,3,Delivered
SMS-502420,2026-08-14T15:28:32.000Z,Inbound,+14153552146,+1415555201,Olivia Chen,Customer Support,2,Delivered
SMS-502421,2026-08-14T12:56:13.000Z,Inbound,+17022645727,+1415555202,Ethan Walker,Customer Support,1,Delivered
SMS-502422,2026-08-14T12:50:14.000Z,Inbound,+13129748654,+1415555502,Grace Lindqvist,IT Helpdesk,1,Delivered
SMS-502423,2026-08-14T13:54:40.000Z,Inbound,+15126001479,+1415555205,Isabella Kim,Customer Support,3,Failed
SMS-502424,2026-08-14T13:37:13.000Z,Outbound,+1415555204,+13127135258,Mason Brooks,Customer Support,1,Delivered
SMS-502425,2026-08-14T13:42:57.000Z,Outbound,+1415555301,+13126267433,James Whitfield,Billing,1,Delivered
SMS-502426,2026-08-14T14:17:52.000Z,Inbound,+14802036767,+1415555104,Emma Rodriguez,Sales,3,Delivered
SMS-502427,2026-08-14T13:53:12.000Z,Outbound,+1415555301,+14809742062,James Whitfield,Billing,1,Delivered
SMS-502428,2026-08-14T14:20:25.000Z,Inbound,+12069561224,+1415555203,Sophia Nguyen,Customer Support,1,Delivered
SMS-502429,2026-08-14T12:02:42.000Z,Inbound,+15128750029,+1415555301,James Whitfield,Billing,3,Delivered
SMS-502430,2026-08-14T13:48:32.000Z,Inbound,+16177944250,+1415555101,Ava Thompson,Sales,3,Delivered
SMS-502431,2026-08-14T12:41:12.000Z,Outbound,+1415555203,+12125177694,Sophia Nguyen,Customer Support,2,Delivered
SMS-502432,2026-08-14T13:50:11.000Z,Outbound,+1415555502,+14046324840,Grace Lindqvist,IT Helpdesk,1,Delivered
SMS-502433,2026-08-14T13:56:16.000Z,Outbound,+1415555502,+15129560867,Grace Lindqvist,IT Helpdesk,3,Delivered
SMS-502434,2026-08-14T13:50:35.000Z,Outbound,+1415555103,+13128258064,Noah Patel,Sales,2,Delivered
SMS-502435,2026-08-14T13:04:33.000Z,Inbound,+14159330906,+1415555104,Emma Rodriguez,Sales,2,Delivered
SMS-502436,2026-08-14T12:15:26.000Z,Outbound,+1415555201,+14045183327,Olivia Chen,Customer Support,3,Delivered
SMS-502437,2026-08-14T13:25:35.000Z,Inbound,+16179531401,+1415555202,Ethan Walker,Customer Support,2,Delivered
SMS-502438,2026-08-14T12:57:43.000Z,Inbound,+13057400422,+1415555104,Emma Rodriguez,Sales,1,Delivered
SMS-502439,2026-08-14T12:41:51.000Z,Inbound,+17028498692,+1415555205,Isabella Kim,Customer Support,2,Failed
SMS-502440,2026-08-14T12:26:20.000Z,Outbound,+1415555303,+16174084824,Benjamin Osei,Billing,3,Delivered
SMS-502441,2026-08-14T11:26:01.000Z,Outbound,+1415555104,+14044133158,Emma Rodriguez,Sales,2,Delivered
SMS-502442,2026-08-14T14:47:13.000Z,Inbound,+14158220196,+1415555204,Mason Brooks,Customer Support,2,Delivered
SMS-502443,2026-08-14T13:12:24.000Z,Outbound,+1415555403,+16173698630,Amelia Foster,Customer Success,2,Delivered
SMS-502444,2026-08-14T12:25:32.000Z,Outbound,+1415555102,+12124857139,Liam Carter,Sales,1,Delivered
SMS-502445,2026-08-14T13:17:02.000Z,Outbound,+1415555403,+13052735655,Amelia Foster,Customer Success,3,Delivered
SMS-502446,2026-08-14T12:10:37.000Z,Outbound,+1415555303,+13126443604,Benjamin Osei,Billing,2,Delivered
SMS-502447,2026-08-14T12:04:27.000Z,Inbound,+12069249620,+1415555203,Sophia Nguyen,Customer Support,1,Delivered
SMS-502448,2026-08-14T13:37:40.000Z,Outbound,+1415555204,+14809507388,Mason Brooks,Customer Support,1,Delivered
SMS-502449,2026-08-14T12:35:19.000Z,Outbound,+1415555101,+14152116300,Ava Thompson,Sales,3,Delivered
SMS-502450,2026-08-14T12:52:51.000Z,Inbound,+13126716340,+1415555205,Isabella Kim,Customer Support,1,Failed
SMS-502451,2026-08-14T14:46:02.000Z,Outbound,+1415555501,+15126688488,Henry Okafor,IT Helpdesk,3,Delivered
SMS-502452,2026-08-14T13:28:51.000Z,Outbound,+1415555201,+15123619603,Olivia Chen,Customer Support,3,Delivered
SMS-502453,2026-08-14T13:00:12.000Z,Inbound,+14152097313,+1415555102,Liam Carter,Sales,1,Delivered
SMS-502454,2026-08-14T14:13:57.000Z,Outbound,+1415555101,+14043431736,Ava Thompson,Sales,3,Delivered
SMS-502455,2026-08-14T14:35:24.000Z,Inbound,+13122073097,+1415555403,Amelia Foster,Customer Success,3,Delivered
SMS-502456,2026-08-15T13:19:13.000Z,Inbound,+14808950929,+1415555203,Sophia Nguyen,Customer Support,1,Delivered
SMS-502457,2026-08-15T12:24:48.000Z,Outbound,+1415555201,+14154367143,Olivia Chen,Customer Support,1,Delivered
SMS-502458,2026-08-15T14:40:01.000Z,Inbound,+15125151852,+1415555201,Olivia Chen,Customer Support,1,Delivered
SMS-502459,2026-08-15T12:10:37.000Z,Inbound,+13058021351,+1415555402,Lucas Bennett,Customer Success,2,Delivered
SMS-502460,2026-08-15T12:56:42.000Z,Inbound,+14043062838,+1415555102,Liam Carter,Sales,1,Delivered
SMS-502461,2026-08-15T12:23:52.000Z,Inbound,+13057745982,+1415555303,Benjamin Osei,Billing,1,Delivered
SMS-502462,2026-08-15T13:07:18.000Z,Inbound,+12122966484,+1415555202,Ethan Walker,Customer Support,2,Delivered
SMS-502463,2026-08-15T14:51:24.000Z,Inbound,+14158517243,+1415555303,Benjamin Osei,Billing,2,Delivered
SMS-502464,2026-08-15T13:52:32.000Z,Inbound,+16177747404,+1415555303,Benjamin Osei,Billing,1,Delivered
SMS-502465,2026-08-15T13:46:37.000Z,Inbound,+13054072725,+1415555403,Amelia Foster,Customer Success,3,Delivered
SMS-502466,2026-08-15T12:15:34.000Z,Outbound,+1415555204,+17025342544,Mason Brooks,Customer Support,3,Delivered
SMS-502467,2026-08-16T11:00:32.000Z,Inbound,+12062628354,+1415555301,James Whitfield,Billing,2,Delivered
SMS-502468,2026-08-16T14:37:54.000Z,Outbound,+1415555303,+14802437629,Benjamin Osei,Billing,1,Delivered
SMS-502469,2026-08-16T12:57:09.000Z,Outbound,+1415555101,+17022953668,Ava Thompson,Sales,1,Delivered
SMS-502470,2026-08-16T13:18:23.000Z,Outbound,+1415555203,+15124374091,Sophia Nguyen,Customer Support,3,Delivered
SMS-502471,2026-08-16T13:49:26.000Z,Outbound,+1415555501,+12123471976,Henry Okafor,IT Helpdesk,1,Delivered
SMS-502472,2026-08-16T13:12:20.000Z,Inbound,+16178734516,+1415555302,Mia Alvarez,Billing,1,Delivered
SMS-502473,2026-08-16T13:58:23.000Z,Inbound,+15126380879,+1415555502,Grace Lindqvist,IT Helpdesk,2,Delivered
SMS-502474,2026-08-16T12:20:49.000Z,Outbound,+1415555403,+17023398150,Amelia Foster,Customer Success,3,Delivered
SMS-502475,2026-08-16T14:19:33.000Z,Outbound,+1415555302,+12128945057,Mia Alvarez,Billing,1,Delivered
SMS-502476,2026-08-16T13:21:48.000Z,Inbound,+14157927205,+1415555102,Liam Carter,Sales,3,Delivered
SMS-502477,2026-08-17T13:35:43.000Z,Outbound,+1415555205,+14807625371,Isabella Kim,Customer Support,3,Delivered
SMS-502478,2026-08-17T13:54:02.000Z,Inbound,+14157176072,+1415555303,Benjamin Osei,Billing,3,Delivered
SMS-502479,2026-08-17T13:05:41.000Z,Inbound,+15126001060,+1415555101,Ava Thompson,Sales,3,Delivered
SMS-502480,2026-08-17T13:06:31.000Z,Inbound,+13055139356,+1415555302,Mia Alvarez,Billing,3,Delivered
SMS-502481,2026-08-17T14:28:39.000Z,Inbound,+14158307942,+1415555204,Mason Brooks,Customer Support,3,Delivered
SMS-502482,2026-08-17T12:10:31.000Z,Inbound,+16173547533,+1415555205,Isabella Kim,Customer Support,2,Delivered
SMS-502483,2026-08-17T12:44:38.000Z,Inbound,+15122405859,+1415555202,Ethan Walker,Customer Support,3,Delivered
SMS-502484,2026-08-17T12:16:03.000Z,Outbound,+1415555203,+12127333807,Sophia Nguyen,Customer Support,1,Delivered
SMS-502485,2026-08-17T12:45:30.000Z,Outbound,+1415555501,+17022110290,Henry Okafor,IT Helpdesk,1,Failed
SMS-502486,2026-08-17T14:37:36.000Z,Inbound,+16176019541,+1415555203,Sophia Nguyen,Customer Support,1,Delivered
SMS-502487,2026-08-17T13:50:09.000Z,Outbound,+1415555303,+12066077931,Benjamin Osei,Billing,1,Delivered
SMS-502488,2026-08-17T13:48:32.000Z,Inbound,+15127061572,+1415555101,Ava Thompson,Sales,3,Delivered
SMS-502489,2026-08-17T13:20:23.000Z,Inbound,+15129934546,+1415555403,Amelia Foster,Customer Success,3,Delivered
SMS-502490,2026-08-17T13:50:08.000Z,Outbound,+1415555501,+12066244349,Henry Okafor,IT Helpdesk,1,Delivered
SMS-502491,2026-08-17T14:58:43.000Z,Inbound,+12127749596,+1415555302,Mia Alvarez,Billing,3,Delivered
SMS-502492,2026-08-17T11:09:59.000Z,Outbound,+1415555204,+16179624693,Mason Brooks,Customer Support,1,Delivered
SMS-502493,2026-08-17T12:38:09.000Z,Outbound,+1415555104,+12065365370,Emma Rodriguez,Sales,3,Delivered
SMS-502494,2026-08-17T13:30:45.000Z,Inbound,+14048189305,+1415555501,Henry Okafor,IT Helpdesk,3,Delivered
SMS-502495,2026-08-17T13:30:54.000Z,Inbound,+15122930926,+1415555202,Ethan Walker,Customer Support,1,Delivered
SMS-502496,2026-08-17T13:51:47.000Z,Inbound,+13058122300,+1415555202,Ethan Walker,Customer Support,2,Delivered
SMS-502497,2026-08-17T13:53:03.000Z,Inbound,+12063176634,+1415555205,Isabella Kim,Customer Support,3,Delivered
SMS-502498,2026-08-17T12:15:18.000Z,Inbound,+12125834209,+1415555201,Olivia Chen,Customer Support,1,Delivered
SMS-502499,2026-08-17T14:27:15.000Z,Inbound,+14158942728,+1415555502,Grace Lindqvist,IT Helpdesk,1,Delivered
SMS-502500,2026-08-17T12:03:12.000Z,Inbound,+14804163930,+1415555302,Mia Alvarez,Billing,3,Delivered
SMS-502501,2026-08-17T13:35:36.000Z,Inbound,+12069542425,+1415555102,Liam Carter,Sales,1,Delivered
SMS-502502,2026-08-17T14:39:44.000Z,Inbound,+15122912466,+1415555204,Mason Brooks,Customer Support,2,Delivered
SMS-502503,2026-08-17T14:09:36.000Z,Outbound,+1415555302,+13127027758,Mia Alvarez,Billing,2,Delivered
SMS-502504,2026-08-17T14:44:39.000Z,Inbound,+13126640494,+1415555302,Mia Alvarez,Billing,1,Delivered
SMS-502505,2026-08-17T12:10:51.000Z,Inbound,+13125069488,+1415555403,Amelia Foster,Customer Success,1,Delivered
SMS-502506,2026-08-17T13:26:06.000Z,Inbound,+14046508953,+1415555502,Grace Lindqvist,IT Helpdesk,1,Delivered
SMS-502507,2026-08-17T14:41:10.000Z,Outbound,+1415555302,+16174244139,Mia Alvarez,Billing,3,Delivered
SMS-502508,2026-08-17T13:38:16.000Z,Outbound,+1415555103,+15125636799,Noah Patel,Sales,3,Delivered
SMS-502509,2026-08-17T14:18:53.000Z,Inbound,+14804562937,+1415555502,Grace Lindqvist,IT Helpdesk,3,Delivered
SMS-502510,2026-08-17T13:26:23.000Z,Inbound,+16175304857,+1415555301,James Whitfield,Billing,2,Delivered
SMS-502511,2026-08-17T14:05:09.000Z,Inbound,+15124744827,+1415555203,Sophia Nguyen,Customer Support,1,Delivered
SMS-502512,2026-08-17T14:36:11.000Z,Inbound,+17024404974,+1415555403,Amelia Foster,Customer Success,2,Delivered
SMS-502513,2026-08-17T13:40:38.000Z,Outbound,+1415555402,+15122944638,Lucas Bennett,Customer Success,1,Delivered
SMS-502514,2026-08-17T14:16:50.000Z,Inbound,+14159012519,+1415555303,Benjamin Osei,Billing,2,Delivered
SMS-502515,2026-08-17T13:03:38.000Z,Inbound,+12129928291,+1415555102,Liam Carter,Sales,3,Delivered
SMS-502516,2026-08-17T12:03:07.000Z,Inbound,+15123134018,+1415555104,Emma Rodriguez,Sales,3,Delivered
SMS-502517,2026-08-17T13:05:20.000Z,Outbound,+1415555101,+13058758765,Ava Thompson,Sales,2,Delivered
SMS-502518,2026-08-17T14:55:48.000Z,Inbound,+14042220400,+1415555101,Ava Thompson,Sales,2,Delivered
SMS-502519,2026-08-17T12:29:32.000Z,Inbound,+14152036012,+1415555202,Ethan Walker,Customer Support,2,Delivered
SMS-502520,2026-08-17T13:53:55.000Z,Inbound,+12062734655,+1415555205,Isabella Kim,Customer Support,3,Delivered
SMS-502521,2026-08-17T11:34:00.000Z,Outbound,+1415555401,+12127789353,Charlotte Reyes,Customer Success,1,Pending
SMS-502522,2026-08-17T13:55:49.000Z,Inbound,+13129878121,+1415555103,Noah Patel,Sales,2,Delivered
SMS-502523,2026-08-17T13:03:28.000Z,Inbound,+12129782127,+1415555204,Mason Brooks,Customer Support,2,Delivered
SMS-502524,2026-08-17T14:00:44.000Z,Outbound,+1415555104,+14802121568,Emma Rodriguez,Sales,2,Delivered
SMS-502525,2026-08-17T12:27:33.000Z,Inbound,+12066672957,+1415555302,Mia Alvarez,Billing,3,Pending
SMS-502526,2026-08-17T15:13:07.000Z,Outbound,+1415555501,+14806130398,Henry Okafor,IT Helpdesk,3,Delivered
SMS-502527,2026-08-17T12:54:22.000Z,Outbound,+1415555403,+17023953977,Amelia Foster,Customer Success,2,Delivered
SMS-502528,2026-08-17T12:03:25.000Z,Outbound,+1415555403,+14808326749,Amelia Foster,Customer Success,1,Failed
SMS-502529,2026-08-17T12:25:42.000Z,Inbound,+12125205318,+1415555302,Mia Alvarez,Billing,2,Delivered
SMS-502530,2026-08-17T12:28:26.000Z,Outbound,+1415555502,+12067642725,Grace Lindqvist,IT Helpdesk,3,Delivered
SMS-502531,2026-08-17T11:19:58.000Z,Inbound,+12125829545,+1415555302,Mia Alvarez,Billing,2,Delivered
SMS-502532,2026-08-17T15:17:09.000Z,Inbound,+12069412279,+1415555502,Grace Lindqvist,IT Helpdesk,1,Delivered
SMS-502533,2026-08-17T12:13:57.000Z,Inbound,+12067479200,+1415555201,Olivia Chen,Customer Support,3,Delivered
SMS-502534,2026-08-17T13:41:33.000Z,Inbound,+13122979941,+1415555401,Charlotte Reyes,Customer Success,3,Delivered
SMS-502535,2026-08-17T12:05:56.000Z,Outbound,+1415555203,+12066269675,Sophia Nguyen,Customer Support,2,Delivered
SMS-502536,2026-08-17T13:03:06.000Z,Inbound,+13058194018,+1415555403,Amelia Foster,Customer Success,3,Delivered
SMS-502537,2026-08-17T13:29:41.000Z,Inbound,+14043853971,+1415555104,Emma Rodriguez,Sales,1,Delivered
SMS-502538,2026-08-17T14:23:03.000Z,Outbound,+1415555402,+16172884959,Lucas Bennett,Customer Success,1,Delivered
SMS-502539,2026-08-17T12:46:38.000Z,Inbound,+13053907528,+1415555204,Mason Brooks,Customer Support,3,Delivered
SMS-502540,2026-08-17T13:17:55.000Z,Inbound,+12127057071,+1415555102,Liam Carter,Sales,2,Delivered
SMS-502541,2026-08-17T15:48:47.000Z,Outbound,+1415555102,+14045552427,Liam Carter,Sales,2,Delivered
SMS-502542,2026-08-17T13:08:33.000Z,Outbound,+1415555103,+14804634580,Noah Patel,Sales,1,Delivered
SMS-502543,2026-08-17T11:28:13.000Z,Inbound,+14157513335,+1415555303,Benjamin Osei,Billing,3,Delivered
SMS-502544,2026-08-17T12:14:11.000Z,Outbound,+1415555303,+13123418820,Benjamin Osei,Billing,3,Delivered
SMS-502545,2026-08-17T14:19:33.000Z,Inbound,+12065691756,+1415555102,Liam Carter,Sales,1,Delivered
SMS-502546,2026-08-17T13:48:07.000Z,Inbound,+16179125024,+1415555202,Ethan Walker,Customer Support,3,Delivered
SMS-502547,2026-08-17T13:22:57.000Z,Outbound,+1415555501,+14049641298,Henry Okafor,IT Helpdesk,1,Delivered
SMS-502548,2026-08-17T14:24:07.000Z,Outbound,+1415555502,+13127831363,Grace Lindqvist,IT Helpdesk,1,Delivered
SMS-502549,2026-08-17T12:22:24.000Z,Outbound,+1415555401,+13053134111,Charlotte Reyes,Customer Success,2,Pending
SMS-502550,2026-08-17T13:24:46.000Z,Outbound,+1415555501,+14806101009,Henry Okafor,IT Helpdesk,3,Delivered
SMS-502551,2026-08-17T14:06:49.000Z,Outbound,+1415555102,+12069371373,Liam Carter,Sales,3,Delivered
SMS-502552,2026-08-17T13:26:41.000Z,Outbound,+1415555302,+12129791321,Mia Alvarez,Billing,2,Delivered
SMS-502553,2026-08-17T15:54:24.000Z,Inbound,+13055753489,+1415555103,Noah Patel,Sales,3,Delivered
SMS-502554,2026-08-17T13:07:43.000Z,Outbound,+1415555502,+17027150488,Grace Lindqvist,IT Helpdesk,2,Delivered
SMS-502555,2026-08-17T13:34:09.000Z,Inbound,+14806382275,+1415555202,Ethan Walker,Customer Support,1,Delivered
SMS-502556,2026-08-17T13:23:23.000Z,Inbound,+17022238517,+1415555501,Henry Okafor,IT Helpdesk,3,Delivered
SMS-502557,2026-08-17T14:45:19.000Z,Outbound,+1415555203,+14046767014,Sophia Nguyen,Customer Support,1,Delivered
SMS-502558,2026-08-17T13:20:19.000Z,Inbound,+12122018940,+1415555101,Ava Thompson,Sales,2,Delivered
SMS-502559,2026-08-17T14:02:51.000Z,Inbound,+13129309187,+1415555302,Mia Alvarez,Billing,2,Delivered
SMS-502560,2026-08-17T13:40:09.000Z,Inbound,+15127717361,+1415555301,James Whitfield,Billing,2,Delivered
SMS-502561,2026-08-17T13:27:38.000Z,Inbound,+16175550260,+1415555202,Ethan Walker,Customer Support,1,Delivered
SMS-502562,2026-08-17T14:17:09.000Z,Inbound,+13054208701,+1415555402,Lucas Bennett,Customer Success,1,Delivered
SMS-502563,2026-08-17T14:03:28.000Z,Outbound,+1415555104,+15128375940,Emma Rodriguez,Sales,2,Delivered
SMS-502564,2026-08-17T14:42:40.000Z,Outbound,+1415555502,+12127689003,Grace Lindqvist,IT Helpdesk,1,Delivered
SMS-502565,2026-08-17T13:47:26.000Z,Inbound,+14158945877,+1415555103,Noah Patel,Sales,2,Delivered
SMS-502566,2026-08-17T12:35:26.000Z,Inbound,+15127619317,+1415555204,Mason Brooks,Customer Support,2,Delivered
SMS-502567,2026-08-17T13:12:54.000Z,Outbound,+1415555502,+16176647208,Grace Lindqvist,IT Helpdesk,3,Delivered
SMS-502568,2026-08-17T14:33:37.000Z,Inbound,+14043902639,+1415555205,Isabella Kim,Customer Support,3,Delivered
SMS-502569,2026-08-17T12:35:28.000Z,Outbound,+1415555101,+12066775575,Ava Thompson,Sales,2,Delivered
SMS-502570,2026-08-17T12:49:29.000Z,Outbound,+1415555501,+16174460863,Henry Okafor,IT Helpdesk,2,Delivered
SMS-502571,2026-08-17T12:42:02.000Z,Outbound,+1415555303,+14156750133,Benjamin Osei,Billing,1,Delivered
SMS-502572,2026-08-17T12:51:17.000Z,Outbound,+1415555502,+13057834945,Grace Lindqvist,IT Helpdesk,1,Delivered
SMS-502573,2026-08-17T12:04:07.000Z,Inbound,+14157997162,+1415555104,Emma Rodriguez,Sales,2,Delivered
SMS-502574,2026-08-18T13:45:46.000Z,Outbound,+1415555301,+14044238762,James Whitfield,Billing,3,Delivered
SMS-502575,2026-08-18T12:48:20.000Z,Inbound,+14155589345,+1415555102,Liam Carter,Sales,1,Delivered
SMS-502576,2026-08-18T13:47:20.000Z,Outbound,+1415555204,+16179322784,Mason Brooks,Customer Support,2,Delivered
SMS-502577,2026-08-18T14:19:26.000Z,Outbound,+1415555303,+17022308439,Benjamin Osei,Billing,3,Delivered
SMS-502578,2026-08-18T13:35:47.000Z,Outbound,+1415555501,+13055768464,Henry Okafor,IT Helpdesk,1,Delivered
SMS-502579,2026-08-18T12:36:50.000Z,Inbound,+16173915262,+1415555501,Henry Okafor,IT Helpdesk,3,Delivered
SMS-502580,2026-08-18T14:30:20.000Z,Inbound,+13129939383,+1415555303,Benjamin Osei,Billing,1,Delivered
SMS-502581,2026-08-18T12:15:31.000Z,Inbound,+16178714265,+1415555302,Mia Alvarez,Billing,1,Delivered
SMS-502582,2026-08-18T14:08:33.000Z,Outbound,+1415555303,+12128546583,Benjamin Osei,Billing,1,Delivered
SMS-502583,2026-08-18T14:47:49.000Z,Inbound,+13058940694,+1415555101,Ava Thompson,Sales,3,Delivered
SMS-502584,2026-08-18T13:13:26.000Z,Inbound,+14802688324,+1415555301,James Whitfield,Billing,2,Delivered
SMS-502585,2026-08-18T15:01:23.000Z,Outbound,+1415555402,+14804647288,Lucas Bennett,Customer Success,1,Failed
SMS-502586,2026-08-18T14:42:29.000Z,Outbound,+1415555203,+14805734842,Sophia Nguyen,Customer Support,1,Delivered
SMS-502587,2026-08-18T12:29:20.000Z,Outbound,+1415555204,+17029442993,Mason Brooks,Customer Support,1,Delivered
SMS-502588,2026-08-18T13:10:25.000Z,Outbound,+1415555103,+16172075745,Noah Patel,Sales,1,Delivered
SMS-502589,2026-08-18T13:33:53.000Z,Inbound,+14808390785,+1415555101,Ava Thompson,Sales,1,Delivered
SMS-502590,2026-08-18T13:41:35.000Z,Inbound,+13057916252,+1415555403,Amelia Foster,Customer Success,3,Delivered
SMS-502591,2026-08-18T13:54:13.000Z,Inbound,+14808460649,+1415555301,James Whitfield,Billing,2,Delivered
SMS-502592,2026-08-18T13:03:09.000Z,Outbound,+1415555101,+14157255825,Ava Thompson,Sales,3,Delivered
SMS-502593,2026-08-18T15:16:05.000Z,Inbound,+17028964398,+1415555403,Amelia Foster,Customer Success,2,Delivered
SMS-502594,2026-08-18T12:42:43.000Z,Inbound,+14046643626,+1415555402,Lucas Bennett,Customer Success,1,Delivered
SMS-502595,2026-08-18T14:56:26.000Z,Inbound,+12068263721,+1415555501,Henry Okafor,IT Helpdesk,2,Delivered
SMS-502596,2026-08-18T12:10:31.000Z,Outbound,+1415555501,+13054514052,Henry Okafor,IT Helpdesk,1,Delivered
SMS-502597,2026-08-18T13:43:50.000Z,Outbound,+1415555502,+14043034158,Grace Lindqvist,IT Helpdesk,1,Delivered
SMS-502598,2026-08-18T13:41:23.000Z,Inbound,+14157908314,+1415555501,Henry Okafor,IT Helpdesk,2,Delivered
SMS-502599,2026-08-18T13:19:54.000Z,Inbound,+13125515733,+1415555301,James Whitfield,Billing,2,Pending
SMS-502600,2026-08-18T14:57:16.000Z,Outbound,+1415555203,+14042387729,Sophia Nguyen,Customer Support,1,Delivered
SMS-502601,2026-08-18T14:27:29.000Z,Inbound,+12068533709,+1415555401,Charlotte Reyes,Customer Success,3,Delivered
SMS-502602,2026-08-18T14:58:26.000Z,Inbound,+12065852518,+1415555102,Liam Carter,Sales,1,Delivered
SMS-502603,2026-08-18T11:29:25.000Z,Inbound,+16179450711,+1415555204,Mason Brooks,Customer Support,2,Delivered
SMS-502604,2026-08-18T13:12:19.000Z,Outbound,+1415555402,+12064170567,Lucas Bennett,Customer Success,1,Delivered
SMS-502605,2026-08-18T11:55:14.000Z,Outbound,+1415555104,+16176851059,Emma Rodriguez,Sales,1,Delivered
SMS-502606,2026-08-18T12:40:29.000Z,Inbound,+16176676055,+1415555303,Benjamin Osei,Billing,2,Delivered
SMS-502607,2026-08-18T13:49:48.000Z,Outbound,+1415555501,+14155198901,Henry Okafor,IT Helpdesk,1,Delivered
SMS-502608,2026-08-18T14:02:31.000Z,Outbound,+1415555301,+14158527186,James Whitfield,Billing,2,Delivered
SMS-502609,2026-08-18T14:07:56.000Z,Inbound,+14807554681,+1415555303,Benjamin Osei,Billing,3,Delivered
SMS-502610,2026-08-18T11:16:59.000Z,Outbound,+1415555201,+15123391849,Olivia Chen,Customer Support,2,Delivered
SMS-502611,2026-08-18T12:37:22.000Z,Outbound,+1415555205,+17028029910,Isabella Kim,Customer Support,3,Delivered
SMS-502612,2026-08-18T14:49:51.000Z,Outbound,+1415555301,+13053225769,James Whitfield,Billing,1,Delivered
SMS-502613,2026-08-18T12:28:21.000Z,Inbound,+16177829356,+1415555204,Mason Brooks,Customer Support,3,Delivered
SMS-502614,2026-08-18T13:07:47.000Z,Outbound,+1415555102,+17027010926,Liam Carter,Sales,1,Delivered
SMS-502615,2026-08-18T14:38:01.000Z,Inbound,+14042623374,+1415555402,Lucas Bennett,Customer Success,1,Pending
SMS-502616,2026-08-18T13:19:52.000Z,Inbound,+13057632344,+1415555201,Olivia Chen,Customer Support,1,Delivered
SMS-502617,2026-08-18T13:56:07.000Z,Outbound,+1415555204,+13127661156,Mason Brooks,Customer Support,3,Delivered
SMS-502618,2026-08-18T14:38:43.000Z,Inbound,+14048888076,+1415555301,James Whitfield,Billing,1,Delivered
SMS-502619,2026-08-18T13:34:59.000Z,Outbound,+1415555102,+16174827374,Liam Carter,Sales,1,Delivered
SMS-502620,2026-08-18T13:00:20.000Z,Inbound,+13127344548,+1415555201,Olivia Chen,Customer Support,3,Delivered
SMS-502621,2026-08-18T12:06:38.000Z,Inbound,+13124837437,+1415555202,Ethan Walker,Customer Support,2,Delivered
SMS-502622,2026-08-18T15:46:41.000Z,Inbound,+13053251260,+1415555101,Ava Thompson,Sales,3,Delivered
SMS-502623,2026-08-18T13:48:42.000Z,Outbound,+1415555101,+14802137928,Ava Thompson,Sales,2,Delivered
SMS-502624,2026-08-18T13:18:22.000Z,Inbound,+12122479036,+1415555502,Grace Lindqvist,IT Helpdesk,3,Delivered
SMS-502625,2026-08-18T12:41:38.000Z,Outbound,+1415555202,+13059242238,Ethan Walker,Customer Support,2,Delivered
SMS-502626,2026-08-18T12:32:50.000Z,Outbound,+1415555403,+14159931552,Amelia Foster,Customer Success,3,Delivered
SMS-502627,2026-08-18T14:14:14.000Z,Outbound,+1415555201,+15122129293,Olivia Chen,Customer Support,3,Delivered
SMS-502628,2026-08-18T12:56:04.000Z,Outbound,+1415555302,+12126922426,Mia Alvarez,Billing,3,Delivered
SMS-502629,2026-08-18T13:29:30.000Z,Outbound,+1415555502,+16178270869,Grace Lindqvist,IT Helpdesk,3,Delivered
SMS-502630,2026-08-18T13:10:40.000Z,Inbound,+13129137876,+1415555502,Grace Lindqvist,IT Helpdesk,2,Delivered
SMS-502631,2026-08-18T13:16:14.000Z,Inbound,+15123970741,+1415555104,Emma Rodriguez,Sales,2,Failed
SMS-502632,2026-08-18T13:08:59.000Z,Inbound,+17029191097,+1415555102,Liam Carter,Sales,1,Delivered
SMS-502633,2026-08-18T14:09:23.000Z,Outbound,+1415555302,+13128393634,Mia Alvarez,Billing,3,Delivered
SMS-502634,2026-08-18T13:13:08.000Z,Inbound,+12066222702,+1415555501,Henry Okafor,IT Helpdesk,3,Delivered
SMS-502635,2026-08-18T11:39:00.000Z,Outbound,+1415555104,+12127933009,Emma Rodriguez,Sales,3,Delivered
SMS-502636,2026-08-18T12:41:44.000Z,Inbound,+15125900417,+1415555501,Henry Okafor,IT Helpdesk,2,Failed
SMS-502637,2026-08-18T12:22:44.000Z,Inbound,+17022622043,+1415555101,Ava Thompson,Sales,1,Delivered
SMS-502638,2026-08-18T12:05:59.000Z,Outbound,+1415555403,+14047452932,Amelia Foster,Customer Success,3,Delivered
SMS-502639,2026-08-18T14:07:55.000Z,Inbound,+13055518337,+1415555302,Mia Alvarez,Billing,2,Delivered
SMS-502640,2026-08-18T13:09:01.000Z,Outbound,+1415555101,+14809941060,Ava Thompson,Sales,2,Delivered
SMS-502641,2026-08-18T13:01:47.000Z,Inbound,+17026170231,+1415555205,Isabella Kim,Customer Support,2,Delivered
SMS-502642,2026-08-18T13:12:04.000Z,Outbound,+1415555302,+14154695929,Mia Alvarez,Billing,2,Delivered
SMS-502643,2026-08-18T13:17:13.000Z,Inbound,+14155754935,+1415555102,Liam Carter,Sales,1,Delivered
SMS-502644,2026-08-18T13:52:24.000Z,Inbound,+13054471209,+1415555303,Benjamin Osei,Billing,3,Delivered
SMS-502645,2026-08-18T13:57:24.000Z,Outbound,+1415555403,+17028900660,Amelia Foster,Customer Success,2,Delivered
SMS-502646,2026-08-18T11:23:04.000Z,Inbound,+14802419983,+1415555103,Noah Patel,Sales,1,Delivered
SMS-502647,2026-08-18T12:42:06.000Z,Outbound,+1415555202,+13127160965,Ethan Walker,Customer Support,1,Delivered
SMS-502648,2026-08-18T12:18:12.000Z,Outbound,+1415555401,+16179607097,Charlotte Reyes,Customer Success,3,Delivered
SMS-502649,2026-08-18T13:47:37.000Z,Outbound,+1415555203,+13056567847,Sophia Nguyen,Customer Support,3,Delivered
SMS-502650,2026-08-18T12:12:48.000Z,Outbound,+1415555402,+13124966888,Lucas Bennett,Customer Success,1,Delivered
SMS-502651,2026-08-18T13:56:51.000Z,Inbound,+12068880932,+1415555203,Sophia Nguyen,Customer Support,2,Delivered
SMS-502652,2026-08-18T13:13:56.000Z,Outbound,+1415555102,+13123558017,Liam Carter,Sales,3,Delivered
SMS-502653,2026-08-18T11:54:50.000Z,Inbound,+14049217735,+1415555402,Lucas Bennett,Customer Success,1,Delivered
SMS-502654,2026-08-18T11:44:41.000Z,Inbound,+13058101546,+1415555403,Amelia Foster,Customer Success,3,Delivered
SMS-502655,2026-08-18T13:31:51.000Z,Outbound,+1415555203,+15129359930,Sophia Nguyen,Customer Support,1,Delivered
SMS-502656,2026-08-18T11:20:52.000Z,Outbound,+1415555403,+15124191448,Amelia Foster,Customer Success,2,Delivered
SMS-502657,2026-08-18T13:53:45.000Z,Inbound,+15129253208,+1415555302,Mia Alvarez,Billing,3,Delivered
SMS-502658,2026-08-18T15:58:19.000Z,Outbound,+1415555502,+14809837503,Grace Lindqvist,IT Helpdesk,3,Delivered
SMS-502659,2026-08-18T13:03:24.000Z,Inbound,+14044368880,+1415555203,Sophia Nguyen,Customer Support,1,Delivered
SMS-502660,2026-08-18T13:12:01.000Z,Outbound,+1415555303,+17023109785,Benjamin Osei,Billing,3,Delivered
SMS-502661,2026-08-18T13:58:48.000Z,Outbound,+1415555201,+14803499885,Olivia Chen,Customer Support,3,Delivered
SMS-502662,2026-08-18T13:02:38.000Z,Inbound,+15125558353,+1415555401,Charlotte Reyes,Customer Success,1,Delivered
SMS-502663,2026-08-18T13:29:12.000Z,Inbound,+13055337878,+1415555101,Ava Thompson,Sales,3,Delivered
SMS-502664,2026-08-18T13:25:58.000Z,Inbound,+12125165428,+1415555401,Charlotte Reyes,Customer Success,3,Delivered
SMS-502665,2026-08-18T13:45:48.000Z,Outbound,+1415555103,+13125479420,Noah Patel,Sales,1,Delivered
SMS-502666,2026-08-18T13:12:53.000Z,Inbound,+15126723283,+1415555402,Lucas Bennett,Customer Success,1,Delivered
SMS-502667,2026-08-18T13:26:09.000Z,Outbound,+1415555104,+13129081679,Emma Rodriguez,Sales,3,Delivered
SMS-502668,2026-08-18T13:45:27.000Z,Inbound,+14047357774,+1415555205,Isabella Kim,Customer Support,3,Delivered
SMS-502669,2026-08-18T13:37:38.000Z,Outbound,+1415555101,+16173271947,Ava Thompson,Sales,1,Delivered
SMS-502670,2026-08-18T14:19:08.000Z,Inbound,+17026051005,+1415555401,Charlotte Reyes,Customer Success,2,Delivered
SMS-502671,2026-08-19T13:52:50.000Z,Outbound,+1415555202,+13122254378,Ethan Walker,Customer Support,1,Delivered
SMS-502672,2026-08-19T12:07:04.000Z,Inbound,+17028709221,+1415555402,Lucas Bennett,Customer Success,2,Delivered
SMS-502673,2026-08-19T12:51:34.000Z,Inbound,+15125928457,+1415555302,Mia Alvarez,Billing,1,Delivered
SMS-502674,2026-08-19T14:52:50.000Z,Outbound,+1415555201,+14154579993,Olivia Chen,Customer Support,2,Delivered
SMS-502675,2026-08-19T13:04:29.000Z,Inbound,+12063860218,+1415555201,Olivia Chen,Customer Support,3,Delivered
SMS-502676,2026-08-19T12:41:02.000Z,Inbound,+14805952519,+1415555403,Amelia Foster,Customer Success,1,Delivered
SMS-502677,2026-08-19T13:37:56.000Z,Inbound,+14042347590,+1415555205,Isabella Kim,Customer Support,3,Delivered
SMS-502678,2026-08-19T13:18:27.000Z,Outbound,+1415555102,+14805154087,Liam Carter,Sales,3,Delivered
SMS-502679,2026-08-19T12:18:21.000Z,Outbound,+1415555204,+14157748568,Mason Brooks,Customer Support,2,Delivered
SMS-502680,2026-08-19T11:01:34.000Z,Inbound,+17029305665,+1415555204,Mason Brooks,Customer Support,2,Delivered
SMS-502681,2026-08-19T14:20:13.000Z,Inbound,+14809792442,+1415555205,Isabella Kim,Customer Support,3,Delivered
SMS-502682,2026-08-19T11:24:26.000Z,Outbound,+1415555101,+17022153899,Ava Thompson,Sales,2,Delivered
SMS-502683,2026-08-19T12:33:44.000Z,Inbound,+13057419859,+1415555204,Mason Brooks,Customer Support,1,Delivered
SMS-502684,2026-08-19T14:09:20.000Z,Inbound,+14802914199,+1415555402,Lucas Bennett,Customer Success,2,Delivered
SMS-502685,2026-08-19T12:03:05.000Z,Inbound,+12129734499,+1415555102,Liam Carter,Sales,1,Delivered
SMS-502686,2026-08-19T12:13:04.000Z,Outbound,+1415555403,+12063608404,Amelia Foster,Customer Success,1,Delivered
SMS-502687,2026-08-19T12:33:16.000Z,Inbound,+14049915714,+1415555205,Isabella Kim,Customer Support,1,Delivered
SMS-502688,2026-08-19T13:06:04.000Z,Inbound,+14805116779,+1415555202,Ethan Walker,Customer Support,3,Delivered
SMS-502689,2026-08-19T12:50:25.000Z,Inbound,+14806528248,+1415555202,Ethan Walker,Customer Support,1,Delivered
SMS-502690,2026-08-19T12:58:45.000Z,Outbound,+1415555402,+14158190139,Lucas Bennett,Customer Success,3,Delivered
SMS-502691,2026-08-19T14:14:53.000Z,Outbound,+1415555201,+13058409690,Olivia Chen,Customer Support,3,Delivered
SMS-502692,2026-08-19T13:01:39.000Z,Outbound,+1415555201,+15129396450,Olivia Chen,Customer Support,3,Delivered
SMS-502693,2026-08-19T13:44:55.000Z,Inbound,+14045581733,+1415555104,Emma Rodriguez,Sales,1,Delivered
SMS-502694,2026-08-19T14:08:12.000Z,Outbound,+1415555205,+14804052938,Isabella Kim,Customer Support,3,Delivered
SMS-502695,2026-08-19T12:51:49.000Z,Inbound,+17022317518,+1415555403,Amelia Foster,Customer Success,2,Delivered
SMS-502696,2026-08-19T13:13:29.000Z,Outbound,+1415555302,+12064024493,Mia Alvarez,Billing,2,Delivered
SMS-502697,2026-08-19T12:25:28.000Z,Outbound,+1415555501,+16175452980,Henry Okafor,IT Helpdesk,2,Delivered
SMS-502698,2026-08-19T14:38:31.000Z,Inbound,+14805420838,+1415555401,Charlotte Reyes,Customer Success,2,Failed
SMS-502699,2026-08-19T12:07:50.000Z,Outbound,+1415555202,+14155614881,Ethan Walker,Customer Support,2,Failed
SMS-502700,2026-08-19T14:05:06.000Z,Outbound,+1415555401,+14809294706,Charlotte Reyes,Customer Success,1,Delivered
SMS-502701,2026-08-19T11:37:52.000Z,Outbound,+1415555403,+16173083727,Amelia Foster,Customer Success,1,Delivered
SMS-502702,2026-08-19T13:25:54.000Z,Outbound,+1415555502,+14045541481,Grace Lindqvist,IT Helpdesk,2,Delivered
SMS-502703,2026-08-19T11:09:49.000Z,Outbound,+1415555303,+16174899435,Benjamin Osei,Billing,2,Delivered
SMS-502704,2026-08-19T12:14:16.000Z,Inbound,+14049254401,+1415555104,Emma Rodriguez,Sales,3,Failed
SMS-502705,2026-08-19T13:38:12.000Z,Inbound,+14047438154,+1415555301,James Whitfield,Billing,1,Delivered
SMS-502706,2026-08-19T12:47:41.000Z,Outbound,+1415555103,+12122505297,Noah Patel,Sales,2,Delivered
SMS-502707,2026-08-19T13:12:31.000Z,Outbound,+1415555401,+12065617407,Charlotte Reyes,Customer Success,3,Delivered
SMS-502708,2026-08-19T11:26:51.000Z,Inbound,+14042793322,+1415555301,James Whitfield,Billing,3,Delivered
SMS-502709,2026-08-19T13:40:32.000Z,Inbound,+13058163096,+1415555501,Henry Okafor,IT Helpdesk,2,Delivered
SMS-502710,2026-08-19T13:50:07.000Z,Inbound,+16178247266,+1415555402,Lucas Bennett,Customer Success,1,Delivered
SMS-502711,2026-08-19T13:34:24.000Z,Outbound,+1415555101,+13129684665,Ava Thompson,Sales,1,Delivered
SMS-502712,2026-08-19T14:39:16.000Z,Inbound,+13128223724,+1415555103,Noah Patel,Sales,2,Delivered
SMS-502713,2026-08-19T12:20:36.000Z,Inbound,+12122411195,+1415555101,Ava Thompson,Sales,2,Delivered
SMS-502714,2026-08-19T13:24:19.000Z,Inbound,+14045655864,+1415555202,Ethan Walker,Customer Support,3,Delivered
SMS-502715,2026-08-19T13:31:32.000Z,Inbound,+15122904448,+1415555301,James Whitfield,Billing,1,Delivered
SMS-502716,2026-08-19T12:39:10.000Z,Inbound,+12129545811,+1415555201,Olivia Chen,Customer Support,1,Delivered
SMS-502717,2026-08-19T14:58:34.000Z,Inbound,+16175334183,+1415555203,Sophia Nguyen,Customer Support,3,Failed
SMS-502718,2026-08-19T13:14:13.000Z,Outbound,+1415555502,+14045041845,Grace Lindqvist,IT Helpdesk,2,Delivered
SMS-502719,2026-08-19T14:40:05.000Z,Inbound,+14048164795,+1415555104,Emma Rodriguez,Sales,2,Delivered
SMS-502720,2026-08-19T14:10:35.000Z,Inbound,+13054694305,+1415555501,Henry Okafor,IT Helpdesk,2,Delivered
SMS-502721,2026-08-19T14:01:52.000Z,Inbound,+12122325851,+1415555201,Olivia Chen,Customer Support,3,Delivered
SMS-502722,2026-08-19T14:15:20.000Z,Outbound,+1415555303,+14808435836,Benjamin Osei,Billing,2,Delivered
SMS-502723,2026-08-19T14:57:45.000Z,Inbound,+16177276222,+1415555401,Charlotte Reyes,Customer Success,2,Delivered
SMS-502724,2026-08-19T14:37:18.000Z,Inbound,+14807553295,+1415555104,Emma Rodriguez,Sales,1,Delivered
SMS-502725,2026-08-19T14:28:58.000Z,Inbound,+12124029338,+1415555401,Charlotte Reyes,Customer Success,1,Delivered
SMS-502726,2026-08-19T12:49:55.000Z,Inbound,+14803768773,+1415555402,Lucas Bennett,Customer Success,3,Delivered
SMS-502727,2026-08-19T12:02:43.000Z,Inbound,+13127553803,+1415555401,Charlotte Reyes,Customer Success,1,Delivered
SMS-502728,2026-08-19T12:10:21.000Z,Outbound,+1415555102,+14805724473,Liam Carter,Sales,2,Delivered
SMS-502729,2026-08-19T13:03:31.000Z,Inbound,+12067144297,+1415555302,Mia Alvarez,Billing,1,Delivered
SMS-502730,2026-08-19T12:19:07.000Z,Inbound,+15129922868,+1415555101,Ava Thompson,Sales,1,Delivered
SMS-502731,2026-08-19T13:10:35.000Z,Inbound,+16179523227,+1415555303,Benjamin Osei,Billing,3,Delivered
SMS-502732,2026-08-19T14:18:14.000Z,Inbound,+14804538410,+1415555501,Henry Okafor,IT Helpdesk,2,Delivered
SMS-502733,2026-08-19T13:41:43.000Z,Outbound,+1415555402,+14046647770,Lucas Bennett,Customer Success,3,Delivered
SMS-502734,2026-08-19T12:28:59.000Z,Outbound,+1415555203,+13057395362,Sophia Nguyen,Customer Support,3,Delivered
SMS-502735,2026-08-19T13:58:08.000Z,Outbound,+1415555302,+14158976876,Mia Alvarez,Billing,3,Delivered
SMS-502736,2026-08-19T13:13:48.000Z,Inbound,+14805500712,+1415555102,Liam Carter,Sales,3,Delivered
SMS-502737,2026-08-20T13:27:23.000Z,Inbound,+16175979911,+1415555303,Benjamin Osei,Billing,2,Delivered
SMS-502738,2026-08-20T12:45:07.000Z,Outbound,+1415555303,+14803872213,Benjamin Osei,Billing,2,Delivered
SMS-502739,2026-08-20T12:03:10.000Z,Inbound,+14807502468,+1415555104,Emma Rodriguez,Sales,3,Delivered
SMS-502740,2026-08-20T14:32:10.000Z,Inbound,+13052292946,+1415555202,Ethan Walker,Customer Support,1,Delivered
SMS-502741,2026-08-20T13:04:42.000Z,Inbound,+15123054157,+1415555102,Liam Carter,Sales,2,Delivered
SMS-502742,2026-08-20T12:47:28.000Z,Inbound,+13056536079,+1415555302,Mia Alvarez,Billing,3,Pending
SMS-502743,2026-08-20T13:59:49.000Z,Outbound,+1415555302,+12127428776,Mia Alvarez,Billing,1,Delivered
SMS-502744,2026-08-20T13:56:41.000Z,Inbound,+12122600516,+1415555102,Liam Carter,Sales,3,Delivered
SMS-502745,2026-08-20T14:29:00.000Z,Inbound,+17022118217,+1415555302,Mia Alvarez,Billing,3,Delivered
SMS-502746,2026-08-20T13:27:31.000Z,Outbound,+1415555301,+15124374670,James Whitfield,Billing,2,Delivered
SMS-502747,2026-08-20T13:43:08.000Z,Inbound,+14157582324,+1415555103,Noah Patel,Sales,2,Delivered
SMS-502748,2026-08-20T12:17:03.000Z,Outbound,+1415555201,+12127497924,Olivia Chen,Customer Support,1,Delivered
SMS-502749,2026-08-20T13:00:22.000Z,Inbound,+14803653396,+1415555402,Lucas Bennett,Customer Success,1,Delivered
SMS-502750,2026-08-20T13:12:45.000Z,Inbound,+14045844192,+1415555202,Ethan Walker,Customer Support,3,Delivered
SMS-502751,2026-08-20T13:56:20.000Z,Inbound,+13126103660,+1415555201,Olivia Chen,Customer Support,2,Delivered
SMS-502752,2026-08-20T15:11:38.000Z,Inbound,+14046821279,+1415555101,Ava Thompson,Sales,3,Delivered
SMS-502753,2026-08-20T13:29:30.000Z,Outbound,+1415555103,+14156155325,Noah Patel,Sales,2,Pending
SMS-502754,2026-08-20T13:42:26.000Z,Inbound,+15122704056,+1415555201,Olivia Chen,Customer Support,2,Delivered
SMS-502755,2026-08-20T14:22:51.000Z,Outbound,+1415555401,+16179138036,Charlotte Reyes,Customer Success,1,Delivered
SMS-502756,2026-08-20T15:04:53.000Z,Outbound,+1415555303,+14804700208,Benjamin Osei,Billing,1,Delivered
SMS-502757,2026-08-20T14:40:08.000Z,Inbound,+17024445236,+1415555101,Ava Thompson,Sales,1,Delivered
SMS-502758,2026-08-20T13:56:55.000Z,Inbound,+12066867954,+1415555103,Noah Patel,Sales,1,Delivered
SMS-502759,2026-08-20T12:01:36.000Z,Outbound,+1415555401,+13053353561,Charlotte Reyes,Customer Success,2,Delivered
SMS-502760,2026-08-20T12:34:41.000Z,Inbound,+17023773728,+1415555403,Amelia Foster,Customer Success,2,Delivered
SMS-502761,2026-08-20T15:54:32.000Z,Inbound,+16179766828,+1415555203,Sophia Nguyen,Customer Support,2,Delivered
SMS-502762,2026-08-20T13:40:10.000Z,Inbound,+14048043981,+1415555302,Mia Alvarez,Billing,2,Delivered
SMS-502763,2026-08-20T13:07:44.000Z,Outbound,+1415555402,+14805722560,Lucas Bennett,Customer Success,3,Delivered
SMS-502764,2026-08-20T14:34:22.000Z,Inbound,+12122326709,+1415555301,James Whitfield,Billing,2,Delivered
SMS-502765,2026-08-20T13:38:57.000Z,Inbound,+14154733322,+1415555303,Benjamin Osei,Billing,1,Delivered
SMS-502766,2026-08-20T12:23:11.000Z,Inbound,+14159446894,+1415555203,Sophia Nguyen,Customer Support,1,Delivered
SMS-502767,2026-08-20T12:07:20.000Z,Outbound,+1415555502,+16172876620,Grace Lindqvist,IT Helpdesk,1,Delivered
SMS-502768,2026-08-20T12:16:19.000Z,Outbound,+1415555301,+16178038909,James Whitfield,Billing,1,Delivered
SMS-502769,2026-08-20T12:03:11.000Z,Outbound,+1415555301,+14046185091,James Whitfield,Billing,2,Delivered
SMS-502770,2026-08-20T14:28:40.000Z,Inbound,+14805292594,+1415555403,Amelia Foster,Customer Success,1,Delivered
SMS-502771,2026-08-20T12:58:59.000Z,Inbound,+14802989743,+1415555501,Henry Okafor,IT Helpdesk,2,Delivered
SMS-502772,2026-08-20T13:16:54.000Z,Inbound,+15127684038,+1415555104,Emma Rodriguez,Sales,3,Delivered
SMS-502773,2026-08-20T14:46:07.000Z,Inbound,+14158918517,+1415555401,Charlotte Reyes,Customer Success,1,Delivered
SMS-502774,2026-08-20T13:02:44.000Z,Inbound,+16173401473,+1415555202,Ethan Walker,Customer Support,3,Delivered
SMS-502775,2026-08-20T14:08:56.000Z,Outbound,+1415555205,+14805311224,Isabella Kim,Customer Support,2,Failed
SMS-502776,2026-08-20T14:20:08.000Z,Outbound,+1415555401,+12127535568,Charlotte Reyes,Customer Success,2,Failed
SMS-502777,2026-08-20T13:39:09.000Z,Inbound,+14046938118,+1415555401,Charlotte Reyes,Customer Success,2,Delivered
SMS-502778,2026-08-20T14:34:17.000Z,Outbound,+1415555202,+12067771728,Ethan Walker,Customer Support,3,Delivered
SMS-502779,2026-08-20T13:27:00.000Z,Inbound,+15125090147,+1415555101,Ava Thompson,Sales,1,Delivered
SMS-502780,2026-08-20T13:01:41.000Z,Inbound,+14809285242,+1415555201,Olivia Chen,Customer Support,3,Delivered
SMS-502781,2026-08-20T13:27:08.000Z,Outbound,+1415555204,+12129473886,Mason Brooks,Customer Support,3,Delivered
SMS-502782,2026-08-20T14:14:08.000Z,Outbound,+1415555303,+12126511918,Benjamin Osei,Billing,2,Delivered
SMS-502783,2026-08-20T13:41:58.000Z,Inbound,+16178258238,+1415555103,Noah Patel,Sales,3,Delivered
SMS-502784,2026-08-20T13:09:58.000Z,Outbound,+1415555302,+14042234829,Mia Alvarez,Billing,1,Delivered
SMS-502785,2026-08-20T14:34:28.000Z,Inbound,+13129699088,+1415555403,Amelia Foster,Customer Success,2,Delivered
SMS-502786,2026-08-20T14:50:37.000Z,Outbound,+1415555501,+12064609266,Henry Okafor,IT Helpdesk,3,Delivered
SMS-502787,2026-08-20T13:29:32.000Z,Outbound,+1415555501,+14044511520,Henry Okafor,IT Helpdesk,2,Delivered
SMS-502788,2026-08-20T12:27:57.000Z,Outbound,+1415555201,+14152028686,Olivia Chen,Customer Support,1,Delivered
SMS-502789,2026-08-20T12:38:59.000Z,Inbound,+16173272008,+1415555204,Mason Brooks,Customer Support,3,Delivered
SMS-502790,2026-08-20T13:24:24.000Z,Inbound,+14042830956,+1415555103,Noah Patel,Sales,1,Delivered
SMS-502791,2026-08-20T13:53:02.000Z,Inbound,+14152523430,+1415555202,Ethan Walker,Customer Support,1,Delivered
SMS-502792,2026-08-20T14:59:47.000Z,Inbound,+12064274447,+1415555203,Sophia Nguyen,Customer Support,1,Delivered
SMS-502793,2026-08-20T13:50:13.000Z,Inbound,+16175560796,+1415555104,Emma Rodriguez,Sales,2,Delivered
SMS-502794,2026-08-20T12:59:40.000Z,Outbound,+1415555502,+14806481134,Grace Lindqvist,IT Helpdesk,1,Delivered
SMS-502795,2026-08-20T14:27:59.000Z,Outbound,+1415555102,+14156863092,Liam Carter,Sales,2,Delivered
SMS-502796,2026-08-20T12:41:41.000Z,Inbound,+12126327852,+1415555303,Benjamin Osei,Billing,3,Delivered
SMS-502797,2026-08-20T12:47:23.000Z,Inbound,+15123865367,+1415555502,Grace Lindqvist,IT Helpdesk,1,Delivered
SMS-502798,2026-08-20T13:59:05.000Z,Inbound,+14042928962,+1415555302,Mia Alvarez,Billing,1,Delivered
SMS-502799,2026-08-20T12:05:33.000Z,Inbound,+15124859491,+1415555502,Grace Lindqvist,IT Helpdesk,3,Delivered
SMS-502800,2026-08-20T13:16:33.000Z,Inbound,+13054491983,+1415555403,Amelia Foster,Customer Success,1,Delivered
SMS-502801,2026-08-20T12:12:54.000Z,Outbound,+1415555201,+12126595875,Olivia Chen,Customer Support,2,Delivered
SMS-502802,2026-08-20T14:37:06.000Z,Inbound,+15125342777,+1415555204,Mason Brooks,Customer Support,2,Delivered
SMS-502803,2026-08-20T13:54:00.000Z,Inbound,+17024026168,+1415555104,Emma Rodriguez,Sales,1,Delivered
SMS-502804,2026-08-20T13:08:44.000Z,Outbound,+1415555302,+12063384914,Mia Alvarez,Billing,1,Delivered
SMS-502805,2026-08-20T12:14:46.000Z,Outbound,+1415555203,+12065397114,Sophia Nguyen,Customer Support,2,Delivered
SMS-502806,2026-08-20T14:10:17.000Z,Inbound,+13058316556,+1415555301,James Whitfield,Billing,1,Delivered
SMS-502807,2026-08-20T14:20:02.000Z,Outbound,+1415555502,+17023309063,Grace Lindqvist,IT Helpdesk,1,Delivered
SMS-502808,2026-08-20T12:03:08.000Z,Outbound,+1415555204,+14049821096,Mason Brooks,Customer Support,2,Delivered
SMS-502809,2026-08-20T13:52:52.000Z,Inbound,+14805822808,+1415555203,Sophia Nguyen,Customer Support,2,Delivered
SMS-502810,2026-08-20T14:10:06.000Z,Inbound,+15122321559,+1415555501,Henry Okafor,IT Helpdesk,3,Delivered
SMS-502811,2026-08-20T14:02:22.000Z,Outbound,+1415555104,+14808606047,Emma Rodriguez,Sales,3,Delivered
SMS-502812,2026-08-20T12:25:38.000Z,Outbound,+1415555101,+13122705637,Ava Thompson,Sales,2,Delivered
SMS-502813,2026-08-20T13:36:02.000Z,Inbound,+16178361003,+1415555401,Charlotte Reyes,Customer Success,2,Delivered
SMS-502814,2026-08-20T13:47:53.000Z,Inbound,+15122349682,+1415555401,Charlotte Reyes,Customer Success,1,Delivered
SMS-502815,2026-08-20T15:43:15.000Z,Inbound,+14048580634,+1415555502,Grace Lindqvist,IT Helpdesk,1,Delivered
SMS-502816,2026-08-20T12:58:12.000Z,Inbound,+14807526343,+1415555103,Noah Patel,Sales,3,Delivered
SMS-502817,2026-08-20T14:11:01.000Z,Inbound,+14158084151,+1415555102,Liam Carter,Sales,1,Delivered
SMS-502818,2026-08-20T14:07:06.000Z,Outbound,+1415555202,+17028992076,Ethan Walker,Customer Support,2,Failed
SMS-502819,2026-08-20T13:26:29.000Z,Outbound,+1415555402,+14155669238,Lucas Bennett,Customer Success,2,Delivered
SMS-502820,2026-08-20T12:17:28.000Z,Outbound,+1415555202,+14802096931,Ethan Walker,Customer Support,3,Delivered
SMS-502821,2026-08-20T12:16:47.000Z,Outbound,+1415555202,+13124182174,Ethan Walker,Customer Support,2,Delivered
SMS-502822,2026-08-20T12:23:05.000Z,Inbound,+14804163325,+1415555204,Mason Brooks,Customer Support,3,Delivered
SMS-502823,2026-08-20T13:11:32.000Z,Outbound,+1415555203,+13055504729,Sophia Nguyen,Customer Support,3,Delivered
SMS-502824,2026-08-20T11:41:55.000Z,Inbound,+14157791737,+1415555202,Ethan Walker,Customer Support,1,Delivered
SMS-502825,2026-08-20T13:22:24.000Z,Inbound,+14156423564,+1415555205,Isabella Kim,Customer Support,2,Delivered
SMS-502826,2026-08-20T14:03:55.000Z,Inbound,+17023461146,+1415555104,Emma Rodriguez,Sales,3,Delivered
SMS-502827,2026-08-20T13:55:47.000Z,Outbound,+1415555303,+13125633624,Benjamin Osei,Billing,1,Delivered
SMS-502828,2026-08-20T13:09:43.000Z,Inbound,+14044688480,+1415555403,Amelia Foster,Customer Success,3,Delivered
SMS-502829,2026-08-20T13:51:30.000Z,Inbound,+14805747831,+1415555204,Mason Brooks,Customer Support,3,Delivered
SMS-502830,2026-08-20T13:08:29.000Z,Inbound,+14158355738,+1415555301,James Whitfield,Billing,2,Delivered
SMS-502831,2026-08-20T12:28:39.000Z,Inbound,+15128210401,+1415555303,Benjamin Osei,Billing,2,Delivered
SMS-502832,2026-08-21T14:34:36.000Z,Outbound,+1415555201,+17022814542,Olivia Chen,Customer Support,3,Delivered
SMS-502833,2026-08-21T12:56:48.000Z,Inbound,+17025149562,+1415555202,Ethan Walker,Customer Support,1,Delivered
SMS-502834,2026-08-21T13:22:10.000Z,Inbound,+14046570837,+1415555104,Emma Rodriguez,Sales,3,Delivered
SMS-502835,2026-08-21T14:58:10.000Z,Inbound,+17024987008,+1415555303,Benjamin Osei,Billing,2,Delivered
SMS-502836,2026-08-21T12:10:40.000Z,Inbound,+13058921206,+1415555104,Emma Rodriguez,Sales,3,Delivered
SMS-502837,2026-08-21T12:56:11.000Z,Inbound,+12067393721,+1415555302,Mia Alvarez,Billing,2,Delivered
SMS-502838,2026-08-21T13:54:01.000Z,Inbound,+17025820714,+1415555201,Olivia Chen,Customer Support,1,Delivered
SMS-502839,2026-08-21T12:28:57.000Z,Inbound,+14803999101,+1415555201,Olivia Chen,Customer Support,3,Delivered
SMS-502840,2026-08-21T13:21:56.000Z,Inbound,+13129091398,+1415555201,Olivia Chen,Customer Support,2,Delivered
SMS-502841,2026-08-21T13:30:51.000Z,Inbound,+12122733027,+1415555402,Lucas Bennett,Customer Success,2,Delivered
SMS-502842,2026-08-21T14:40:10.000Z,Inbound,+12066756527,+1415555303,Benjamin Osei,Billing,2,Delivered
SMS-502843,2026-08-21T12:57:55.000Z,Inbound,+16178707324,+1415555501,Henry Okafor,IT Helpdesk,1,Delivered
SMS-502844,2026-08-21T14:47:37.000Z,Inbound,+12123277606,+1415555103,Noah Patel,Sales,1,Delivered
SMS-502845,2026-08-21T12:23:35.000Z,Outbound,+1415555401,+12124796220,Charlotte Reyes,Customer Success,1,Failed
SMS-502846,2026-08-21T14:42:05.000Z,Inbound,+15125468021,+1415555205,Isabella Kim,Customer Support,3,Delivered
SMS-502847,2026-08-21T13:29:52.000Z,Inbound,+16179243800,+1415555202,Ethan Walker,Customer Support,3,Delivered
SMS-502848,2026-08-21T12:45:45.000Z,Inbound,+14807010081,+1415555301,James Whitfield,Billing,3,Delivered
SMS-502849,2026-08-21T13:46:58.000Z,Inbound,+12063260109,+1415555501,Henry Okafor,IT Helpdesk,1,Failed
SMS-502850,2026-08-21T13:07:49.000Z,Inbound,+14803970683,+1415555102,Liam Carter,Sales,1,Delivered
SMS-502851,2026-08-21T12:02:18.000Z,Outbound,+1415555104,+14155426907,Emma Rodriguez,Sales,1,Failed
SMS-502852,2026-08-21T12:12:16.000Z,Outbound,+1415555103,+13056922458,Noah Patel,Sales,1,Delivered
SMS-502853,2026-08-21T13:38:14.000Z,Inbound,+15129579528,+1415555202,Ethan Walker,Customer Support,3,Delivered
SMS-502854,2026-08-21T14:14:21.000Z,Inbound,+16175802376,+1415555501,Henry Okafor,IT Helpdesk,3,Failed
SMS-502855,2026-08-21T12:51:57.000Z,Outbound,+1415555103,+14045241572,Noah Patel,Sales,3,Delivered
SMS-502856,2026-08-21T13:18:36.000Z,Inbound,+15127951444,+1415555401,Charlotte Reyes,Customer Success,1,Delivered
SMS-502857,2026-08-21T14:07:00.000Z,Outbound,+1415555201,+15127541242,Olivia Chen,Customer Support,1,Delivered
SMS-502858,2026-08-21T12:21:12.000Z,Outbound,+1415555205,+12067872624,Isabella Kim,Customer Support,2,Delivered
SMS-502859,2026-08-21T12:42:23.000Z,Outbound,+1415555104,+14157383115,Emma Rodriguez,Sales,3,Delivered
SMS-502860,2026-08-21T12:36:06.000Z,Inbound,+13052831402,+1415555502,Grace Lindqvist,IT Helpdesk,2,Delivered
SMS-502861,2026-08-21T12:14:40.000Z,Inbound,+16179446429,+1415555502,Grace Lindqvist,IT Helpdesk,2,Delivered
SMS-502862,2026-08-21T14:04:32.000Z,Outbound,+1415555201,+16175537747,Olivia Chen,Customer Support,1,Delivered
SMS-502863,2026-08-21T13:52:41.000Z,Outbound,+1415555502,+16172504128,Grace Lindqvist,IT Helpdesk,3,Delivered
SMS-502864,2026-08-21T14:40:54.000Z,Outbound,+1415555403,+17028240254,Amelia Foster,Customer Success,3,Delivered
SMS-502865,2026-08-21T13:40:03.000Z,Outbound,+1415555101,+12064487180,Ava Thompson,Sales,3,Delivered
SMS-502866,2026-08-21T13:37:46.000Z,Inbound,+13124510450,+1415555103,Noah Patel,Sales,2,Delivered
SMS-502867,2026-08-21T13:04:42.000Z,Outbound,+1415555103,+14047073592,Noah Patel,Sales,3,Delivered
SMS-502868,2026-08-21T14:55:28.000Z,Inbound,+14808365045,+1415555302,Mia Alvarez,Billing,1,Delivered
SMS-502869,2026-08-21T13:33:17.000Z,Inbound,+14159651292,+1415555202,Ethan Walker,Customer Support,3,Delivered
SMS-502870,2026-08-21T13:22:40.000Z,Inbound,+13122429090,+1415555205,Isabella Kim,Customer Support,2,Delivered
SMS-502871,2026-08-21T13:09:55.000Z,Outbound,+1415555101,+17024483588,Ava Thompson,Sales,3,Failed
SMS-502872,2026-08-21T13:18:31.000Z,Inbound,+15124548412,+1415555102,Liam Carter,Sales,3,Delivered
SMS-502873,2026-08-21T12:53:04.000Z,Outbound,+1415555202,+13123531482,Ethan Walker,Customer Support,1,Delivered
SMS-502874,2026-08-21T13:09:53.000Z,Inbound,+16176580069,+1415555103,Noah Patel,Sales,1,Delivered
SMS-502875,2026-08-21T12:15:15.000Z,Inbound,+15126374867,+1415555301,James Whitfield,Billing,3,Failed
SMS-502876,2026-08-21T12:27:20.000Z,Outbound,+1415555203,+17026455043,Sophia Nguyen,Customer Support,2,Delivered
SMS-502877,2026-08-21T14:46:25.000Z,Outbound,+1415555201,+14043853344,Olivia Chen,Customer Support,3,Delivered
SMS-502878,2026-08-22T14:53:02.000Z,Inbound,+14803650280,+1415555501,Henry Okafor,IT Helpdesk,3,Delivered
SMS-502879,2026-08-22T12:04:44.000Z,Inbound,+15124406923,+1415555205,Isabella Kim,Customer Support,2,Delivered
SMS-502880,2026-08-22T14:12:08.000Z,Outbound,+1415555403,+14048621896,Amelia Foster,Customer Success,1,Delivered
SMS-502881,2026-08-22T15:39:54.000Z,Outbound,+1415555102,+14806107483,Liam Carter,Sales,2,Delivered
SMS-502882,2026-08-22T13:14:31.000Z,Inbound,+16175835576,+1415555302,Mia Alvarez,Billing,3,Delivered
SMS-502883,2026-08-22T13:27:10.000Z,Outbound,+1415555201,+13126598683,Olivia Chen,Customer Support,3,Delivered
SMS-502884,2026-08-22T11:48:33.000Z,Outbound,+1415555102,+15128430889,Liam Carter,Sales,3,Delivered
SMS-502885,2026-08-22T13:50:59.000Z,Outbound,+1415555303,+15124937513,Benjamin Osei,Billing,1,Delivered
SMS-502886,2026-08-22T13:51:10.000Z,Inbound,+14807749764,+1415555401,Charlotte Reyes,Customer Success,2,Delivered
SMS-502887,2026-08-22T12:15:09.000Z,Outbound,+1415555403,+12062234326,Amelia Foster,Customer Success,2,Delivered
SMS-502888,2026-08-22T13:49:50.000Z,Inbound,+17026404975,+1415555401,Charlotte Reyes,Customer Success,3,Delivered
SMS-502889,2026-08-22T14:37:02.000Z,Inbound,+12062261262,+1415555301,James Whitfield,Billing,3,Delivered
SMS-502890,2026-08-22T13:04:58.000Z,Outbound,+1415555102,+12064507506,Liam Carter,Sales,2,Delivered
SMS-502891,2026-08-23T11:08:33.000Z,Inbound,+16175583557,+1415555104,Emma Rodriguez,Sales,2,Delivered
SMS-502892,2026-08-23T14:45:21.000Z,Outbound,+1415555103,+14159244507,Noah Patel,Sales,2,Delivered
SMS-502893,2026-08-23T12:17:34.000Z,Inbound,+17027520002,+1415555401,Charlotte Reyes,Customer Success,2,Delivered
SMS-502894,2026-08-23T13:01:04.000Z,Inbound,+12122414066,+1415555103,Noah Patel,Sales,1,Delivered
SMS-502895,2026-08-23T12:25:01.000Z,Outbound,+1415555203,+14153174911,Sophia Nguyen,Customer Support,3,Delivered
SMS-502896,2026-08-23T12:37:14.000Z,Inbound,+14046921132,+1415555202,Ethan Walker,Customer Support,3,Delivered
SMS-502897,2026-08-23T12:13:59.000Z,Outbound,+1415555104,+12127863190,Emma Rodriguez,Sales,1,Delivered
SMS-502898,2026-08-23T13:39:56.000Z,Inbound,+13058867621,+1415555202,Ethan Walker,Customer Support,1,Delivered
SMS-502899,2026-08-23T12:40:32.000Z,Inbound,+16175721748,+1415555303,Benjamin Osei,Billing,1,Delivered
SMS-502900,2026-08-23T12:37:48.000Z,Inbound,+17022434888,+1415555101,Ava Thompson,Sales,2,Delivered
SMS-502901,2026-08-24T14:33:35.000Z,Inbound,+14154262038,+1415555101,Ava Thompson,Sales,1,Delivered
SMS-502902,2026-08-24T13:31:00.000Z,Outbound,+1415555104,+13125379033,Emma Rodriguez,Sales,2,Delivered
SMS-502903,2026-08-24T13:23:24.000Z,Inbound,+13058674744,+1415555101,Ava Thompson,Sales,3,Delivered
SMS-502904,2026-08-24T13:56:08.000Z,Inbound,+17026851449,+1415555303,Benjamin Osei,Billing,2,Delivered
SMS-502905,2026-08-24T13:58:50.000Z,Outbound,+1415555302,+12128640107,Mia Alvarez,Billing,1,Delivered
SMS-502906,2026-08-24T14:48:54.000Z,Outbound,+1415555201,+14159518487,Olivia Chen,Customer Support,2,Delivered
SMS-502907,2026-08-24T13:01:29.000Z,Inbound,+15124709324,+1415555303,Benjamin Osei,Billing,3,Delivered
SMS-502908,2026-08-24T12:30:46.000Z,Outbound,+1415555102,+17029906954,Liam Carter,Sales,2,Delivered
SMS-502909,2026-08-24T12:29:50.000Z,Outbound,+1415555402,+12124193015,Lucas Bennett,Customer Success,1,Delivered
SMS-502910,2026-08-24T11:41:43.000Z,Inbound,+14154175195,+1415555205,Isabella Kim,Customer Support,1,Delivered
SMS-502911,2026-08-24T13:54:26.000Z,Outbound,+1415555104,+12069590395,Emma Rodriguez,Sales,3,Delivered
SMS-502912,2026-08-24T12:34:28.000Z,Outbound,+1415555102,+14153242032,Liam Carter,Sales,1,Delivered
SMS-502913,2026-08-24T12:09:23.000Z,Outbound,+1415555205,+13125439777,Isabella Kim,Customer Support,1,Delivered
SMS-502914,2026-08-24T12:18:49.000Z,Inbound,+12069187267,+1415555303,Benjamin Osei,Billing,1,Delivered
SMS-502915,2026-08-24T13:05:01.000Z,Inbound,+14156314195,+1415555201,Olivia Chen,Customer Support,3,Delivered
SMS-502916,2026-08-24T13:38:47.000Z,Inbound,+13056350732,+1415555103,Noah Patel,Sales,1,Delivered
SMS-502917,2026-08-24T13:51:37.000Z,Inbound,+16178559588,+1415555502,Grace Lindqvist,IT Helpdesk,2,Delivered
SMS-502918,2026-08-24T12:25:20.000Z,Inbound,+15128946779,+1415555201,Olivia Chen,Customer Support,1,Delivered
SMS-502919,2026-08-24T12:45:50.000Z,Outbound,+1415555103,+14154087359,Noah Patel,Sales,2,Delivered
SMS-502920,2026-08-24T12:35:39.000Z,Inbound,+15128263663,+1415555203,Sophia Nguyen,Customer Support,1,Delivered
SMS-502921,2026-08-24T12:16:42.000Z,Outbound,+1415555101,+16179230861,Ava Thompson,Sales,1,Delivered
SMS-502922,2026-08-24T12:27:18.000Z,Inbound,+13059704169,+1415555201,Olivia Chen,Customer Support,2,Delivered
SMS-502923,2026-08-24T14:37:51.000Z,Outbound,+1415555403,+15126220537,Amelia Foster,Customer Success,2,Delivered
SMS-502924,2026-08-24T14:59:09.000Z,Outbound,+1415555302,+17028344416,Mia Alvarez,Billing,1,Delivered
SMS-502925,2026-08-24T13:54:56.000Z,Inbound,+14156910335,+1415555205,Isabella Kim,Customer Support,3,Delivered
SMS-502926,2026-08-24T13:12:57.000Z,Inbound,+14803727934,+1415555302,Mia Alvarez,Billing,3,Delivered
SMS-502927,2026-08-24T12:23:25.000Z,Outbound,+1415555401,+13125562656,Charlotte Reyes,Customer Success,1,Delivered
SMS-502928,2026-08-24T13:06:33.000Z,Inbound,+14153636953,+1415555302,Mia Alvarez,Billing,1,Delivered
SMS-502929,2026-08-24T14:03:36.000Z,Outbound,+1415555101,+14042387621,Ava Thompson,Sales,3,Delivered
SMS-502930,2026-08-24T13:27:32.000Z,Inbound,+15128540237,+1415555101,Ava Thompson,Sales,2,Delivered
SMS-502931,2026-08-24T13:50:13.000Z,Inbound,+12062624577,+1415555205,Isabella Kim,Customer Support,2,Delivered
SMS-502932,2026-08-24T11:09:33.000Z,Outbound,+1415555303,+13054803332,Benjamin Osei,Billing,3,Delivered
SMS-502933,2026-08-24T13:37:16.000Z,Inbound,+12128609911,+1415555502,Grace Lindqvist,IT Helpdesk,3,Failed
SMS-502934,2026-08-24T14:16:03.000Z,Inbound,+14805527252,+1415555203,Sophia Nguyen,Customer Support,3,Delivered
SMS-502935,2026-08-24T13:27:48.000Z,Outbound,+1415555501,+12068872607,Henry Okafor,IT Helpdesk,2,Delivered
SMS-502936,2026-08-24T14:21:29.000Z,Inbound,+14803681030,+1415555101,Ava Thompson,Sales,1,Delivered
SMS-502937,2026-08-24T12:57:56.000Z,Inbound,+16175745129,+1415555203,Sophia Nguyen,Customer Support,3,Delivered
SMS-502938,2026-08-24T12:30:33.000Z,Outbound,+1415555403,+14044594875,Amelia Foster,Customer Success,3,Delivered
SMS-502939,2026-08-24T13:18:07.000Z,Inbound,+13122226811,+1415555205,Isabella Kim,Customer Support,1,Delivered
SMS-502940,2026-08-24T13:53:25.000Z,Inbound,+16173437867,+1415555101,Ava Thompson,Sales,2,Delivered
SMS-502941,2026-08-24T13:21:11.000Z,Inbound,+14803345846,+1415555502,Grace Lindqvist,IT Helpdesk,1,Delivered
SMS-502942,2026-08-24T12:36:09.000Z,Outbound,+1415555401,+14158617615,Charlotte Reyes,Customer Success,3,Delivered
SMS-502943,2026-08-24T11:25:54.000Z,Inbound,+14156585777,+1415555301,James Whitfield,Billing,1,Delivered
SMS-502944,2026-08-24T11:41:53.000Z,Inbound,+13056595980,+1415555204,Mason Brooks,Customer Support,2,Delivered
SMS-502945,2026-08-24T13:29:00.000Z,Outbound,+1415555303,+13056018877,Benjamin Osei,Billing,2,Delivered
SMS-502946,2026-08-24T14:11:26.000Z,Inbound,+15124371654,+1415555205,Isabella Kim,Customer Support,2,Delivered
SMS-502947,2026-08-24T12:16:45.000Z,Inbound,+12128358063,+1415555302,Mia Alvarez,Billing,1,Delivered
SMS-502948,2026-08-24T14:32:47.000Z,Outbound,+1415555401,+14155465674,Charlotte Reyes,Customer Success,1,Delivered
SMS-502949,2026-08-24T13:34:53.000Z,Outbound,+1415555203,+13059812350,Sophia Nguyen,Customer Support,1,Failed
SMS-502950,2026-08-24T13:19:25.000Z,Outbound,+1415555402,+14156622075,Lucas Bennett,Customer Success,2,Delivered
SMS-502951,2026-08-24T13:12:48.000Z,Outbound,+1415555501,+14048632072,Henry Okafor,IT Helpdesk,2,Delivered
SMS-502952,2026-08-24T13:40:38.000Z,Inbound,+14048286805,+1415555202,Ethan Walker,Customer Support,2,Delivered
SMS-502953,2026-08-24T13:01:45.000Z,Outbound,+1415555204,+17026596485,Mason Brooks,Customer Support,1,Delivered
SMS-502954,2026-08-24T13:46:03.000Z,Inbound,+15128874350,+1415555204,Mason Brooks,Customer Support,3,Delivered
SMS-502955,2026-08-24T13:38:43.000Z,Outbound,+1415555501,+16174869440,Henry Okafor,IT Helpdesk,1,Delivered
SMS-502956,2026-08-24T14:23:41.000Z,Outbound,+1415555101,+16173085974,Ava Thompson,Sales,1,Delivered
SMS-502957,2026-08-24T13:53:43.000Z,Inbound,+14047004552,+1415555403,Amelia Foster,Customer Success,3,Delivered
SMS-502958,2026-08-24T13:26:47.000Z,Inbound,+12063211720,+1415555204,Mason Brooks,Customer Support,2,Delivered
SMS-502959,2026-08-24T13:48:26.000Z,Inbound,+14046362962,+1415555401,Charlotte Reyes,Customer Success,2,Delivered
SMS-502960,2026-08-24T13:41:38.000Z,Outbound,+1415555203,+12066862355,Sophia Nguyen,Customer Support,3,Delivered
SMS-502961,2026-08-24T14:16:39.000Z,Inbound,+16174955317,+1415555301,James Whitfield,Billing,2,Delivered
SMS-502962,2026-08-24T15:55:30.000Z,Inbound,+16179706343,+1415555203,Sophia Nguyen,Customer Support,2,Delivered
SMS-502963,2026-08-24T12:44:07.000Z,Outbound,+1415555101,+13056947092,Ava Thompson,Sales,1,Delivered
SMS-502964,2026-08-24T13:48:36.000Z,Outbound,+1415555502,+15126509949,Grace Lindqvist,IT Helpdesk,2,Delivered
SMS-502965,2026-08-24T14:26:13.000Z,Inbound,+14157798362,+1415555103,Noah Patel,Sales,3,Delivered
SMS-502966,2026-08-24T14:02:01.000Z,Inbound,+12129001631,+1415555205,Isabella Kim,Customer Support,2,Delivered
SMS-502967,2026-08-24T13:26:10.000Z,Outbound,+1415555204,+14157428315,Mason Brooks,Customer Support,3,Failed
SMS-502968,2026-08-24T14:02:25.000Z,Outbound,+1415555301,+12063529321,James Whitfield,Billing,1,Delivered
SMS-502969,2026-08-24T14:35:14.000Z,Outbound,+1415555201,+12127456874,Olivia Chen,Customer Support,1,Delivered
SMS-502970,2026-08-24T13:13:44.000Z,Inbound,+17024632870,+1415555201,Olivia Chen,Customer Support,2,Delivered
SMS-502971,2026-08-24T13:49:44.000Z,Inbound,+12062223915,+1415555403,Amelia Foster,Customer Success,1,Delivered
SMS-502972,2026-08-24T13:47:47.000Z,Outbound,+1415555403,+17027724210,Amelia Foster,Customer Success,1,Delivered
SMS-502973,2026-08-24T14:29:10.000Z,Inbound,+14808709845,+1415555401,Charlotte Reyes,Customer Success,1,Delivered
SMS-502974,2026-08-24T13:49:57.000Z,Inbound,+13129537103,+1415555502,Grace Lindqvist,IT Helpdesk,2,Delivered
SMS-502975,2026-08-24T13:38:35.000Z,Inbound,+14158051051,+1415555401,Charlotte Reyes,Customer Success,3,Delivered
SMS-502976,2026-08-24T13:17:48.000Z,Inbound,+14804391678,+1415555402,Lucas Bennett,Customer Success,1,Delivered
SMS-502977,2026-08-24T11:28:03.000Z,Outbound,+1415555501,+12126734651,Henry Okafor,IT Helpdesk,3,Delivered
SMS-502978,2026-08-24T13:29:51.000Z,Inbound,+12124788738,+1415555402,Lucas Bennett,Customer Success,3,Failed
SMS-502979,2026-08-24T14:50:29.000Z,Outbound,+1415555202,+13123717001,Ethan Walker,Customer Support,3,Delivered
SMS-502980,2026-08-24T12:36:49.000Z,Inbound,+13128512092,+1415555501,Henry Okafor,IT Helpdesk,1,Delivered
SMS-502981,2026-08-24T13:43:58.000Z,Inbound,+13128355786,+1415555203,Sophia Nguyen,Customer Support,2,Delivered
SMS-502982,2026-08-24T12:45:38.000Z,Outbound,+1415555102,+13059632796,Liam Carter,Sales,1,Delivered
SMS-502983,2026-08-24T13:33:54.000Z,Outbound,+1415555403,+12069400567,Amelia Foster,Customer Success,3,Delivered
SMS-502984,2026-08-24T13:58:22.000Z,Outbound,+1415555403,+14808223999,Amelia Foster,Customer Success,1,Delivered
SMS-502985,2026-08-24T13:40:47.000Z,Inbound,+15125818683,+1415555202,Ethan Walker,Customer Support,3,Delivered
SMS-502986,2026-08-24T13:39:45.000Z,Outbound,+1415555104,+15127672093,Emma Rodriguez,Sales,3,Delivered
SMS-502987,2026-08-24T14:27:29.000Z,Inbound,+14152742619,+1415555201,Olivia Chen,Customer Support,1,Delivered
SMS-502988,2026-08-24T13:39:24.000Z,Outbound,+1415555101,+14045203079,Ava Thompson,Sales,2,Delivered
SMS-502989,2026-08-24T14:56:54.000Z,Inbound,+12124148788,+1415555101,Ava Thompson,Sales,3,Delivered
SMS-502990,2026-08-24T12:04:08.000Z,Outbound,+1415555501,+12062279473,Henry Okafor,IT Helpdesk,3,Delivered
SMS-502991,2026-08-24T13:35:10.000Z,Inbound,+14043625155,+1415555302,Mia Alvarez,Billing,3,Delivered
SMS-502992,2026-08-24T13:01:00.000Z,Inbound,+14807725971,+1415555205,Isabella Kim,Customer Support,2,Delivered
SMS-502993,2026-08-24T12:35:21.000Z,Inbound,+14153500411,+1415555203,Sophia Nguyen,Customer Support,3,Delivered
SMS-502994,2026-08-24T13:46:57.000Z,Inbound,+13124184081,+1415555101,Ava Thompson,Sales,3,Delivered
SMS-502995,2026-08-24T12:45:42.000Z,Inbound,+12068954694,+1415555201,Olivia Chen,Customer Support,3,Delivered
SMS-502996,2026-08-24T13:13:08.000Z,Inbound,+14809750847,+1415555101,Ava Thompson,Sales,1,Delivered
SMS-502997,2026-08-24T12:32:24.000Z,Outbound,+1415555402,+14049218635,Lucas Bennett,Customer Success,3,Delivered
SMS-502998,2026-08-25T12:28:09.000Z,Outbound,+1415555502,+14152926172,Grace Lindqvist,IT Helpdesk,1,Delivered
SMS-502999,2026-08-25T12:38:03.000Z,Outbound,+1415555403,+12067777507,Amelia Foster,Customer Success,3,Delivered
SMS-503000,2026-08-25T13:49:27.000Z,Outbound,+1415555302,+13055101857,Mia Alvarez,Billing,2,Delivered
SMS-503001,2026-08-25T12:10:59.000Z,Inbound,+12129165024,+1415555403,Amelia Foster,Customer Success,2,Delivered
SMS-503002,2026-08-25T11:58:12.000Z,Inbound,+17025696527,+1415555401,Charlotte Reyes,Customer Success,2,Delivered
SMS-503003,2026-08-25T13:22:50.000Z,Inbound,+17028408721,+1415555202,Ethan Walker,Customer Support,3,Delivered
SMS-503004,2026-08-25T12:41:38.000Z,Outbound,+1415555101,+14804708889,Ava Thompson,Sales,2,Delivered
SMS-503005,2026-08-25T14:12:40.000Z,Outbound,+1415555204,+12063218634,Mason Brooks,Customer Support,3,Delivered
SMS-503006,2026-08-25T13:33:22.000Z,Outbound,+1415555205,+17028932625,Isabella Kim,Customer Support,3,Delivered
SMS-503007,2026-08-25T12:20:19.000Z,Outbound,+1415555205,+15125980864,Isabella Kim,Customer Support,2,Delivered
SMS-503008,2026-08-25T14:38:30.000Z,Outbound,+1415555204,+14154659349,Mason Brooks,Customer Support,3,Delivered
SMS-503009,2026-08-25T14:19:31.000Z,Inbound,+12064992364,+1415555203,Sophia Nguyen,Customer Support,1,Delivered
SMS-503010,2026-08-25T14:25:29.000Z,Outbound,+1415555201,+14046289336,Olivia Chen,Customer Support,3,Delivered
SMS-503011,2026-08-25T14:00:43.000Z,Inbound,+14042133035,+1415555104,Emma Rodriguez,Sales,3,Delivered
SMS-503012,2026-08-25T14:28:44.000Z,Inbound,+13126502500,+1415555205,Isabella Kim,Customer Support,3,Delivered
SMS-503013,2026-08-25T11:53:51.000Z,Inbound,+12069983253,+1415555102,Liam Carter,Sales,2,Delivered
SMS-503014,2026-08-25T13:10:58.000Z,Outbound,+1415555403,+14153937530,Amelia Foster,Customer Success,1,Delivered
SMS-503015,2026-08-25T13:22:20.000Z,Outbound,+1415555103,+14042676655,Noah Patel,Sales,3,Delivered
SMS-503016,2026-08-25T14:31:38.000Z,Inbound,+13129195288,+1415555303,Benjamin Osei,Billing,2,Delivered
SMS-503017,2026-08-25T14:10:05.000Z,Outbound,+1415555203,+14045613870,Sophia Nguyen,Customer Support,2,Delivered
SMS-503018,2026-08-25T13:54:50.000Z,Inbound,+14805271267,+1415555102,Liam Carter,Sales,1,Pending
SMS-503019,2026-08-25T13:38:52.000Z,Inbound,+17027653539,+1415555204,Mason Brooks,Customer Support,2,Delivered
SMS-503020,2026-08-25T12:07:53.000Z,Inbound,+15122254414,+1415555303,Benjamin Osei,Billing,1,Delivered
SMS-503021,2026-08-25T13:35:14.000Z,Inbound,+14802230237,+1415555402,Lucas Bennett,Customer Success,3,Delivered
SMS-503022,2026-08-25T13:23:50.000Z,Outbound,+1415555403,+13056061284,Amelia Foster,Customer Success,2,Delivered
SMS-503023,2026-08-25T14:22:22.000Z,Inbound,+14157479631,+1415555403,Amelia Foster,Customer Success,3,Delivered
SMS-503024,2026-08-25T12:28:26.000Z,Outbound,+1415555502,+14809976897,Grace Lindqvist,IT Helpdesk,2,Delivered
SMS-503025,2026-08-25T13:59:03.000Z,Inbound,+14809994794,+1415555302,Mia Alvarez,Billing,2,Delivered
SMS-503026,2026-08-25T12:28:43.000Z,Inbound,+14808685549,+1415555501,Henry Okafor,IT Helpdesk,3,Delivered
SMS-503027,2026-08-25T12:34:54.000Z,Outbound,+1415555101,+14042151222,Ava Thompson,Sales,1,Delivered
SMS-503028,2026-08-25T12:43:58.000Z,Inbound,+14154417588,+1415555101,Ava Thompson,Sales,3,Delivered
SMS-503029,2026-08-25T11:50:09.000Z,Inbound,+13055923011,+1415555401,Charlotte Reyes,Customer Success,1,Failed
SMS-503030,2026-08-25T12:08:07.000Z,Outbound,+1415555401,+14808201927,Charlotte Reyes,Customer Success,1,Delivered
SMS-503031,2026-08-25T12:25:23.000Z,Inbound,+14045943195,+1415555403,Amelia Foster,Customer Success,3,Delivered
SMS-503032,2026-08-25T12:55:15.000Z,Outbound,+1415555202,+14808264074,Ethan Walker,Customer Support,1,Delivered
SMS-503033,2026-08-25T14:30:28.000Z,Inbound,+16174986790,+1415555101,Ava Thompson,Sales,2,Delivered
SMS-503034,2026-08-25T14:49:58.000Z,Outbound,+1415555403,+12125431057,Amelia Foster,Customer Success,1,Delivered
SMS-503035,2026-08-25T14:28:13.000Z,Outbound,+1415555201,+12126190240,Olivia Chen,Customer Support,1,Delivered
SMS-503036,2026-08-25T12:13:50.000Z,Inbound,+14804464645,+1415555403,Amelia Foster,Customer Success,3,Delivered
SMS-503037,2026-08-25T13:47:30.000Z,Outbound,+1415555104,+14808349437,Emma Rodriguez,Sales,2,Delivered
SMS-503038,2026-08-25T12:05:14.000Z,Inbound,+14155512777,+1415555102,Liam Carter,Sales,3,Delivered
SMS-503039,2026-08-25T14:37:09.000Z,Inbound,+12125310602,+1415555205,Isabella Kim,Customer Support,2,Delivered
SMS-503040,2026-08-25T14:46:10.000Z,Outbound,+1415555101,+13052368844,Ava Thompson,Sales,1,Delivered
SMS-503041,2026-08-25T12:54:47.000Z,Inbound,+14042351241,+1415555401,Charlotte Reyes,Customer Success,1,Delivered
SMS-503042,2026-08-25T13:17:53.000Z,Outbound,+1415555301,+13055363083,James Whitfield,Billing,1,Delivered
SMS-503043,2026-08-25T13:09:23.000Z,Outbound,+1415555401,+12129220461,Charlotte Reyes,Customer Success,3,Delivered
SMS-503044,2026-08-25T12:26:01.000Z,Inbound,+15128665040,+1415555101,Ava Thompson,Sales,1,Delivered
SMS-503045,2026-08-25T12:59:08.000Z,Inbound,+14807784071,+1415555101,Ava Thompson,Sales,3,Delivered
SMS-503046,2026-08-25T12:17:25.000Z,Outbound,+1415555203,+13122976016,Sophia Nguyen,Customer Support,1,Delivered
SMS-503047,2026-08-25T12:15:28.000Z,Inbound,+12062382503,+1415555401,Charlotte Reyes,Customer Success,2,Delivered
SMS-503048,2026-08-25T14:59:41.000Z,Inbound,+14807066661,+1415555104,Emma Rodriguez,Sales,2,Delivered
SMS-503049,2026-08-25T13:20:06.000Z,Outbound,+1415555403,+13126853862,Amelia Foster,Customer Success,2,Delivered
SMS-503050,2026-08-25T13:02:17.000Z,Outbound,+1415555202,+12129496038,Ethan Walker,Customer Support,1,Delivered
SMS-503051,2026-08-25T14:37:42.000Z,Outbound,+1415555102,+14154652731,Liam Carter,Sales,2,Delivered
SMS-503052,2026-08-25T14:56:30.000Z,Outbound,+1415555502,+15124531227,Grace Lindqvist,IT Helpdesk,1,Failed
SMS-503053,2026-08-25T13:42:25.000Z,Inbound,+13128147412,+1415555103,Noah Patel,Sales,1,Delivered
SMS-503054,2026-08-25T14:11:04.000Z,Inbound,+16175339765,+1415555501,Henry Okafor,IT Helpdesk,1,Delivered
SMS-503055,2026-08-25T12:26:52.000Z,Inbound,+17023892955,+1415555303,Benjamin Osei,Billing,3,Delivered
SMS-503056,2026-08-25T14:10:55.000Z,Inbound,+14802874494,+1415555205,Isabella Kim,Customer Support,3,Delivered
SMS-503057,2026-08-25T12:42:52.000Z,Outbound,+1415555104,+12067268953,Emma Rodriguez,Sales,3,Delivered
SMS-503058,2026-08-25T12:44:48.000Z,Inbound,+13054513690,+1415555104,Emma Rodriguez,Sales,2,Delivered
SMS-503059,2026-08-25T12:23:00.000Z,Inbound,+17023414836,+1415555103,Noah Patel,Sales,2,Delivered
SMS-503060,2026-08-25T13:31:28.000Z,Inbound,+13127302274,+1415555502,Grace Lindqvist,IT Helpdesk,2,Delivered
SMS-503061,2026-08-25T14:55:13.000Z,Inbound,+12129420190,+1415555402,Lucas Bennett,Customer Success,2,Delivered
SMS-503062,2026-08-25T13:48:23.000Z,Outbound,+1415555205,+15122095019,Isabella Kim,Customer Support,1,Delivered
SMS-503063,2026-08-25T12:26:46.000Z,Inbound,+12064486581,+1415555104,Emma Rodriguez,Sales,1,Delivered
SMS-503064,2026-08-25T15:02:24.000Z,Outbound,+1415555401,+14159722528,Charlotte Reyes,Customer Success,3,Delivered
SMS-503065,2026-08-25T14:14:28.000Z,Inbound,+14047720493,+1415555502,Grace Lindqvist,IT Helpdesk,3,Delivered
SMS-503066,2026-08-25T13:07:00.000Z,Outbound,+1415555103,+14806354310,Noah Patel,Sales,2,Delivered
SMS-503067,2026-08-25T13:14:01.000Z,Inbound,+15128191274,+1415555201,Olivia Chen,Customer Support,1,Delivered
SMS-503068,2026-08-25T14:53:11.000Z,Outbound,+1415555201,+17024142778,Olivia Chen,Customer Support,2,Delivered
SMS-503069,2026-08-25T13:35:35.000Z,Inbound,+15124054813,+1415555403,Amelia Foster,Customer Success,3,Delivered
SMS-503070,2026-08-25T13:48:25.000Z,Outbound,+1415555201,+13054343378,Olivia Chen,Customer Support,3,Delivered
SMS-503071,2026-08-25T12:46:11.000Z,Outbound,+1415555501,+17022158273,Henry Okafor,IT Helpdesk,3,Delivered
SMS-503072,2026-08-25T12:02:18.000Z,Inbound,+17027715959,+1415555103,Noah Patel,Sales,1,Delivered
SMS-503073,2026-08-25T13:10:19.000Z,Outbound,+1415555104,+17027462652,Emma Rodriguez,Sales,3,Delivered
SMS-503074,2026-08-25T12:50:47.000Z,Outbound,+1415555502,+12127965173,Grace Lindqvist,IT Helpdesk,3,Failed
SMS-503075,2026-08-25T13:50:38.000Z,Inbound,+13056569972,+1415555101,Ava Thompson,Sales,1,Delivered
SMS-503076,2026-08-25T14:05:52.000Z,Outbound,+1415555203,+15124881729,Sophia Nguyen,Customer Support,2,Delivered
SMS-503077,2026-08-25T15:12:46.000Z,Inbound,+13127635015,+1415555204,Mason Brooks,Customer Support,1,Delivered
SMS-503078,2026-08-25T13:43:46.000Z,Outbound,+1415555402,+17022534838,Lucas Bennett,Customer Success,2,Delivered
SMS-503079,2026-08-25T12:41:57.000Z,Outbound,+1415555104,+12127213845,Emma Rodriguez,Sales,1,Delivered
SMS-503080,2026-08-25T12:35:49.000Z,Inbound,+13054884919,+1415555303,Benjamin Osei,Billing,3,Delivered
SMS-503081,2026-08-25T13:02:11.000Z,Outbound,+1415555301,+15126220196,James Whitfield,Billing,3,Delivered
SMS-503082,2026-08-25T13:15:04.000Z,Inbound,+12069836564,+1415555302,Mia Alvarez,Billing,2,Delivered
SMS-503083,2026-08-25T13:40:25.000Z,Inbound,+12125122181,+1415555403,Amelia Foster,Customer Success,2,Delivered
SMS-503084,2026-08-25T14:21:36.000Z,Inbound,+12063042046,+1415555202,Ethan Walker,Customer Support,3,Delivered
SMS-503085,2026-08-25T12:34:55.000Z,Outbound,+1415555303,+14048827540,Benjamin Osei,Billing,2,Delivered
SMS-503086,2026-08-25T12:58:40.000Z,Inbound,+15125666270,+1415555402,Lucas Bennett,Customer Success,3,Delivered
SMS-503087,2026-08-25T12:36:37.000Z,Outbound,+1415555101,+12068900311,Ava Thompson,Sales,1,Delivered
SMS-503088,2026-08-25T12:35:58.000Z,Outbound,+1415555201,+14159536014,Olivia Chen,Customer Support,2,Delivered
SMS-503089,2026-08-25T14:08:16.000Z,Outbound,+1415555201,+13127068615,Olivia Chen,Customer Support,3,Delivered
SMS-503090,2026-08-25T12:11:05.000Z,Outbound,+1415555104,+14155518782,Emma Rodriguez,Sales,1,Delivered
SMS-503091,2026-08-25T14:40:07.000Z,Inbound,+14046486614,+1415555203,Sophia Nguyen,Customer Support,1,Delivered
SMS-503092,2026-08-25T14:43:42.000Z,Inbound,+15127498697,+1415555101,Ava Thompson,Sales,2,Delivered
SMS-503093,2026-08-25T13:05:35.000Z,Inbound,+12062031147,+1415555205,Isabella Kim,Customer Support,3,Delivered
SMS-503094,2026-08-25T15:05:12.000Z,Inbound,+14802267829,+1415555101,Ava Thompson,Sales,3,Delivered
SMS-503095,2026-08-25T12:56:01.000Z,Outbound,+1415555401,+15125680100,Charlotte Reyes,Customer Success,1,Delivered
SMS-503096,2026-08-25T13:03:29.000Z,Outbound,+1415555101,+15123538772,Ava Thompson,Sales,2,Delivered
SMS-503097,2026-08-25T11:13:26.000Z,Outbound,+1415555302,+14155467310,Mia Alvarez,Billing,3,Delivered
SMS-503098,2026-08-26T13:39:05.000Z,Inbound,+12123298797,+1415555202,Ethan Walker,Customer Support,1,Delivered
SMS-503099,2026-08-26T12:01:26.000Z,Inbound,+14808865005,+1415555203,Sophia Nguyen,Customer Support,1,Delivered
SMS-503100,2026-08-26T13:00:52.000Z,Outbound,+1415555402,+14805852082,Lucas Bennett,Customer Success,3,Delivered
SMS-503101,2026-08-26T13:01:54.000Z,Outbound,+1415555402,+12063219429,Lucas Bennett,Customer Success,3,Delivered
SMS-503102,2026-08-26T13:38:46.000Z,Outbound,+1415555103,+17027085795,Noah Patel,Sales,3,Delivered
SMS-503103,2026-08-26T13:29:51.000Z,Inbound,+15126882917,+1415555301,James Whitfield,Billing,2,Delivered
SMS-503104,2026-08-26T14:27:13.000Z,Inbound,+14809267075,+1415555104,Emma Rodriguez,Sales,2,Delivered
SMS-503105,2026-08-26T13:12:37.000Z,Outbound,+1415555101,+12126073780,Ava Thompson,Sales,2,Delivered
SMS-503106,2026-08-26T12:10:30.000Z,Inbound,+14802997014,+1415555401,Charlotte Reyes,Customer Success,1,Delivered
SMS-503107,2026-08-26T13:49:36.000Z,Outbound,+1415555302,+12126371510,Mia Alvarez,Billing,1,Delivered
SMS-503108,2026-08-26T13:48:43.000Z,Inbound,+16176678552,+1415555501,Henry Okafor,IT Helpdesk,2,Delivered
SMS-503109,2026-08-26T15:25:25.000Z,Outbound,+1415555205,+12129333903,Isabella Kim,Customer Support,3,Delivered
SMS-503110,2026-08-26T13:11:14.000Z,Inbound,+16174445313,+1415555203,Sophia Nguyen,Customer Support,1,Delivered
SMS-503111,2026-08-26T14:04:34.000Z,Outbound,+1415555205,+13124548847,Isabella Kim,Customer Support,2,Delivered
SMS-503112,2026-08-26T14:00:23.000Z,Outbound,+1415555403,+14152778683,Amelia Foster,Customer Success,2,Delivered
SMS-503113,2026-08-26T14:06:01.000Z,Inbound,+14809811901,+1415555101,Ava Thompson,Sales,1,Pending
SMS-503114,2026-08-26T15:36:39.000Z,Inbound,+12064810061,+1415555501,Henry Okafor,IT Helpdesk,2,Delivered
SMS-503115,2026-08-26T13:09:01.000Z,Inbound,+17023029087,+1415555102,Liam Carter,Sales,2,Delivered
SMS-503116,2026-08-26T13:53:39.000Z,Outbound,+1415555302,+13125412365,Mia Alvarez,Billing,1,Delivered
SMS-503117,2026-08-26T14:29:58.000Z,Inbound,+13054380120,+1415555101,Ava Thompson,Sales,1,Delivered
SMS-503118,2026-08-26T12:02:20.000Z,Inbound,+14802029628,+1415555401,Charlotte Reyes,Customer Success,3,Delivered
SMS-503119,2026-08-26T12:26:52.000Z,Inbound,+12062269078,+1415555301,James Whitfield,Billing,3,Delivered
SMS-503120,2026-08-26T13:27:46.000Z,Inbound,+14806684872,+1415555204,Mason Brooks,Customer Support,3,Delivered
SMS-503121,2026-08-26T12:27:19.000Z,Outbound,+1415555302,+14049835960,Mia Alvarez,Billing,3,Delivered
SMS-503122,2026-08-26T13:16:02.000Z,Outbound,+1415555501,+14157517707,Henry Okafor,IT Helpdesk,1,Delivered
SMS-503123,2026-08-26T13:26:12.000Z,Outbound,+1415555303,+16175194665,Benjamin Osei,Billing,3,Delivered
SMS-503124,2026-08-26T13:59:51.000Z,Outbound,+1415555201,+13052881623,Olivia Chen,Customer Support,1,Delivered
SMS-503125,2026-08-26T14:20:03.000Z,Inbound,+14157006011,+1415555501,Henry Okafor,IT Helpdesk,1,Delivered
SMS-503126,2026-08-26T13:08:53.000Z,Outbound,+1415555401,+16173641839,Charlotte Reyes,Customer Success,1,Delivered
SMS-503127,2026-08-26T12:35:18.000Z,Inbound,+14156775721,+1415555502,Grace Lindqvist,IT Helpdesk,2,Failed
SMS-503128,2026-08-26T13:19:57.000Z,Outbound,+1415555102,+16177182393,Liam Carter,Sales,1,Delivered
SMS-503129,2026-08-26T13:06:32.000Z,Outbound,+1415555101,+15122331050,Ava Thompson,Sales,3,Delivered
SMS-503130,2026-08-26T13:44:44.000Z,Inbound,+14158860182,+1415555501,Henry Okafor,IT Helpdesk,2,Delivered
SMS-503131,2026-08-26T14:06:04.000Z,Inbound,+16178004720,+1415555501,Henry Okafor,IT Helpdesk,1,Delivered
SMS-503132,2026-08-26T13:45:43.000Z,Outbound,+1415555104,+12064430820,Emma Rodriguez,Sales,2,Delivered
SMS-503133,2026-08-26T14:36:10.000Z,Outbound,+1415555201,+17028388348,Olivia Chen,Customer Support,2,Delivered
SMS-503134,2026-08-26T13:00:39.000Z,Inbound,+13128587684,+1415555501,Henry Okafor,IT Helpdesk,2,Delivered
SMS-503135,2026-08-26T13:32:08.000Z,Outbound,+1415555202,+13053178047,Ethan Walker,Customer Support,1,Delivered
SMS-503136,2026-08-26T13:24:34.000Z,Inbound,+12069274562,+1415555502,Grace Lindqvist,IT Helpdesk,1,Delivered
SMS-503137,2026-08-26T14:49:44.000Z,Outbound,+1415555205,+17028513938,Isabella Kim,Customer Support,2,Delivered
SMS-503138,2026-08-26T12:05:43.000Z,Outbound,+1415555102,+13054461624,Liam Carter,Sales,1,Delivered
SMS-503139,2026-08-26T15:21:40.000Z,Inbound,+14156864891,+1415555201,Olivia Chen,Customer Support,3,Delivered
SMS-503140,2026-08-26T14:56:25.000Z,Inbound,+12067599925,+1415555401,Charlotte Reyes,Customer Success,1,Pending
SMS-503141,2026-08-26T14:51:13.000Z,Inbound,+17023732115,+1415555301,James Whitfield,Billing,2,Delivered
SMS-503142,2026-08-26T12:27:28.000Z,Outbound,+1415555203,+14802594663,Sophia Nguyen,Customer Support,3,Delivered
SMS-503143,2026-08-26T14:29:27.000Z,Inbound,+13128927176,+1415555101,Ava Thompson,Sales,2,Delivered
SMS-503144,2026-08-26T13:08:39.000Z,Outbound,+1415555301,+13129784252,James Whitfield,Billing,3,Delivered
SMS-503145,2026-08-26T13:25:47.000Z,Outbound,+1415555401,+13124089192,Charlotte Reyes,Customer Success,3,Delivered
SMS-503146,2026-08-26T14:11:20.000Z,Outbound,+1415555402,+16173861821,Lucas Bennett,Customer Success,3,Delivered
SMS-503147,2026-08-26T14:34:20.000Z,Outbound,+1415555403,+14808881299,Amelia Foster,Customer Success,1,Delivered
SMS-503148,2026-08-26T14:53:41.000Z,Inbound,+12124429566,+1415555203,Sophia Nguyen,Customer Support,3,Delivered
SMS-503149,2026-08-26T14:33:44.000Z,Inbound,+12065980394,+1415555204,Mason Brooks,Customer Support,2,Delivered
SMS-503150,2026-08-26T12:01:56.000Z,Inbound,+13124199128,+1415555402,Lucas Bennett,Customer Success,3,Delivered
SMS-503151,2026-08-26T12:40:15.000Z,Outbound,+1415555103,+14153285023,Noah Patel,Sales,1,Delivered
SMS-503152,2026-08-26T12:05:18.000Z,Inbound,+16175998419,+1415555401,Charlotte Reyes,Customer Success,2,Delivered
SMS-503153,2026-08-26T13:43:36.000Z,Outbound,+1415555204,+16179803033,Mason Brooks,Customer Support,3,Delivered
SMS-503154,2026-08-26T13:55:08.000Z,Inbound,+16173064819,+1415555205,Isabella Kim,Customer Support,2,Pending
SMS-503155,2026-08-26T13:51:55.000Z,Outbound,+1415555101,+17028003726,Ava Thompson,Sales,2,Delivered
SMS-503156,2026-08-26T12:09:26.000Z,Inbound,+14154681898,+1415555205,Isabella Kim,Customer Support,2,Delivered
SMS-503157,2026-08-26T14:59:49.000Z,Inbound,+12125178282,+1415555101,Ava Thompson,Sales,1,Failed
SMS-503158,2026-08-26T14:01:12.000Z,Inbound,+14157417596,+1415555104,Emma Rodriguez,Sales,1,Delivered
SMS-503159,2026-08-26T12:23:13.000Z,Inbound,+17028463704,+1415555103,Noah Patel,Sales,1,Delivered
SMS-503160,2026-08-26T13:44:46.000Z,Outbound,+1415555102,+14155552267,Liam Carter,Sales,3,Delivered
SMS-503161,2026-08-26T12:00:24.000Z,Inbound,+15122712632,+1415555301,James Whitfield,Billing,2,Delivered
SMS-503162,2026-08-26T13:53:28.000Z,Outbound,+1415555205,+13122722057,Isabella Kim,Customer Support,1,Delivered
SMS-503163,2026-08-26T13:01:51.000Z,Outbound,+1415555201,+12126425874,Olivia Chen,Customer Support,3,Delivered
SMS-503164,2026-08-26T12:40:11.000Z,Inbound,+12063218950,+1415555202,Ethan Walker,Customer Support,1,Delivered
SMS-503165,2026-08-26T13:51:19.000Z,Inbound,+13129701613,+1415555401,Charlotte Reyes,Customer Success,1,Delivered
SMS-503166,2026-08-26T13:40:57.000Z,Inbound,+16172323663,+1415555203,Sophia Nguyen,Customer Support,2,Delivered
SMS-503167,2026-08-26T12:20:57.000Z,Inbound,+14157327781,+1415555204,Mason Brooks,Customer Support,3,Delivered
SMS-503168,2026-08-26T14:36:20.000Z,Inbound,+17028677545,+1415555301,James Whitfield,Billing,3,Delivered
SMS-503169,2026-08-26T13:35:29.000Z,Outbound,+1415555205,+14042596574,Isabella Kim,Customer Support,1,Delivered
SMS-503170,2026-08-26T12:36:23.000Z,Inbound,+14155646592,+1415555204,Mason Brooks,Customer Support,1,Delivered
SMS-503171,2026-08-26T13:45:44.000Z,Outbound,+1415555501,+14805156378,Henry Okafor,IT Helpdesk,3,Delivered
SMS-503172,2026-08-26T14:20:00.000Z,Inbound,+13122362180,+1415555201,Olivia Chen,Customer Support,3,Delivered
SMS-503173,2026-08-26T12:02:18.000Z,Outbound,+1415555203,+13052065364,Sophia Nguyen,Customer Support,1,Delivered
SMS-503174,2026-08-26T14:48:11.000Z,Inbound,+16172040277,+1415555103,Noah Patel,Sales,1,Delivered
SMS-503175,2026-08-26T13:54:08.000Z,Inbound,+15126709008,+1415555205,Isabella Kim,Customer Support,2,Delivered
SMS-503176,2026-08-27T14:33:51.000Z,Outbound,+1415555204,+16172350275,Mason Brooks,Customer Support,2,Delivered
SMS-503177,2026-08-27T12:07:08.000Z,Inbound,+16175291097,+1415555401,Charlotte Reyes,Customer Success,3,Delivered
SMS-503178,2026-08-27T13:54:52.000Z,Outbound,+1415555301,+14802768055,James Whitfield,Billing,3,Delivered
SMS-503179,2026-08-27T13:00:21.000Z,Outbound,+1415555205,+12128135921,Isabella Kim,Customer Support,3,Delivered
SMS-503180,2026-08-27T13:35:27.000Z,Inbound,+13127893214,+1415555202,Ethan Walker,Customer Support,1,Delivered
SMS-503181,2026-08-27T14:24:30.000Z,Inbound,+14808113527,+1415555302,Mia Alvarez,Billing,1,Delivered
SMS-503182,2026-08-27T14:24:32.000Z,Outbound,+1415555401,+14042190711,Charlotte Reyes,Customer Success,2,Delivered
SMS-503183,2026-08-27T13:24:55.000Z,Inbound,+14805011962,+1415555501,Henry Okafor,IT Helpdesk,2,Delivered
SMS-503184,2026-08-27T12:20:24.000Z,Outbound,+1415555301,+13053672890,James Whitfield,Billing,3,Delivered
SMS-503185,2026-08-27T13:00:10.000Z,Inbound,+17029597007,+1415555104,Emma Rodriguez,Sales,1,Delivered
SMS-503186,2026-08-27T13:00:48.000Z,Outbound,+1415555202,+14154536645,Ethan Walker,Customer Support,2,Delivered
SMS-503187,2026-08-27T12:57:46.000Z,Outbound,+1415555403,+14809483325,Amelia Foster,Customer Success,1,Pending
SMS-503188,2026-08-27T14:59:37.000Z,Outbound,+1415555401,+14046816671,Charlotte Reyes,Customer Success,2,Delivered
SMS-503189,2026-08-27T14:53:40.000Z,Inbound,+14155950424,+1415555301,James Whitfield,Billing,3,Delivered
SMS-503190,2026-08-27T11:00:49.000Z,Inbound,+14158997537,+1415555502,Grace Lindqvist,IT Helpdesk,1,Delivered
SMS-503191,2026-08-27T12:44:09.000Z,Inbound,+16179514133,+1415555203,Sophia Nguyen,Customer Support,1,Delivered
SMS-503192,2026-08-27T13:23:25.000Z,Inbound,+15128613685,+1415555502,Grace Lindqvist,IT Helpdesk,3,Pending
SMS-503193,2026-08-27T13:02:49.000Z,Inbound,+14153846745,+1415555103,Noah Patel,Sales,2,Delivered
SMS-503194,2026-08-27T12:54:18.000Z,Inbound,+15126179495,+1415555301,James Whitfield,Billing,1,Delivered
SMS-503195,2026-08-27T14:49:52.000Z,Outbound,+1415555303,+15127608222,Benjamin Osei,Billing,1,Delivered
SMS-503196,2026-08-27T13:53:18.000Z,Inbound,+16178885744,+1415555401,Charlotte Reyes,Customer Success,2,Delivered
SMS-503197,2026-08-27T13:03:31.000Z,Inbound,+15129089178,+1415555102,Liam Carter,Sales,3,Delivered
SMS-503198,2026-08-27T12:33:50.000Z,Outbound,+1415555202,+13126608261,Ethan Walker,Customer Support,2,Delivered
SMS-503199,2026-08-27T13:46:44.000Z,Outbound,+1415555301,+16172319452,James Whitfield,Billing,1,Delivered
SMS-503200,2026-08-27T15:36:27.000Z,Inbound,+14802702368,+1415555402,Lucas Bennett,Customer Success,2,Delivered
SMS-503201,2026-08-27T13:37:46.000Z,Outbound,+1415555401,+14157680194,Charlotte Reyes,Customer Success,3,Delivered
SMS-503202,2026-08-27T14:51:33.000Z,Outbound,+1415555402,+17029406991,Lucas Bennett,Customer Success,2,Delivered
SMS-503203,2026-08-27T13:05:15.000Z,Inbound,+12122562388,+1415555303,Benjamin Osei,Billing,3,Delivered
SMS-503204,2026-08-27T13:45:39.000Z,Inbound,+16178904303,+1415555302,Mia Alvarez,Billing,1,Delivered
SMS-503205,2026-08-27T13:41:55.000Z,Outbound,+1415555102,+14159302475,Liam Carter,Sales,2,Delivered
SMS-503206,2026-08-27T11:18:12.000Z,Inbound,+13056155359,+1415555203,Sophia Nguyen,Customer Support,2,Delivered
SMS-503207,2026-08-27T12:32:23.000Z,Inbound,+13127442195,+1415555303,Benjamin Osei,Billing,1,Delivered
SMS-503208,2026-08-27T12:49:50.000Z,Inbound,+15127561366,+1415555302,Mia Alvarez,Billing,2,Delivered
SMS-503209,2026-08-27T12:16:25.000Z,Outbound,+1415555301,+17028602199,James Whitfield,Billing,1,Delivered
SMS-503210,2026-08-27T12:08:37.000Z,Inbound,+16173432806,+1415555502,Grace Lindqvist,IT Helpdesk,2,Failed
SMS-503211,2026-08-27T14:58:00.000Z,Inbound,+16173860805,+1415555103,Noah Patel,Sales,1,Delivered
SMS-503212,2026-08-27T13:37:39.000Z,Outbound,+1415555103,+17026725158,Noah Patel,Sales,2,Delivered
SMS-503213,2026-08-27T14:50:47.000Z,Inbound,+14046558085,+1415555205,Isabella Kim,Customer Support,3,Delivered
SMS-503214,2026-08-27T13:56:47.000Z,Outbound,+1415555202,+16175439326,Ethan Walker,Customer Support,2,Delivered
SMS-503215,2026-08-27T12:08:29.000Z,Inbound,+14802286433,+1415555301,James Whitfield,Billing,3,Delivered
SMS-503216,2026-08-27T14:13:06.000Z,Outbound,+1415555201,+16179207371,Olivia Chen,Customer Support,1,Delivered
SMS-503217,2026-08-27T13:01:13.000Z,Inbound,+14805197220,+1415555203,Sophia Nguyen,Customer Support,3,Delivered
SMS-503218,2026-08-27T12:43:06.000Z,Outbound,+1415555403,+14043284562,Amelia Foster,Customer Success,2,Delivered
SMS-503219,2026-08-27T12:32:01.000Z,Outbound,+1415555403,+16177468711,Amelia Foster,Customer Success,3,Pending
SMS-503220,2026-08-27T12:34:14.000Z,Inbound,+14158815549,+1415555102,Liam Carter,Sales,2,Delivered
SMS-503221,2026-08-27T13:35:54.000Z,Outbound,+1415555402,+14159733404,Lucas Bennett,Customer Success,2,Delivered
SMS-503222,2026-08-27T14:05:28.000Z,Outbound,+1415555202,+13058120930,Ethan Walker,Customer Support,1,Delivered
SMS-503223,2026-08-27T13:34:17.000Z,Inbound,+13055953970,+1415555502,Grace Lindqvist,IT Helpdesk,3,Delivered
SMS-503224,2026-08-27T15:28:28.000Z,Inbound,+12063481940,+1415555403,Amelia Foster,Customer Success,1,Delivered
SMS-503225,2026-08-27T13:02:56.000Z,Inbound,+13126800806,+1415555202,Ethan Walker,Customer Support,2,Delivered
SMS-503226,2026-08-27T13:02:50.000Z,Outbound,+1415555102,+13124089678,Liam Carter,Sales,3,Delivered
SMS-503227,2026-08-27T14:30:54.000Z,Inbound,+17028035002,+1415555201,Olivia Chen,Customer Support,1,Delivered
SMS-503228,2026-08-27T13:02:37.000Z,Inbound,+13124156424,+1415555403,Amelia Foster,Customer Success,2,Delivered
SMS-503229,2026-08-27T14:08:42.000Z,Outbound,+1415555104,+14804265328,Emma Rodriguez,Sales,3,Delivered
SMS-503230,2026-08-27T14:58:17.000Z,Inbound,+13059460043,+1415555102,Liam Carter,Sales,3,Delivered
SMS-503231,2026-08-27T12:42:53.000Z,Inbound,+13129209684,+1415555403,Amelia Foster,Customer Success,1,Delivered
SMS-503232,2026-08-27T13:26:20.000Z,Inbound,+14046249461,+1415555101,Ava Thompson,Sales,1,Delivered
SMS-503233,2026-08-27T14:03:02.000Z,Inbound,+15128358439,+1415555201,Olivia Chen,Customer Support,1,Delivered
SMS-503234,2026-08-27T14:11:48.000Z,Inbound,+12064447435,+1415555402,Lucas Bennett,Customer Success,2,Delivered
SMS-503235,2026-08-27T12:20:41.000Z,Inbound,+13122603972,+1415555403,Amelia Foster,Customer Success,3,Delivered
SMS-503236,2026-08-27T13:53:50.000Z,Outbound,+1415555301,+14155975412,James Whitfield,Billing,2,Delivered
SMS-503237,2026-08-27T12:58:56.000Z,Outbound,+1415555102,+13127889450,Liam Carter,Sales,1,Delivered
SMS-503238,2026-08-27T13:31:50.000Z,Inbound,+12064147819,+1415555402,Lucas Bennett,Customer Success,3,Delivered
SMS-503239,2026-08-27T14:19:04.000Z,Inbound,+12063499169,+1415555301,James Whitfield,Billing,1,Delivered
SMS-503240,2026-08-27T13:09:15.000Z,Inbound,+14045573978,+1415555203,Sophia Nguyen,Customer Support,1,Delivered
SMS-503241,2026-08-27T13:41:25.000Z,Inbound,+12064989414,+1415555502,Grace Lindqvist,IT Helpdesk,1,Delivered
SMS-503242,2026-08-27T12:13:57.000Z,Inbound,+15128996752,+1415555303,Benjamin Osei,Billing,1,Delivered
SMS-503243,2026-08-27T13:26:41.000Z,Inbound,+13057078115,+1415555103,Noah Patel,Sales,3,Delivered
SMS-503244,2026-08-27T13:12:26.000Z,Outbound,+1415555204,+16174812601,Mason Brooks,Customer Support,2,Delivered
SMS-503245,2026-08-27T12:21:26.000Z,Inbound,+12125252669,+1415555402,Lucas Bennett,Customer Success,1,Delivered
SMS-503246,2026-08-27T14:44:47.000Z,Inbound,+13123057779,+1415555205,Isabella Kim,Customer Support,1,Delivered
SMS-503247,2026-08-27T13:37:12.000Z,Outbound,+1415555301,+14045002119,James Whitfield,Billing,3,Delivered
SMS-503248,2026-08-27T13:26:25.000Z,Inbound,+12062413563,+1415555302,Mia Alvarez,Billing,3,Delivered
SMS-503249,2026-08-27T13:18:17.000Z,Outbound,+1415555103,+12128700913,Noah Patel,Sales,2,Delivered
SMS-503250,2026-08-27T11:40:10.000Z,Outbound,+1415555401,+17023605554,Charlotte Reyes,Customer Success,2,Delivered
SMS-503251,2026-08-27T12:00:04.000Z,Inbound,+14046429050,+1415555301,James Whitfield,Billing,3,Delivered
SMS-503252,2026-08-27T13:16:37.000Z,Inbound,+17029289377,+1415555104,Emma Rodriguez,Sales,3,Delivered
SMS-503253,2026-08-27T11:43:35.000Z,Inbound,+16172890149,+1415555102,Liam Carter,Sales,2,Delivered
SMS-503254,2026-08-27T12:37:52.000Z,Inbound,+13053995892,+1415555303,Benjamin Osei,Billing,2,Delivered
SMS-503255,2026-08-27T13:47:46.000Z,Outbound,+1415555101,+12127955862,Ava Thompson,Sales,3,Delivered
SMS-503256,2026-08-27T13:36:28.000Z,Inbound,+13058042018,+1415555403,Amelia Foster,Customer Success,3,Delivered
SMS-503257,2026-08-27T13:40:00.000Z,Inbound,+13123230113,+1415555402,Lucas Bennett,Customer Success,3,Delivered
SMS-503258,2026-08-27T14:43:13.000Z,Inbound,+14805881787,+1415555101,Ava Thompson,Sales,1,Delivered
SMS-503259,2026-08-27T15:20:35.000Z,Outbound,+1415555501,+14043750096,Henry Okafor,IT Helpdesk,1,Delivered
SMS-503260,2026-08-28T13:34:19.000Z,Inbound,+13129798699,+1415555102,Liam Carter,Sales,1,Delivered
SMS-503261,2026-08-28T12:23:24.000Z,Inbound,+13053582958,+1415555102,Liam Carter,Sales,3,Delivered
SMS-503262,2026-08-28T14:34:40.000Z,Inbound,+12127893943,+1415555104,Emma Rodriguez,Sales,1,Delivered
SMS-503263,2026-08-28T12:10:10.000Z,Outbound,+1415555104,+17028817529,Emma Rodriguez,Sales,1,Delivered
SMS-503264,2026-08-28T11:55:56.000Z,Inbound,+15125851335,+1415555302,Mia Alvarez,Billing,1,Delivered
SMS-503265,2026-08-28T13:30:23.000Z,Outbound,+1415555202,+13058677185,Ethan Walker,Customer Support,2,Delivered
SMS-503266,2026-08-28T13:42:07.000Z,Inbound,+16172321210,+1415555201,Olivia Chen,Customer Support,2,Delivered
SMS-503267,2026-08-28T14:25:51.000Z,Outbound,+1415555202,+14043368147,Ethan Walker,Customer Support,3,Delivered
SMS-503268,2026-08-28T12:43:52.000Z,Outbound,+1415555302,+12064847180,Mia Alvarez,Billing,3,Delivered
SMS-503269,2026-08-28T14:21:46.000Z,Outbound,+1415555104,+17028782598,Emma Rodriguez,Sales,1,Delivered
SMS-503270,2026-08-28T12:28:15.000Z,Inbound,+12067464184,+1415555401,Charlotte Reyes,Customer Success,1,Delivered
SMS-503271,2026-08-28T12:04:28.000Z,Inbound,+12126355825,+1415555403,Amelia Foster,Customer Success,1,Delivered
SMS-503272,2026-08-28T14:15:51.000Z,Inbound,+17029329615,+1415555403,Amelia Foster,Customer Success,1,Delivered
SMS-503273,2026-08-28T13:41:10.000Z,Inbound,+14803336870,+1415555401,Charlotte Reyes,Customer Success,1,Delivered
SMS-503274,2026-08-28T13:29:10.000Z,Inbound,+16175127331,+1415555203,Sophia Nguyen,Customer Support,1,Delivered
SMS-503275,2026-08-28T13:03:41.000Z,Outbound,+1415555203,+13055520601,Sophia Nguyen,Customer Support,1,Delivered
SMS-503276,2026-08-28T12:16:40.000Z,Inbound,+13124713720,+1415555104,Emma Rodriguez,Sales,3,Delivered
SMS-503277,2026-08-28T12:42:01.000Z,Inbound,+14805197494,+1415555204,Mason Brooks,Customer Support,2,Pending
SMS-503278,2026-08-28T13:08:28.000Z,Outbound,+1415555102,+16178566054,Liam Carter,Sales,1,Delivered
SMS-503279,2026-08-28T14:51:47.000Z,Outbound,+1415555402,+16176430684,Lucas Bennett,Customer Success,3,Delivered
SMS-503280,2026-08-28T12:46:53.000Z,Inbound,+16178411195,+1415555205,Isabella Kim,Customer Support,3,Delivered
SMS-503281,2026-08-28T13:08:41.000Z,Outbound,+1415555401,+13056767228,Charlotte Reyes,Customer Success,3,Delivered
SMS-503282,2026-08-28T14:09:23.000Z,Inbound,+14049200352,+1415555303,Benjamin Osei,Billing,1,Pending
SMS-503283,2026-08-28T12:09:44.000Z,Outbound,+1415555302,+17022756993,Mia Alvarez,Billing,3,Delivered
SMS-503284,2026-08-28T13:27:07.000Z,Inbound,+16172855190,+1415555205,Isabella Kim,Customer Support,3,Delivered
SMS-503285,2026-08-28T12:34:58.000Z,Outbound,+1415555203,+16175856662,Sophia Nguyen,Customer Support,1,Delivered
SMS-503286,2026-08-28T12:33:02.000Z,Outbound,+1415555402,+15123365259,Lucas Bennett,Customer Success,2,Delivered
SMS-503287,2026-08-28T13:13:09.000Z,Outbound,+1415555104,+17027876381,Emma Rodriguez,Sales,3,Delivered
SMS-503288,2026-08-28T13:23:46.000Z,Outbound,+1415555101,+14044180599,Ava Thompson,Sales,1,Delivered
SMS-503289,2026-08-28T14:11:52.000Z,Inbound,+14158015046,+1415555303,Benjamin Osei,Billing,2,Delivered
SMS-503290,2026-08-28T12:42:50.000Z,Inbound,+15127056026,+1415555101,Ava Thompson,Sales,2,Delivered
SMS-503291,2026-08-28T13:38:17.000Z,Outbound,+1415555205,+14048681597,Isabella Kim,Customer Support,2,Delivered
SMS-503292,2026-08-28T11:36:26.000Z,Outbound,+1415555205,+13058455338,Isabella Kim,Customer Support,3,Delivered
SMS-503293,2026-08-28T13:29:19.000Z,Inbound,+14804673885,+1415555302,Mia Alvarez,Billing,3,Delivered
SMS-503294,2026-08-28T15:18:14.000Z,Inbound,+16178741363,+1415555502,Grace Lindqvist,IT Helpdesk,2,Failed
SMS-503295,2026-08-28T13:55:33.000Z,Inbound,+12069797251,+1415555301,James Whitfield,Billing,1,Delivered
SMS-503296,2026-08-28T12:29:00.000Z,Outbound,+1415555401,+14153289867,Charlotte Reyes,Customer Success,1,Failed
SMS-503297,2026-08-28T13:28:19.000Z,Inbound,+14047081565,+1415555502,Grace Lindqvist,IT Helpdesk,2,Delivered
SMS-503298,2026-08-28T15:20:18.000Z,Inbound,+15126007644,+1415555204,Mason Brooks,Customer Support,2,Failed
SMS-503299,2026-08-28T12:26:34.000Z,Outbound,+1415555402,+14806009023,Lucas Bennett,Customer Success,3,Delivered
SMS-503300,2026-08-28T12:25:17.000Z,Inbound,+14048907843,+1415555102,Liam Carter,Sales,3,Delivered
SMS-503301,2026-08-28T13:50:23.000Z,Inbound,+12129150615,+1415555402,Lucas Bennett,Customer Success,2,Delivered
SMS-503302,2026-08-28T12:12:30.000Z,Outbound,+1415555103,+17024083050,Noah Patel,Sales,1,Delivered
SMS-503303,2026-08-28T14:29:30.000Z,Inbound,+14805722607,+1415555205,Isabella Kim,Customer Support,1,Delivered
SMS-503304,2026-08-28T13:18:16.000Z,Inbound,+16172462109,+1415555403,Amelia Foster,Customer Success,3,Delivered
SMS-503305,2026-08-28T12:32:39.000Z,Inbound,+12126796039,+1415555201,Olivia Chen,Customer Support,2,Failed
SMS-503306,2026-08-28T12:57:29.000Z,Inbound,+17027267443,+1415555502,Grace Lindqvist,IT Helpdesk,3,Delivered
SMS-503307,2026-08-28T13:42:36.000Z,Inbound,+13053236135,+1415555102,Liam Carter,Sales,1,Delivered
SMS-503308,2026-08-28T12:51:22.000Z,Outbound,+1415555302,+15127956523,Mia Alvarez,Billing,1,Delivered
SMS-503309,2026-08-28T12:29:31.000Z,Inbound,+14043398542,+1415555301,James Whitfield,Billing,1,Delivered
SMS-503310,2026-08-28T13:48:16.000Z,Outbound,+1415555203,+14805481120,Sophia Nguyen,Customer Support,2,Delivered
SMS-503311,2026-08-28T14:16:53.000Z,Outbound,+1415555301,+17027471726,James Whitfield,Billing,1,Delivered
SMS-503312,2026-08-28T13:56:30.000Z,Inbound,+12067142699,+1415555201,Olivia Chen,Customer Support,3,Delivered
SMS-503313,2026-08-28T14:54:25.000Z,Outbound,+1415555204,+14044498836,Mason Brooks,Customer Support,3,Failed
SMS-503314,2026-08-28T13:19:33.000Z,Inbound,+14805593930,+1415555202,Ethan Walker,Customer Support,2,Delivered
SMS-503315,2026-08-28T13:31:29.000Z,Inbound,+14802691521,+1415555204,Mason Brooks,Customer Support,3,Delivered
SMS-503316,2026-08-28T13:46:59.000Z,Inbound,+12126911965,+1415555202,Ethan Walker,Customer Support,2,Delivered
SMS-503317,2026-08-28T14:44:59.000Z,Inbound,+12127336464,+1415555202,Ethan Walker,Customer Support,3,Delivered
SMS-503318,2026-08-28T13:52:55.000Z,Inbound,+14154248493,+1415555103,Noah Patel,Sales,1,Delivered
SMS-503319,2026-08-28T13:04:33.000Z,Inbound,+16172466351,+1415555403,Amelia Foster,Customer Success,1,Delivered
SMS-503320,2026-08-28T11:24:11.000Z,Outbound,+1415555502,+13122441293,Grace Lindqvist,IT Helpdesk,3,Pending
SMS-503321,2026-08-28T13:12:22.000Z,Inbound,+15122743455,+1415555103,Noah Patel,Sales,3,Delivered
SMS-503322,2026-08-28T13:47:32.000Z,Outbound,+1415555403,+14049458095,Amelia Foster,Customer Success,2,Delivered
SMS-503323,2026-08-28T13:11:09.000Z,Inbound,+16175965462,+1415555101,Ava Thompson,Sales,1,Delivered
SMS-503324,2026-08-28T13:27:42.000Z,Outbound,+1415555101,+14159159207,Ava Thompson,Sales,2,Delivered
SMS-503325,2026-08-28T14:04:05.000Z,Inbound,+17026630077,+1415555102,Liam Carter,Sales,1,Pending
SMS-503326,2026-08-28T12:48:12.000Z,Outbound,+1415555401,+13059398252,Charlotte Reyes,Customer Success,1,Delivered
SMS-503327,2026-08-28T13:30:19.000Z,Outbound,+1415555502,+12062474797,Grace Lindqvist,IT Helpdesk,1,Delivered
SMS-503328,2026-08-28T13:20:55.000Z,Inbound,+13122017415,+1415555502,Grace Lindqvist,IT Helpdesk,3,Delivered
SMS-503329,2026-08-28T14:10:22.000Z,Inbound,+16175725593,+1415555101,Ava Thompson,Sales,2,Delivered
SMS-503330,2026-08-28T15:47:37.000Z,Inbound,+14803781244,+1415555301,James Whitfield,Billing,3,Delivered
SMS-503331,2026-08-28T14:04:33.000Z,Inbound,+12069323743,+1415555205,Isabella Kim,Customer Support,2,Pending
SMS-503332,2026-08-28T15:00:06.000Z,Inbound,+12122524271,+1415555201,Olivia Chen,Customer Support,3,Delivered
SMS-503333,2026-08-28T12:17:03.000Z,Outbound,+1415555402,+15125377145,Lucas Bennett,Customer Success,1,Delivered
SMS-503334,2026-08-28T15:38:00.000Z,Inbound,+13125754455,+1415555203,Sophia Nguyen,Customer Support,2,Delivered
SMS-503335,2026-08-28T12:08:12.000Z,Inbound,+14154639743,+1415555401,Charlotte Reyes,Customer Success,1,Delivered
SMS-503336,2026-08-28T14:53:57.000Z,Outbound,+1415555205,+15124371644,Isabella Kim,Customer Support,2,Delivered
SMS-503337,2026-08-28T11:58:07.000Z,Inbound,+12123789559,+1415555501,Henry Okafor,IT Helpdesk,2,Delivered
SMS-503338,2026-08-28T14:49:37.000Z,Outbound,+1415555303,+13127505600,Benjamin Osei,Billing,1,Delivered
SMS-503339,2026-08-28T14:04:43.000Z,Outbound,+1415555103,+13122719499,Noah Patel,Sales,2,Delivered
SMS-503340,2026-08-28T14:20:31.000Z,Outbound,+1415555301,+12062471026,James Whitfield,Billing,3,Delivered
SMS-503341,2026-08-28T13:19:48.000Z,Inbound,+17025966943,+1415555402,Lucas Bennett,Customer Success,2,Pending
SMS-503342,2026-08-28T14:46:51.000Z,Inbound,+17025140575,+1415555104,Emma Rodriguez,Sales,1,Delivered
SMS-503343,2026-08-28T13:43:04.000Z,Inbound,+12128186403,+1415555102,Liam Carter,Sales,3,Delivered
SMS-503344,2026-08-28T11:53:16.000Z,Outbound,+1415555201,+16174349206,Olivia Chen,Customer Support,1,Pending
SMS-503345,2026-08-28T14:54:40.000Z,Outbound,+1415555302,+15128487929,Mia Alvarez,Billing,2,Delivered
SMS-503346,2026-08-28T13:16:34.000Z,Inbound,+14043115520,+1415555204,Mason Brooks,Customer Support,3,Delivered
SMS-503347,2026-08-28T13:01:18.000Z,Inbound,+14155792168,+1415555202,Ethan Walker,Customer Support,1,Delivered
SMS-503348,2026-08-28T13:17:19.000Z,Inbound,+17023871930,+1415555303,Benjamin Osei,Billing,1,Pending
SMS-503349,2026-08-28T12:49:49.000Z,Outbound,+1415555104,+17024625653,Emma Rodriguez,Sales,2,Delivered
SMS-503350,2026-08-28T12:11:15.000Z,Inbound,+17028451168,+1415555204,Mason Brooks,Customer Support,2,Delivered
SMS-503351,2026-08-28T13:47:03.000Z,Inbound,+14804979605,+1415555501,Henry Okafor,IT Helpdesk,2,Pending
SMS-503352,2026-08-28T15:49:44.000Z,Inbound,+12125221330,+1415555502,Grace Lindqvist,IT Helpdesk,1,Delivered
SMS-503353,2026-08-28T14:28:12.000Z,Inbound,+16175054052,+1415555401,Charlotte Reyes,Customer Success,3,Delivered
SMS-503354,2026-08-28T15:45:26.000Z,Inbound,+12125227711,+1415555103,Noah Patel,Sales,3,Delivered
SMS-503355,2026-08-28T13:43:43.000Z,Inbound,+16172878280,+1415555205,Isabella Kim,Customer Support,2,Failed
SMS-503356,2026-08-28T13:11:42.000Z,Inbound,+15125586911,+1415555501,Henry Okafor,IT Helpdesk,1,Delivered
SMS-503357,2026-08-28T12:54:54.000Z,Inbound,+13059274053,+1415555502,Grace Lindqvist,IT Helpdesk,3,Delivered
SMS-503358,2026-08-28T13:04:32.000Z,Inbound,+13053037243,+1415555204,Mason Brooks,Customer Support,2,Delivered
SMS-503359,2026-08-28T11:23:34.000Z,Inbound,+15126541578,+1415555302,Mia Alvarez,Billing,3,Delivered
SMS-503360,2026-08-28T13:48:55.000Z,Inbound,+12065093963,+1415555301,James Whitfield,Billing,3,Delivered
SMS-503361,2026-08-28T14:03:52.000Z,Outbound,+1415555101,+15128023297,Ava Thompson,Sales,2,Delivered
SMS-503362,2026-08-28T11:49:30.000Z,Outbound,+1415555302,+17024723312,Mia Alvarez,Billing,1,Delivered
SMS-503363,2026-08-28T12:56:51.000Z,Outbound,+1415555101,+12122348584,Ava Thompson,Sales,1,Delivered
SMS-503364,2026-08-28T13:34:35.000Z,Outbound,+1415555501,+15127431657,Henry Okafor,IT Helpdesk,3,Delivered
SMS-503365,2026-08-28T14:16:18.000Z,Outbound,+1415555401,+16175716468,Charlotte Reyes,Customer Success,1,Delivered
SMS-503366,2026-08-28T14:39:52.000Z,Inbound,+16174371528,+1415555204,Mason Brooks,Customer Support,3,Delivered
SMS-503367,2026-08-29T12:58:28.000Z,Inbound,+12125787904,+1415555403,Amelia Foster,Customer Success,3,Delivered
SMS-503368,2026-08-29T14:24:35.000Z,Outbound,+1415555302,+15127370521,Mia Alvarez,Billing,3,Failed
SMS-503369,2026-08-29T12:25:57.000Z,Inbound,+15125581505,+1415555501,Henry Okafor,IT Helpdesk,3,Delivered
SMS-503370,2026-08-29T13:14:27.000Z,Inbound,+12065537966,+1415555301,James Whitfield,Billing,3,Delivered
SMS-503371,2026-08-29T12:33:49.000Z,Inbound,+13129303295,+1415555501,Henry Okafor,IT Helpdesk,2,Failed
SMS-503372,2026-08-29T14:32:46.000Z,Outbound,+1415555401,+12067064645,Charlotte Reyes,Customer Success,1,Delivered
SMS-503373,2026-08-29T14:03:09.000Z,Outbound,+1415555201,+12065845225,Olivia Chen,Customer Support,2,Delivered
SMS-503374,2026-08-29T13:03:54.000Z,Outbound,+1415555301,+13055963464,James Whitfield,Billing,1,Delivered
SMS-503375,2026-08-29T14:04:34.000Z,Inbound,+15122271644,+1415555102,Liam Carter,Sales,2,Delivered
SMS-503376,2026-08-29T14:05:00.000Z,Inbound,+13054388479,+1415555101,Ava Thompson,Sales,3,Pending
SMS-503377,2026-08-29T11:02:50.000Z,Inbound,+12123001860,+1415555205,Isabella Kim,Customer Support,3,Delivered
SMS-503378,2026-08-29T13:43:48.000Z,Outbound,+1415555401,+14158007739,Charlotte Reyes,Customer Success,2,Delivered
SMS-503379,2026-08-29T11:01:35.000Z,Outbound,+1415555201,+14048463367,Olivia Chen,Customer Support,1,Delivered
SMS-503380,2026-08-29T13:13:59.000Z,Outbound,+1415555204,+12128323487,Mason Brooks,Customer Support,1,Delivered
SMS-503381,2026-08-30T14:08:59.000Z,Inbound,+16175486435,+1415555201,Olivia Chen,Customer Support,1,Delivered
SMS-503382,2026-08-30T14:00:47.000Z,Outbound,+1415555403,+12068398355,Amelia Foster,Customer Success,2,Delivered
SMS-503383,2026-08-30T13:11:22.000Z,Inbound,+17028723960,+1415555403,Amelia Foster,Customer Success,1,Delivered
SMS-503384,2026-08-30T14:24:45.000Z,Outbound,+1415555205,+12064792353,Isabella Kim,Customer Support,3,Delivered
SMS-503385,2026-08-30T12:04:00.000Z,Inbound,+13126263015,+1415555501,Henry Okafor,IT Helpdesk,3,Delivered
SMS-503386,2026-08-30T14:48:23.000Z,Inbound,+14156510119,+1415555204,Mason Brooks,Customer Support,3,Delivered
SMS-503387,2026-08-30T11:46:51.000Z,Inbound,+15128648502,+1415555303,Benjamin Osei,Billing,3,Delivered
SMS-503388,2026-08-30T12:55:07.000Z,Outbound,+1415555102,+13125519226,Liam Carter,Sales,1,Delivered
SMS-503389,2026-08-30T15:53:57.000Z,Inbound,+12125179346,+1415555403,Amelia Foster,Customer Success,1,Delivered
SMS-503390,2026-08-30T14:27:55.000Z,Inbound,+15125909922,+1415555401,Charlotte Reyes,Customer Success,2,Delivered
SMS-503391,2026-08-30T13:14:53.000Z,Inbound,+14044766388,+1415555205,Isabella Kim,Customer Support,3,Delivered
SMS-503392,2026-08-30T13:18:31.000Z,Inbound,+14155333378,+1415555202,Ethan Walker,Customer Support,1,Delivered
SMS-503393,2026-08-30T12:12:54.000Z,Inbound,+12069199315,+1415555301,James Whitfield,Billing,3,Delivered
SMS-503394,2026-08-30T12:12:42.000Z,Inbound,+17026778171,+1415555102,Liam Carter,Sales,3,Delivered
SMS-503395,2026-08-30T13:40:12.000Z,Outbound,+1415555302,+14803819650,Mia Alvarez,Billing,3,Delivered
SMS-503396,2026-08-30T14:06:55.000Z,Inbound,+12123251300,+1415555102,Liam Carter,Sales,2,Delivered
SMS-503397,2026-08-30T15:59:16.000Z,Outbound,+1415555301,+13122716588,James Whitfield,Billing,3,Delivered
SMS-503398,2026-08-30T12:12:10.000Z,Inbound,+15127804515,+1415555204,Mason Brooks,Customer Support,2,Delivered
SMS-503399,2026-08-30T12:54:29.000Z,Inbound,+14805475971,+1415555203,Sophia Nguyen,Customer Support,3,Delivered
SMS-503400,2026-08-30T14:07:04.000Z,Inbound,+14156238350,+1415555203,Sophia Nguyen,Customer Support,1,Delivered
SMS-503401,2026-08-30T13:37:46.000Z,Inbound,+15128764452,+1415555203,Sophia Nguyen,Customer Support,1,Failed
SMS-503402,2026-08-30T12:47:15.000Z,Inbound,+17025071967,+1415555204,Mason Brooks,Customer Support,3,Delivered
SMS-503403,2026-08-30T12:35:57.000Z,Inbound,+16179222513,+1415555403,Amelia Foster,Customer Success,2,Delivered
SMS-503404,2026-08-31T14:18:57.000Z,Inbound,+13125600487,+1415555302,Mia Alvarez,Billing,3,Delivered
SMS-503405,2026-08-31T14:38:27.000Z,Outbound,+1415555101,+14046378168,Ava Thompson,Sales,2,Delivered
SMS-503406,2026-08-31T13:49:58.000Z,Inbound,+14046634816,+1415555303,Benjamin Osei,Billing,1,Delivered
SMS-503407,2026-08-31T12:01:29.000Z,Inbound,+14044759322,+1415555201,Olivia Chen,Customer Support,1,Delivered
SMS-503408,2026-08-31T13:02:12.000Z,Outbound,+1415555301,+16176792724,James Whitfield,Billing,1,Delivered
SMS-503409,2026-08-31T11:08:55.000Z,Inbound,+13124996064,+1415555101,Ava Thompson,Sales,1,Delivered
SMS-503410,2026-08-31T12:47:40.000Z,Outbound,+1415555104,+14044605839,Emma Rodriguez,Sales,2,Delivered
SMS-503411,2026-08-31T13:01:49.000Z,Outbound,+1415555202,+13052863991,Ethan Walker,Customer Support,3,Failed
SMS-503412,2026-08-31T13:59:02.000Z,Outbound,+1415555201,+12063358150,Olivia Chen,Customer Support,3,Pending
SMS-503413,2026-08-31T13:49:07.000Z,Outbound,+1415555203,+14809736937,Sophia Nguyen,Customer Support,2,Delivered
SMS-503414,2026-08-31T11:32:16.000Z,Inbound,+14807761748,+1415555501,Henry Okafor,IT Helpdesk,1,Delivered
SMS-503415,2026-08-31T12:40:37.000Z,Inbound,+16177197533,+1415555205,Isabella Kim,Customer Support,3,Delivered
SMS-503416,2026-08-31T14:44:49.000Z,Outbound,+1415555401,+13058821535,Charlotte Reyes,Customer Success,2,Delivered
SMS-503417,2026-08-31T13:01:28.000Z,Inbound,+16174887278,+1415555101,Ava Thompson,Sales,3,Delivered
SMS-503418,2026-08-31T13:35:07.000Z,Inbound,+15127236263,+1415555303,Benjamin Osei,Billing,1,Delivered
SMS-503419,2026-08-31T14:58:38.000Z,Outbound,+1415555201,+12125970787,Olivia Chen,Customer Support,2,Delivered
SMS-503420,2026-08-31T12:43:19.000Z,Inbound,+13059007042,+1415555101,Ava Thompson,Sales,1,Delivered
SMS-503421,2026-08-31T13:55:56.000Z,Inbound,+14153687077,+1415555102,Liam Carter,Sales,1,Delivered
SMS-503422,2026-08-31T14:48:38.000Z,Inbound,+15125758612,+1415555303,Benjamin Osei,Billing,3,Delivered
SMS-503423,2026-08-31T12:48:34.000Z,Inbound,+14804543525,+1415555103,Noah Patel,Sales,3,Delivered
SMS-503424,2026-08-31T13:41:00.000Z,Inbound,+16174186685,+1415555101,Ava Thompson,Sales,2,Delivered
SMS-503425,2026-08-31T13:19:06.000Z,Inbound,+17024133548,+1415555502,Grace Lindqvist,IT Helpdesk,3,Delivered
SMS-503426,2026-08-31T14:55:46.000Z,Inbound,+17028701565,+1415555203,Sophia Nguyen,Customer Support,1,Delivered
SMS-503427,2026-08-31T13:37:48.000Z,Inbound,+15129280172,+1415555402,Lucas Bennett,Customer Success,3,Delivered
SMS-503428,2026-08-31T14:35:18.000Z,Outbound,+1415555301,+16172750591,James Whitfield,Billing,3,Delivered
SMS-503429,2026-08-31T13:31:41.000Z,Inbound,+17028599056,+1415555401,Charlotte Reyes,Customer Success,1,Delivered
SMS-503430,2026-08-31T12:15:32.000Z,Outbound,+1415555301,+13053169913,James Whitfield,Billing,1,Delivered
SMS-503431,2026-08-31T14:16:14.000Z,Inbound,+13128070154,+1415555402,Lucas Bennett,Customer Success,3,Delivered
SMS-503432,2026-08-31T12:07:56.000Z,Outbound,+1415555502,+12122036158,Grace Lindqvist,IT Helpdesk,1,Failed
SMS-503433,2026-08-31T13:19:29.000Z,Outbound,+1415555403,+12064657844,Amelia Foster,Customer Success,1,Delivered
SMS-503434,2026-08-31T13:30:10.000Z,Outbound,+1415555401,+17023638918,Charlotte Reyes,Customer Success,3,Delivered
SMS-503435,2026-08-31T15:09:16.000Z,Inbound,+13127952463,+1415555203,Sophia Nguyen,Customer Support,1,Delivered
SMS-503436,2026-08-31T13:12:08.000Z,Inbound,+14807098993,+1415555204,Mason Brooks,Customer Support,1,Delivered
SMS-503437,2026-08-31T14:38:09.000Z,Outbound,+1415555104,+16174007996,Emma Rodriguez,Sales,2,Delivered
SMS-503438,2026-08-31T13:38:13.000Z,Outbound,+1415555502,+14156455282,Grace Lindqvist,IT Helpdesk,1,Delivered
SMS-503439,2026-08-31T12:11:39.000Z,Inbound,+12122617418,+1415555303,Benjamin Osei,Billing,1,Delivered
SMS-503440,2026-08-31T13:20:41.000Z,Outbound,+1415555502,+15128064875,Grace Lindqvist,IT Helpdesk,1,Delivered
SMS-503441,2026-08-31T13:01:22.000Z,Inbound,+15127320780,+1415555203,Sophia Nguyen,Customer Support,1,Delivered
SMS-503442,2026-08-31T13:04:05.000Z,Outbound,+1415555201,+14805466820,Olivia Chen,Customer Support,1,Delivered
SMS-503443,2026-08-31T13:58:07.000Z,Outbound,+1415555402,+14808644388,Lucas Bennett,Customer Success,3,Delivered
SMS-503444,2026-08-31T13:56:09.000Z,Inbound,+12129229931,+1415555204,Mason Brooks,Customer Support,1,Delivered
SMS-503445,2026-08-31T13:23:01.000Z,Inbound,+15127285213,+1415555203,Sophia Nguyen,Customer Support,1,Delivered
SMS-503446,2026-08-31T13:13:12.000Z,Outbound,+1415555301,+12123503370,James Whitfield,Billing,2,Delivered
SMS-503447,2026-08-31T13:47:17.000Z,Inbound,+13123184699,+1415555205,Isabella Kim,Customer Support,2,Delivered
SMS-503448,2026-08-31T13:16:52.000Z,Outbound,+1415555104,+14049003090,Emma Rodriguez,Sales,1,Delivered
SMS-503449,2026-08-31T12:55:57.000Z,Outbound,+1415555303,+14047248626,Benjamin Osei,Billing,1,Failed
SMS-503450,2026-08-31T11:24:23.000Z,Inbound,+12129320519,+1415555301,James Whitfield,Billing,3,Delivered
SMS-503451,2026-08-31T12:24:42.000Z,Inbound,+14154246457,+1415555102,Liam Carter,Sales,1,Delivered
SMS-503452,2026-08-31T13:16:18.000Z,Outbound,+1415555103,+13125199508,Noah Patel,Sales,3,Delivered
SMS-503453,2026-08-31T13:50:47.000Z,Inbound,+17028635705,+1415555501,Henry Okafor,IT Helpdesk,3,Delivered
SMS-503454,2026-08-31T12:13:12.000Z,Outbound,+1415555403,+13053693712,Amelia Foster,Customer Success,3,Delivered
SMS-503455,2026-08-31T12:59:56.000Z,Inbound,+13056698607,+1415555101,Ava Thompson,Sales,1,Delivered
SMS-503456,2026-08-31T13:18:13.000Z,Inbound,+14803981945,+1415555202,Ethan Walker,Customer Support,3,Delivered
SMS-503457,2026-08-31T12:07:54.000Z,Outbound,+1415555501,+13055999015,Henry Okafor,IT Helpdesk,3,Delivered
SMS-503458,2026-08-31T12:00:44.000Z,Outbound,+1415555202,+17028707625,Ethan Walker,Customer Support,1,Delivered
SMS-503459,2026-08-31T13:29:31.000Z,Inbound,+13058319192,+1415555402,Lucas Bennett,Customer Success,3,Delivered
SMS-503460,2026-08-31T11:04:20.000Z,Outbound,+1415555102,+13057912745,Liam Carter,Sales,1,Delivered
SMS-503461,2026-08-31T13:04:53.000Z,Outbound,+1415555202,+15127669064,Ethan Walker,Customer Support,1,Delivered
SMS-503462,2026-08-31T14:52:58.000Z,Outbound,+1415555403,+16179269792,Amelia Foster,Customer Success,3,Pending
SMS-503463,2026-08-31T13:09:03.000Z,Inbound,+14045652950,+1415555403,Amelia Foster,Customer Success,3,Delivered
SMS-503464,2026-08-31T13:56:12.000Z,Outbound,+1415555201,+12126811385,Olivia Chen,Customer Support,3,Delivered
SMS-503465,2026-08-31T12:49:58.000Z,Inbound,+13059401872,+1415555402,Lucas Bennett,Customer Success,3,Delivered
SMS-503466,2026-08-31T14:42:02.000Z,Outbound,+1415555403,+17028154447,Amelia Foster,Customer Success,3,Delivered
SMS-503467,2026-08-31T12:41:29.000Z,Inbound,+13128414163,+1415555104,Emma Rodriguez,Sales,3,Delivered
SMS-503468,2026-08-31T13:25:25.000Z,Outbound,+1415555501,+14802743959,Henry Okafor,IT Helpdesk,2,Delivered
SMS-503469,2026-08-31T13:47:45.000Z,Inbound,+13054224341,+1415555403,Amelia Foster,Customer Success,3,Failed
SMS-503470,2026-08-31T12:34:12.000Z,Outbound,+1415555101,+13058385901,Ava Thompson,Sales,1,Delivered
SMS-503471,2026-08-31T13:41:26.000Z,Inbound,+14153748858,+1415555104,Emma Rodriguez,Sales,1,Delivered
SMS-503472,2026-08-31T14:07:45.000Z,Inbound,+14045616696,+1415555502,Grace Lindqvist,IT Helpdesk,3,Delivered
SMS-503473,2026-08-31T14:12:37.000Z,Inbound,+17024661588,+1415555501,Henry Okafor,IT Helpdesk,1,Delivered
SMS-503474,2026-08-31T14:17:19.000Z,Outbound,+1415555103,+14157395073,Noah Patel,Sales,1,Delivered
SMS-503475,2026-08-31T13:44:17.000Z,Inbound,+13058662522,+1415555203,Sophia Nguyen,Customer Support,1,Delivered
SMS-503476,2026-08-31T12:47:01.000Z,Inbound,+14152606974,+1415555204,Mason Brooks,Customer Support,3,Delivered
SMS-503477,2026-08-31T11:19:34.000Z,Inbound,+13056537474,+1415555501,Henry Okafor,IT Helpdesk,2,Delivered
SMS-503478,2026-08-31T14:09:53.000Z,Inbound,+13058671446,+1415555403,Amelia Foster,Customer Success,1,Delivered
SMS-503479,2026-08-31T13:03:46.000Z,Outbound,+1415555502,+12125985255,Grace Lindqvist,IT Helpdesk,1,Delivered
SMS-503480,2026-08-31T13:21:20.000Z,Outbound,+1415555101,+17022339688,Ava Thompson,Sales,2,Delivered
SMS-503481,2026-08-31T13:18:05.000Z,Inbound,+17029564774,+1415555201,Olivia Chen,Customer Support,1,Delivered
SMS-503482,2026-08-31T13:18:26.000Z,Outbound,+1415555401,+16175649523,Charlotte Reyes,Customer Success,2,Delivered
SMS-503483,2026-08-31T13:23:13.000Z,Outbound,+1415555203,+16174921623,Sophia Nguyen,Customer Support,3,Delivered
SMS-503484,2026-08-31T11:12:03.000Z,Inbound,+12126576382,+1415555403,Amelia Foster,Customer Success,3,Delivered
SMS-503485,2026-09-01T14:34:20.000Z,Inbound,+13129849748,+1415555204,Mason Brooks,Customer Support,1,Delivered
SMS-503486,2026-09-01T12:05:24.000Z,Inbound,+14047030187,+1415555401,Charlotte Reyes,Customer Success,2,Pending
SMS-503487,2026-09-01T11:57:33.000Z,Inbound,+15128816772,+1415555205,Isabella Kim,Customer Support,3,Delivered
SMS-503488,2026-09-01T14:41:09.000Z,Outbound,+1415555201,+16179351149,Olivia Chen,Customer Support,2,Delivered
SMS-503489,2026-09-01T12:35:03.000Z,Inbound,+12122679672,+1415555302,Mia Alvarez,Billing,2,Delivered
SMS-503490,2026-09-01T12:12:13.000Z,Outbound,+1415555101,+12126622003,Ava Thompson,Sales,3,Delivered
SMS-503491,2026-09-01T12:09:33.000Z,Inbound,+13125919899,+1415555102,Liam Carter,Sales,2,Delivered
SMS-503492,2026-09-01T12:40:06.000Z,Inbound,+12129683895,+1415555101,Ava Thompson,Sales,3,Delivered
SMS-503493,2026-09-01T12:31:50.000Z,Inbound,+14049375659,+1415555403,Amelia Foster,Customer Success,3,Delivered
SMS-503494,2026-09-01T12:04:58.000Z,Outbound,+1415555103,+15123077741,Noah Patel,Sales,1,Delivered
SMS-503495,2026-09-01T15:42:14.000Z,Inbound,+13059008008,+1415555303,Benjamin Osei,Billing,3,Delivered
SMS-503496,2026-09-01T14:06:01.000Z,Inbound,+17028059245,+1415555402,Lucas Bennett,Customer Success,2,Delivered
SMS-503497,2026-09-01T12:32:44.000Z,Inbound,+14805704486,+1415555502,Grace Lindqvist,IT Helpdesk,1,Delivered
SMS-503498,2026-09-01T13:27:08.000Z,Inbound,+13129632563,+1415555102,Liam Carter,Sales,1,Delivered
SMS-503499,2026-09-01T12:26:51.000Z,Outbound,+1415555401,+13057070397,Charlotte Reyes,Customer Success,3,Delivered
SMS-503500,2026-09-01T13:35:13.000Z,Outbound,+1415555205,+14046772536,Isabella Kim,Customer Support,2,Delivered
SMS-503501,2026-09-01T13:01:25.000Z,Outbound,+1415555301,+14045024323,James Whitfield,Billing,1,Delivered
SMS-503502,2026-09-01T14:26:38.000Z,Outbound,+1415555202,+12069484283,Ethan Walker,Customer Support,1,Delivered
SMS-503503,2026-09-01T13:30:07.000Z,Inbound,+13052904523,+1415555205,Isabella Kim,Customer Support,2,Delivered
SMS-503504,2026-09-01T13:26:05.000Z,Outbound,+1415555205,+14159509121,Isabella Kim,Customer Support,2,Delivered
SMS-503505,2026-09-01T12:19:37.000Z,Outbound,+1415555201,+13054481353,Olivia Chen,Customer Support,2,Delivered
SMS-503506,2026-09-01T13:25:25.000Z,Outbound,+1415555202,+14805474426,Ethan Walker,Customer Support,1,Delivered
SMS-503507,2026-09-01T12:04:09.000Z,Outbound,+1415555204,+13054683624,Mason Brooks,Customer Support,3,Delivered
SMS-503508,2026-09-01T13:28:14.000Z,Inbound,+13125339068,+1415555302,Mia Alvarez,Billing,2,Delivered
SMS-503509,2026-09-01T13:20:38.000Z,Outbound,+1415555402,+13125976792,Lucas Bennett,Customer Success,3,Delivered
SMS-503510,2026-09-01T12:32:47.000Z,Inbound,+17022440636,+1415555202,Ethan Walker,Customer Support,2,Delivered
SMS-503511,2026-09-01T13:07:12.000Z,Outbound,+1415555204,+12066224513,Mason Brooks,Customer Support,3,Delivered
SMS-503512,2026-09-01T12:21:26.000Z,Inbound,+13055740990,+1415555403,Amelia Foster,Customer Success,1,Delivered
SMS-503513,2026-09-01T14:07:40.000Z,Outbound,+1415555303,+12068667702,Benjamin Osei,Billing,1,Delivered
SMS-503514,2026-09-01T13:26:50.000Z,Outbound,+1415555204,+14154947806,Mason Brooks,Customer Support,3,Delivered
SMS-503515,2026-09-01T14:17:34.000Z,Inbound,+14043629608,+1415555103,Noah Patel,Sales,2,Pending
SMS-503516,2026-09-01T13:39:39.000Z,Inbound,+13123647781,+1415555201,Olivia Chen,Customer Support,2,Delivered
SMS-503517,2026-09-01T12:02:20.000Z,Inbound,+17022430515,+1415555303,Benjamin Osei,Billing,1,Delivered
SMS-503518,2026-09-01T13:45:24.000Z,Inbound,+16175284574,+1415555302,Mia Alvarez,Billing,2,Delivered
SMS-503519,2026-09-01T13:37:31.000Z,Outbound,+1415555401,+12067941126,Charlotte Reyes,Customer Success,2,Delivered
SMS-503520,2026-09-01T12:37:39.000Z,Inbound,+14152139425,+1415555201,Olivia Chen,Customer Support,2,Delivered
SMS-503521,2026-09-01T14:44:58.000Z,Inbound,+12064934168,+1415555103,Noah Patel,Sales,2,Delivered
SMS-503522,2026-09-01T13:53:14.000Z,Outbound,+1415555401,+13125513802,Charlotte Reyes,Customer Success,1,Delivered
SMS-503523,2026-09-01T13:33:40.000Z,Inbound,+12125237706,+1415555203,Sophia Nguyen,Customer Support,2,Delivered
SMS-503524,2026-09-01T14:44:10.000Z,Outbound,+1415555204,+12068793371,Mason Brooks,Customer Support,2,Delivered
SMS-503525,2026-09-01T14:16:01.000Z,Inbound,+13052380407,+1415555301,James Whitfield,Billing,2,Delivered
SMS-503526,2026-09-01T14:39:15.000Z,Outbound,+1415555402,+16179438038,Lucas Bennett,Customer Success,2,Delivered
SMS-503527,2026-09-01T14:35:57.000Z,Outbound,+1415555203,+15124876599,Sophia Nguyen,Customer Support,2,Delivered
SMS-503528,2026-09-01T13:31:37.000Z,Inbound,+16179656937,+1415555303,Benjamin Osei,Billing,1,Delivered
SMS-503529,2026-09-01T13:34:28.000Z,Outbound,+1415555103,+14802082534,Noah Patel,Sales,3,Delivered
SMS-503530,2026-09-01T12:34:49.000Z,Outbound,+1415555102,+14809952209,Liam Carter,Sales,3,Delivered
SMS-503531,2026-09-01T13:14:02.000Z,Outbound,+1415555501,+15124126937,Henry Okafor,IT Helpdesk,2,Delivered
SMS-503532,2026-09-01T12:38:10.000Z,Inbound,+16179994662,+1415555202,Ethan Walker,Customer Support,2,Delivered
SMS-503533,2026-09-01T13:36:03.000Z,Outbound,+1415555205,+12066266433,Isabella Kim,Customer Support,2,Delivered
SMS-503534,2026-09-01T13:44:19.000Z,Inbound,+14158139902,+1415555103,Noah Patel,Sales,1,Delivered
SMS-503535,2026-09-01T12:41:10.000Z,Outbound,+1415555103,+12064969400,Noah Patel,Sales,1,Delivered
SMS-503536,2026-09-01T14:44:18.000Z,Outbound,+1415555502,+13129223172,Grace Lindqvist,IT Helpdesk,3,Delivered
SMS-503537,2026-09-01T12:23:41.000Z,Outbound,+1415555204,+15125245803,Mason Brooks,Customer Support,3,Delivered
SMS-503538,2026-09-01T11:27:28.000Z,Inbound,+14808426742,+1415555403,Amelia Foster,Customer Success,2,Delivered
SMS-503539,2026-09-01T14:11:58.000Z,Outbound,+1415555501,+14153018724,Henry Okafor,IT Helpdesk,3,Delivered
SMS-503540,2026-09-01T13:15:13.000Z,Inbound,+13059404380,+1415555403,Amelia Foster,Customer Success,1,Delivered
SMS-503541,2026-09-01T13:26:48.000Z,Outbound,+1415555502,+14045133250,Grace Lindqvist,IT Helpdesk,2,Delivered
SMS-503542,2026-09-01T12:31:24.000Z,Outbound,+1415555502,+15122939022,Grace Lindqvist,IT Helpdesk,1,Delivered
SMS-503543,2026-09-01T12:20:09.000Z,Outbound,+1415555104,+12123419875,Emma Rodriguez,Sales,3,Delivered
SMS-503544,2026-09-01T14:20:23.000Z,Outbound,+1415555201,+12063468833,Olivia Chen,Customer Support,1,Delivered
SMS-503545,2026-09-01T14:22:25.000Z,Inbound,+12127737868,+1415555202,Ethan Walker,Customer Support,1,Delivered
SMS-503546,2026-09-01T13:00:35.000Z,Outbound,+1415555204,+15125798200,Mason Brooks,Customer Support,2,Delivered
SMS-503547,2026-09-01T14:04:13.000Z,Outbound,+1415555302,+14808610056,Mia Alvarez,Billing,3,Delivered
SMS-503548,2026-09-01T14:33:02.000Z,Inbound,+14807590204,+1415555403,Amelia Foster,Customer Success,1,Delivered
SMS-503549,2026-09-01T13:59:24.000Z,Outbound,+1415555101,+14042066868,Ava Thompson,Sales,1,Delivered
SMS-503550,2026-09-01T14:43:22.000Z,Outbound,+1415555402,+14046237356,Lucas Bennett,Customer Success,1,Delivered
SMS-503551,2026-09-01T13:25:32.000Z,Outbound,+1415555204,+15123191265,Mason Brooks,Customer Support,3,Delivered
SMS-503552,2026-09-01T12:41:17.000Z,Outbound,+1415555104,+13122490451,Emma Rodriguez,Sales,3,Delivered
SMS-503553,2026-09-01T12:51:21.000Z,Inbound,+12125029025,+1415555402,Lucas Bennett,Customer Success,1,Delivered
SMS-503554,2026-09-01T13:12:11.000Z,Inbound,+13128024461,+1415555202,Ethan Walker,Customer Support,2,Delivered
SMS-503555,2026-09-01T13:16:58.000Z,Outbound,+1415555204,+14804782061,Mason Brooks,Customer Support,2,Delivered
SMS-503556,2026-09-01T13:56:54.000Z,Inbound,+14157084501,+1415555203,Sophia Nguyen,Customer Support,2,Delivered
SMS-503557,2026-09-01T15:08:02.000Z,Outbound,+1415555103,+14046061499,Noah Patel,Sales,2,Delivered
SMS-503558,2026-09-01T13:05:55.000Z,Inbound,+15125547140,+1415555301,James Whitfield,Billing,1,Delivered
SMS-503559,2026-09-01T14:20:46.000Z,Inbound,+16178853639,+1415555203,Sophia Nguyen,Customer Support,3,Delivered
SMS-503560,2026-09-01T14:44:46.000Z,Inbound,+12129199181,+1415555402,Lucas Bennett,Customer Success,2,Delivered
SMS-503561,2026-09-01T13:33:44.000Z,Inbound,+17023096145,+1415555101,Ava Thompson,Sales,1,Delivered
SMS-503562,2026-09-01T13:43:25.000Z,Inbound,+14809405906,+1415555205,Isabella Kim,Customer Support,2,Delivered
SMS-503563,2026-09-01T13:28:13.000Z,Inbound,+12126818944,+1415555402,Lucas Bennett,Customer Success,1,Delivered
SMS-503564,2026-09-01T11:37:11.000Z,Inbound,+12067596425,+1415555203,Sophia Nguyen,Customer Support,1,Delivered
SMS-503565,2026-09-01T14:47:58.000Z,Inbound,+14806313787,+1415555203,Sophia Nguyen,Customer Support,3,Delivered
SMS-503566,2026-09-01T13:08:24.000Z,Inbound,+17023464232,+1415555303,Benjamin Osei,Billing,3,Delivered
SMS-503567,2026-09-01T13:26:41.000Z,Inbound,+14157979995,+1415555203,Sophia Nguyen,Customer Support,2,Delivered
SMS-503568,2026-09-01T14:22:22.000Z,Outbound,+1415555201,+12065030669,Olivia Chen,Customer Support,1,Delivered
SMS-503569,2026-09-01T13:56:23.000Z,Inbound,+17029631948,+1415555303,Benjamin Osei,Billing,2,Delivered
SMS-503570,2026-09-01T13:09:21.000Z,Inbound,+16173531286,+1415555202,Ethan Walker,Customer Support,3,Delivered
SMS-503571,2026-09-01T13:42:13.000Z,Inbound,+14154713326,+1415555303,Benjamin Osei,Billing,1,Failed
SMS-503572,2026-09-01T13:06:12.000Z,Inbound,+13124633185,+1415555303,Benjamin Osei,Billing,3,Delivered
SMS-503573,2026-09-01T12:21:02.000Z,Inbound,+12123594601,+1415555501,Henry Okafor,IT Helpdesk,2,Delivered
SMS-503574,2026-09-01T13:57:35.000Z,Inbound,+14047439684,+1415555205,Isabella Kim,Customer Support,2,Delivered
SMS-503575,2026-09-01T12:15:28.000Z,Inbound,+14809999720,+1415555201,Olivia Chen,Customer Support,1,Delivered
SMS-503576,2026-09-01T13:41:13.000Z,Outbound,+1415555502,+13129327243,Grace Lindqvist,IT Helpdesk,3,Delivered
SMS-503577,2026-09-01T14:33:56.000Z,Outbound,+1415555203,+15122981285,Sophia Nguyen,Customer Support,3,Delivered
SMS-503578,2026-09-01T13:24:31.000Z,Inbound,+12127933396,+1415555403,Amelia Foster,Customer Success,1,Delivered
SMS-503579,2026-09-01T14:55:43.000Z,Outbound,+1415555103,+14159489388,Noah Patel,Sales,2,Delivered
SMS-503580,2026-09-01T14:52:57.000Z,Inbound,+16173060086,+1415555103,Noah Patel,Sales,3,Delivered
SMS-503581,2026-09-01T13:45:39.000Z,Inbound,+17023284186,+1415555301,James Whitfield,Billing,2,Delivered
SMS-503582,2026-09-01T14:57:27.000Z,Inbound,+12064335922,+1415555402,Lucas Bennett,Customer Success,3,Delivered
SMS-503583,2026-09-01T14:45:20.000Z,Outbound,+1415555103,+14042107592,Noah Patel,Sales,2,Delivered
SMS-503584,2026-09-01T13:35:01.000Z,Inbound,+12127489471,+1415555101,Ava Thompson,Sales,3,Delivered
SMS-503585,2026-09-01T13:49:18.000Z,Outbound,+1415555205,+14043140313,Isabella Kim,Customer Support,3,Delivered
SMS-503586,2026-09-01T13:44:57.000Z,Outbound,+1415555203,+13123120595,Sophia Nguyen,Customer Support,2,Delivered
SMS-503587,2026-09-01T12:17:22.000Z,Outbound,+1415555104,+17029863145,Emma Rodriguez,Sales,3,Delivered
SMS-503588,2026-09-01T13:44:45.000Z,Outbound,+1415555403,+14159764101,Amelia Foster,Customer Success,1,Delivered
SMS-503589,2026-09-01T14:47:40.000Z,Inbound,+12065862662,+1415555205,Isabella Kim,Customer Support,3,Delivered
SMS-503590,2026-09-01T14:16:58.000Z,Inbound,+13057005300,+1415555501,Henry Okafor,IT Helpdesk,1,Delivered
SMS-503591,2026-09-01T13:47:17.000Z,Outbound,+1415555501,+14046284695,Henry Okafor,IT Helpdesk,1,Delivered
SMS-503592,2026-09-01T13:20:31.000Z,Outbound,+1415555103,+14049721175,Noah Patel,Sales,1,Delivered
SMS-503593,2026-09-01T12:03:19.000Z,Inbound,+17029923770,+1415555403,Amelia Foster,Customer Success,1,Delivered
SMS-503594,2026-09-02T12:11:24.000Z,Inbound,+14045501046,+1415555403,Amelia Foster,Customer Success,1,Delivered
SMS-503595,2026-09-02T13:36:53.000Z,Inbound,+12122920653,+1415555103,Noah Patel,Sales,2,Delivered
SMS-503596,2026-09-02T14:41:59.000Z,Inbound,+15126012848,+1415555202,Ethan Walker,Customer Support,2,Delivered
SMS-503597,2026-09-02T14:09:50.000Z,Inbound,+13124864455,+1415555104,Emma Rodriguez,Sales,1,Delivered
SMS-503598,2026-09-02T12:24:59.000Z,Outbound,+1415555203,+17029445608,Sophia Nguyen,Customer Support,1,Delivered
SMS-503599,2026-09-02T15:43:27.000Z,Inbound,+14803256078,+1415555103,Noah Patel,Sales,1,Delivered
SMS-503600,2026-09-02T12:22:41.000Z,Outbound,+1415555205,+17022355401,Isabella Kim,Customer Support,3,Delivered
SMS-503601,2026-09-02T12:50:47.000Z,Outbound,+1415555402,+16177892336,Lucas Bennett,Customer Success,2,Delivered
SMS-503602,2026-09-02T13:24:59.000Z,Outbound,+1415555201,+12125281153,Olivia Chen,Customer Support,3,Delivered
SMS-503603,2026-09-02T12:01:05.000Z,Outbound,+1415555201,+12067653573,Olivia Chen,Customer Support,3,Delivered
SMS-503604,2026-09-02T14:14:16.000Z,Outbound,+1415555402,+12069153112,Lucas Bennett,Customer Success,1,Delivered
SMS-503605,2026-09-02T13:22:12.000Z,Inbound,+14802285744,+1415555103,Noah Patel,Sales,2,Delivered
SMS-503606,2026-09-02T14:17:37.000Z,Inbound,+14157684182,+1415555303,Benjamin Osei,Billing,1,Delivered
SMS-503607,2026-09-02T13:57:54.000Z,Inbound,+12127362531,+1415555204,Mason Brooks,Customer Support,2,Delivered
SMS-503608,2026-09-02T13:23:08.000Z,Outbound,+1415555102,+15126681735,Liam Carter,Sales,2,Delivered
SMS-503609,2026-09-02T12:05:14.000Z,Inbound,+15126164238,+1415555101,Ava Thompson,Sales,3,Delivered
SMS-503610,2026-09-02T15:13:10.000Z,Outbound,+1415555301,+13128947891,James Whitfield,Billing,2,Delivered
SMS-503611,2026-09-02T14:09:20.000Z,Outbound,+1415555103,+12127061626,Noah Patel,Sales,3,Failed
SMS-503612,2026-09-02T13:33:03.000Z,Inbound,+14155929780,+1415555101,Ava Thompson,Sales,1,Delivered
SMS-503613,2026-09-02T13:06:52.000Z,Inbound,+13059224781,+1415555203,Sophia Nguyen,Customer Support,1,Delivered
SMS-503614,2026-09-02T14:45:10.000Z,Outbound,+1415555205,+14158150400,Isabella Kim,Customer Support,1,Delivered
SMS-503615,2026-09-02T13:50:02.000Z,Inbound,+16179718258,+1415555502,Grace Lindqvist,IT Helpdesk,2,Delivered
SMS-503616,2026-09-02T13:00:25.000Z,Inbound,+17024080882,+1415555403,Amelia Foster,Customer Success,2,Delivered
SMS-503617,2026-09-02T13:01:36.000Z,Outbound,+1415555203,+12124467952,Sophia Nguyen,Customer Support,1,Delivered
SMS-503618,2026-09-02T13:40:47.000Z,Outbound,+1415555205,+13057630425,Isabella Kim,Customer Support,3,Delivered
SMS-503619,2026-09-02T13:58:43.000Z,Outbound,+1415555103,+13125758228,Noah Patel,Sales,1,Delivered
SMS-503620,2026-09-02T13:08:58.000Z,Inbound,+13129986910,+1415555202,Ethan Walker,Customer Support,2,Delivered
SMS-503621,2026-09-02T13:57:11.000Z,Inbound,+12123237600,+1415555303,Benjamin Osei,Billing,2,Delivered
SMS-503622,2026-09-02T14:55:07.000Z,Inbound,+14157218741,+1415555103,Noah Patel,Sales,1,Delivered
SMS-503623,2026-09-02T12:46:26.000Z,Outbound,+1415555302,+14043284579,Mia Alvarez,Billing,3,Delivered
SMS-503624,2026-09-02T13:01:17.000Z,Inbound,+14049340121,+1415555204,Mason Brooks,Customer Support,3,Failed
SMS-503625,2026-09-02T11:26:16.000Z,Inbound,+15123732726,+1415555402,Lucas Bennett,Customer Success,1,Delivered
SMS-503626,2026-09-02T12:50:23.000Z,Inbound,+12129692703,+1415555204,Mason Brooks,Customer Support,1,Delivered
SMS-503627,2026-09-02T12:41:11.000Z,Inbound,+12068424375,+1415555402,Lucas Bennett,Customer Success,2,Delivered
SMS-503628,2026-09-02T12:06:41.000Z,Inbound,+14803287238,+1415555502,Grace Lindqvist,IT Helpdesk,1,Delivered
SMS-503629,2026-09-02T13:34:22.000Z,Inbound,+14043335537,+1415555102,Liam Carter,Sales,2,Delivered
SMS-503630,2026-09-02T13:57:03.000Z,Inbound,+14807231827,+1415555204,Mason Brooks,Customer Support,1,Delivered
SMS-503631,2026-09-02T12:27:55.000Z,Outbound,+1415555502,+15124194549,Grace Lindqvist,IT Helpdesk,2,Delivered
SMS-503632,2026-09-02T13:04:09.000Z,Outbound,+1415555104,+15125703353,Emma Rodriguez,Sales,3,Delivered
SMS-503633,2026-09-02T13:29:51.000Z,Inbound,+12069324681,+1415555502,Grace Lindqvist,IT Helpdesk,3,Delivered
SMS-503634,2026-09-02T13:19:08.000Z,Inbound,+14043377949,+1415555501,Henry Okafor,IT Helpdesk,2,Delivered
SMS-503635,2026-09-02T12:44:28.000Z,Outbound,+1415555204,+17028377764,Mason Brooks,Customer Support,1,Delivered
SMS-503636,2026-09-02T14:35:45.000Z,Inbound,+12066866134,+1415555301,James Whitfield,Billing,1,Delivered
SMS-503637,2026-09-02T13:23:08.000Z,Outbound,+1415555204,+14808506698,Mason Brooks,Customer Support,2,Delivered
SMS-503638,2026-09-02T12:43:54.000Z,Inbound,+16173374720,+1415555502,Grace Lindqvist,IT Helpdesk,2,Delivered
SMS-503639,2026-09-02T14:47:09.000Z,Outbound,+1415555102,+14803446593,Liam Carter,Sales,2,Delivered
SMS-503640,2026-09-02T12:04:06.000Z,Inbound,+14157388607,+1415555303,Benjamin Osei,Billing,3,Delivered
SMS-503641,2026-09-02T12:17:54.000Z,Outbound,+1415555103,+14803545767,Noah Patel,Sales,3,Delivered
SMS-503642,2026-09-02T13:06:19.000Z,Inbound,+14802176485,+1415555203,Sophia Nguyen,Customer Support,2,Delivered
SMS-503643,2026-09-02T12:16:14.000Z,Inbound,+14049719221,+1415555102,Liam Carter,Sales,1,Delivered
SMS-503644,2026-09-02T13:07:39.000Z,Outbound,+1415555501,+16179572176,Henry Okafor,IT Helpdesk,3,Delivered
SMS-503645,2026-09-02T13:16:26.000Z,Inbound,+12068860366,+1415555103,Noah Patel,Sales,1,Delivered
SMS-503646,2026-09-02T13:33:37.000Z,Outbound,+1415555202,+17023335549,Ethan Walker,Customer Support,2,Delivered
SMS-503647,2026-09-02T13:19:24.000Z,Inbound,+14809453696,+1415555303,Benjamin Osei,Billing,3,Delivered
SMS-503648,2026-09-02T13:46:47.000Z,Inbound,+15126940913,+1415555401,Charlotte Reyes,Customer Success,1,Delivered
SMS-503649,2026-09-02T14:03:13.000Z,Inbound,+16176790712,+1415555401,Charlotte Reyes,Customer Success,2,Delivered
SMS-503650,2026-09-02T13:34:57.000Z,Inbound,+15122727484,+1415555302,Mia Alvarez,Billing,2,Delivered
SMS-503651,2026-09-02T13:45:07.000Z,Outbound,+1415555402,+14049033067,Lucas Bennett,Customer Success,3,Delivered
SMS-503652,2026-09-03T14:05:45.000Z,Inbound,+15129206269,+1415555303,Benjamin Osei,Billing,1,Delivered
SMS-503653,2026-09-03T13:56:46.000Z,Outbound,+1415555402,+14806711581,Lucas Bennett,Customer Success,1,Delivered
SMS-503654,2026-09-03T12:41:07.000Z,Inbound,+13059482465,+1415555104,Emma Rodriguez,Sales,1,Delivered
SMS-503655,2026-09-03T14:15:02.000Z,Inbound,+16173274276,+1415555102,Liam Carter,Sales,3,Delivered
SMS-503656,2026-09-03T13:01:12.000Z,Inbound,+13129006150,+1415555201,Olivia Chen,Customer Support,1,Delivered
SMS-503657,2026-09-03T13:58:38.000Z,Inbound,+13127829463,+1415555101,Ava Thompson,Sales,3,Delivered
SMS-503658,2026-09-03T14:57:14.000Z,Outbound,+1415555402,+16174974759,Lucas Bennett,Customer Success,1,Delivered
SMS-503659,2026-09-03T12:16:51.000Z,Inbound,+14805544061,+1415555402,Lucas Bennett,Customer Success,1,Delivered
SMS-503660,2026-09-03T12:31:18.000Z,Outbound,+1415555402,+17028207439,Lucas Bennett,Customer Success,1,Delivered
SMS-503661,2026-09-03T13:52:07.000Z,Inbound,+12128056929,+1415555104,Emma Rodriguez,Sales,1,Delivered
SMS-503662,2026-09-03T13:15:21.000Z,Inbound,+13126097342,+1415555104,Emma Rodriguez,Sales,1,Delivered
SMS-503663,2026-09-03T12:32:42.000Z,Inbound,+16172946727,+1415555303,Benjamin Osei,Billing,1,Delivered
SMS-503664,2026-09-03T12:19:36.000Z,Outbound,+1415555403,+14158831041,Amelia Foster,Customer Success,1,Delivered
SMS-503665,2026-09-03T13:44:14.000Z,Outbound,+1415555204,+17025009308,Mason Brooks,Customer Support,2,Delivered
SMS-503666,2026-09-03T15:08:04.000Z,Inbound,+12064634413,+1415555204,Mason Brooks,Customer Support,3,Pending
SMS-503667,2026-09-03T13:54:52.000Z,Outbound,+1415555103,+17025170631,Noah Patel,Sales,2,Delivered
SMS-503668,2026-09-03T13:55:40.000Z,Outbound,+1415555401,+14807347812,Charlotte Reyes,Customer Success,1,Pending
SMS-503669,2026-09-03T13:56:40.000Z,Inbound,+12126603108,+1415555501,Henry Okafor,IT Helpdesk,3,Delivered
SMS-503670,2026-09-03T13:50:37.000Z,Inbound,+15124203143,+1415555403,Amelia Foster,Customer Success,1,Delivered
SMS-503671,2026-09-03T14:09:04.000Z,Inbound,+15125866348,+1415555203,Sophia Nguyen,Customer Support,2,Delivered
SMS-503672,2026-09-03T13:35:55.000Z,Outbound,+1415555402,+14049777957,Lucas Bennett,Customer Success,2,Delivered
SMS-503673,2026-09-03T13:27:33.000Z,Inbound,+13122919564,+1415555104,Emma Rodriguez,Sales,1,Delivered
SMS-503674,2026-09-03T12:44:22.000Z,Inbound,+17023850535,+1415555502,Grace Lindqvist,IT Helpdesk,3,Delivered
SMS-503675,2026-09-03T14:03:09.000Z,Inbound,+14807473104,+1415555205,Isabella Kim,Customer Support,2,Delivered
SMS-503676,2026-09-03T12:30:18.000Z,Inbound,+12068193177,+1415555502,Grace Lindqvist,IT Helpdesk,3,Delivered
SMS-503677,2026-09-03T11:42:53.000Z,Inbound,+12124351915,+1415555403,Amelia Foster,Customer Success,1,Failed
SMS-503678,2026-09-03T13:48:09.000Z,Inbound,+13054615735,+1415555102,Liam Carter,Sales,1,Delivered
SMS-503679,2026-09-03T13:21:15.000Z,Outbound,+1415555101,+13127775472,Ava Thompson,Sales,2,Delivered
SMS-503680,2026-09-03T13:30:27.000Z,Inbound,+16177155570,+1415555501,Henry Okafor,IT Helpdesk,2,Delivered
SMS-503681,2026-09-03T13:59:46.000Z,Inbound,+14045482316,+1415555203,Sophia Nguyen,Customer Support,2,Delivered
SMS-503682,2026-09-03T13:58:23.000Z,Inbound,+13052359226,+1415555501,Henry Okafor,IT Helpdesk,1,Delivered
SMS-503683,2026-09-03T13:01:42.000Z,Outbound,+1415555101,+12127937552,Ava Thompson,Sales,1,Delivered
SMS-503684,2026-09-03T13:52:16.000Z,Outbound,+1415555303,+13123134784,Benjamin Osei,Billing,3,Delivered
SMS-503685,2026-09-03T14:56:41.000Z,Inbound,+17029319687,+1415555104,Emma Rodriguez,Sales,2,Delivered
SMS-503686,2026-09-03T13:26:22.000Z,Outbound,+1415555401,+13126223593,Charlotte Reyes,Customer Success,2,Delivered
SMS-503687,2026-09-03T15:24:09.000Z,Outbound,+1415555301,+14043442203,James Whitfield,Billing,2,Delivered
SMS-503688,2026-09-03T13:20:14.000Z,Outbound,+1415555403,+13056507228,Amelia Foster,Customer Success,3,Delivered
SMS-503689,2026-09-03T13:28:14.000Z,Outbound,+1415555102,+13059917415,Liam Carter,Sales,2,Delivered
SMS-503690,2026-09-03T13:03:33.000Z,Inbound,+13053379844,+1415555401,Charlotte Reyes,Customer Success,3,Delivered
SMS-503691,2026-09-03T12:06:14.000Z,Inbound,+13123285892,+1415555502,Grace Lindqvist,IT Helpdesk,1,Delivered
SMS-503692,2026-09-03T13:43:08.000Z,Outbound,+1415555204,+13058776932,Mason Brooks,Customer Support,2,Delivered
SMS-503693,2026-09-03T12:59:59.000Z,Outbound,+1415555205,+17022305461,Isabella Kim,Customer Support,1,Delivered
SMS-503694,2026-09-03T12:51:43.000Z,Outbound,+1415555103,+12129745391,Noah Patel,Sales,1,Delivered
SMS-503695,2026-09-03T11:04:18.000Z,Inbound,+12123075581,+1415555401,Charlotte Reyes,Customer Success,1,Delivered
SMS-503696,2026-09-03T14:21:55.000Z,Inbound,+17028023586,+1415555204,Mason Brooks,Customer Support,1,Delivered
SMS-503697,2026-09-03T13:01:18.000Z,Inbound,+13124345832,+1415555501,Henry Okafor,IT Helpdesk,2,Delivered
SMS-503698,2026-09-03T13:26:15.000Z,Inbound,+17022150750,+1415555303,Benjamin Osei,Billing,1,Delivered
SMS-503699,2026-09-03T12:19:05.000Z,Inbound,+13125400282,+1415555101,Ava Thompson,Sales,1,Delivered
SMS-503700,2026-09-03T12:22:05.000Z,Inbound,+17026942424,+1415555103,Noah Patel,Sales,2,Delivered
SMS-503701,2026-09-03T13:45:15.000Z,Inbound,+12123749891,+1415555302,Mia Alvarez,Billing,1,Delivered
SMS-503702,2026-09-03T12:12:20.000Z,Inbound,+15127269479,+1415555401,Charlotte Reyes,Customer Success,3,Delivered
SMS-503703,2026-09-03T12:17:37.000Z,Outbound,+1415555403,+12127335469,Amelia Foster,Customer Success,1,Delivered
SMS-503704,2026-09-03T11:24:09.000Z,Inbound,+13057048164,+1415555204,Mason Brooks,Customer Support,2,Delivered
SMS-503705,2026-09-03T13:38:56.000Z,Inbound,+15127415633,+1415555101,Ava Thompson,Sales,2,Delivered
SMS-503706,2026-09-03T13:43:48.000Z,Inbound,+16173275183,+1415555103,Noah Patel,Sales,1,Delivered
SMS-503707,2026-09-03T12:13:53.000Z,Inbound,+16173923856,+1415555201,Olivia Chen,Customer Support,2,Delivered
SMS-503708,2026-09-03T14:01:07.000Z,Outbound,+1415555501,+14806789388,Henry Okafor,IT Helpdesk,1,Delivered
SMS-503709,2026-09-03T13:11:03.000Z,Outbound,+1415555302,+14809659688,Mia Alvarez,Billing,3,Delivered
SMS-503710,2026-09-03T12:25:42.000Z,Outbound,+1415555102,+17028838046,Liam Carter,Sales,3,Delivered
SMS-503711,2026-09-03T12:41:04.000Z,Outbound,+1415555103,+17027320287,Noah Patel,Sales,2,Delivered
SMS-503712,2026-09-03T13:00:49.000Z,Inbound,+16173785086,+1415555401,Charlotte Reyes,Customer Success,3,Delivered
SMS-503713,2026-09-03T13:19:41.000Z,Outbound,+1415555303,+14152264923,Benjamin Osei,Billing,3,Delivered
SMS-503714,2026-09-03T12:15:11.000Z,Inbound,+12125056870,+1415555102,Liam Carter,Sales,3,Delivered
SMS-503715,2026-09-03T13:23:25.000Z,Inbound,+12068229029,+1415555103,Noah Patel,Sales,2,Delivered
SMS-503716,2026-09-03T13:43:22.000Z,Outbound,+1415555301,+14154765716,James Whitfield,Billing,2,Delivered
SMS-503717,2026-09-03T12:13:42.000Z,Inbound,+14043391525,+1415555103,Noah Patel,Sales,2,Delivered
SMS-503718,2026-09-03T12:21:17.000Z,Inbound,+12062603013,+1415555201,Olivia Chen,Customer Support,3,Failed
SMS-503719,2026-09-03T12:49:21.000Z,Outbound,+1415555302,+15124640902,Mia Alvarez,Billing,1,Delivered
SMS-503720,2026-09-03T12:51:00.000Z,Inbound,+12128366432,+1415555104,Emma Rodriguez,Sales,3,Delivered
SMS-503721,2026-09-04T14:08:16.000Z,Inbound,+17028926301,+1415555301,James Whitfield,Billing,2,Delivered
SMS-503722,2026-09-04T11:24:28.000Z,Outbound,+1415555402,+14155453384,Lucas Bennett,Customer Success,3,Delivered
SMS-503723,2026-09-04T12:42:15.000Z,Outbound,+1415555403,+13128098430,Amelia Foster,Customer Success,1,Delivered
SMS-503724,2026-09-04T12:50:13.000Z,Outbound,+1415555201,+13126676587,Olivia Chen,Customer Support,3,Delivered
SMS-503725,2026-09-04T12:13:21.000Z,Inbound,+13124167120,+1415555402,Lucas Bennett,Customer Success,2,Delivered
SMS-503726,2026-09-04T12:29:23.000Z,Inbound,+14155603103,+1415555501,Henry Okafor,IT Helpdesk,3,Delivered
SMS-503727,2026-09-04T14:48:34.000Z,Inbound,+15126978509,+1415555502,Grace Lindqvist,IT Helpdesk,3,Delivered
SMS-503728,2026-09-04T14:03:48.000Z,Inbound,+14809881533,+1415555205,Isabella Kim,Customer Support,2,Delivered
SMS-503729,2026-09-04T13:29:50.000Z,Inbound,+14159229365,+1415555402,Lucas Bennett,Customer Success,1,Delivered
SMS-503730,2026-09-04T13:05:51.000Z,Inbound,+12063709514,+1415555302,Mia Alvarez,Billing,3,Failed
SMS-503731,2026-09-04T14:27:25.000Z,Outbound,+1415555104,+13125114177,Emma Rodriguez,Sales,1,Delivered
SMS-503732,2026-09-04T13:03:26.000Z,Inbound,+15122825534,+1415555204,Mason Brooks,Customer Support,1,Delivered
SMS-503733,2026-09-04T12:54:59.000Z,Outbound,+1415555104,+16172476136,Emma Rodriguez,Sales,2,Delivered
SMS-503734,2026-09-04T13:40:29.000Z,Outbound,+1415555101,+12125715352,Ava Thompson,Sales,3,Delivered
SMS-503735,2026-09-04T13:41:21.000Z,Inbound,+13058782233,+1415555402,Lucas Bennett,Customer Success,2,Delivered
SMS-503736,2026-09-04T14:32:07.000Z,Inbound,+12123225594,+1415555102,Liam Carter,Sales,3,Delivered
SMS-503737,2026-09-04T14:20:07.000Z,Inbound,+14806962683,+1415555202,Ethan Walker,Customer Support,1,Failed
SMS-503738,2026-09-04T13:12:55.000Z,Outbound,+1415555403,+14044200548,Amelia Foster,Customer Success,3,Delivered
SMS-503739,2026-09-04T13:47:16.000Z,Outbound,+1415555204,+13055698005,Mason Brooks,Customer Support,2,Failed
SMS-503740,2026-09-04T11:47:27.000Z,Inbound,+13054804882,+1415555403,Amelia Foster,Customer Success,3,Delivered
SMS-503741,2026-09-04T12:04:25.000Z,Inbound,+12129639396,+1415555104,Emma Rodriguez,Sales,2,Delivered
SMS-503742,2026-09-04T14:09:31.000Z,Inbound,+16176135569,+1415555204,Mason Brooks,Customer Support,2,Delivered
SMS-503743,2026-09-04T12:32:13.000Z,Inbound,+14804531186,+1415555202,Ethan Walker,Customer Support,1,Delivered
SMS-503744,2026-09-04T12:23:32.000Z,Outbound,+1415555101,+16179124221,Ava Thompson,Sales,2,Delivered
SMS-503745,2026-09-04T14:31:04.000Z,Outbound,+1415555104,+15124811959,Emma Rodriguez,Sales,3,Delivered
SMS-503746,2026-09-04T13:08:21.000Z,Outbound,+1415555103,+14046891648,Noah Patel,Sales,1,Delivered
SMS-503747,2026-09-04T12:09:27.000Z,Outbound,+1415555403,+13125399091,Amelia Foster,Customer Success,1,Failed
SMS-503748,2026-09-04T11:04:03.000Z,Outbound,+1415555301,+13127588977,James Whitfield,Billing,3,Delivered
SMS-503749,2026-09-04T15:39:14.000Z,Outbound,+1415555301,+12125990048,James Whitfield,Billing,3,Delivered
SMS-503750,2026-09-04T13:48:19.000Z,Outbound,+1415555205,+12063554336,Isabella Kim,Customer Support,3,Delivered
SMS-503751,2026-09-04T12:49:03.000Z,Inbound,+16174197592,+1415555202,Ethan Walker,Customer Support,1,Delivered
SMS-503752,2026-09-04T14:59:53.000Z,Outbound,+1415555402,+12066387849,Lucas Bennett,Customer Success,1,Delivered
SMS-503753,2026-09-04T14:16:17.000Z,Outbound,+1415555204,+13056578843,Mason Brooks,Customer Support,3,Delivered
SMS-503754,2026-09-04T14:53:28.000Z,Inbound,+14044634232,+1415555502,Grace Lindqvist,IT Helpdesk,1,Delivered
SMS-503755,2026-09-04T13:13:49.000Z,Inbound,+14803638086,+1415555301,James Whitfield,Billing,2,Delivered
SMS-503756,2026-09-04T13:11:51.000Z,Inbound,+14157386362,+1415555403,Amelia Foster,Customer Success,2,Delivered
SMS-503757,2026-09-04T13:47:24.000Z,Outbound,+1415555402,+16172147604,Lucas Bennett,Customer Success,3,Delivered
SMS-503758,2026-09-04T12:48:27.000Z,Outbound,+1415555301,+14158190624,James Whitfield,Billing,3,Delivered
SMS-503759,2026-09-04T13:26:21.000Z,Inbound,+17027157171,+1415555403,Amelia Foster,Customer Success,2,Delivered
SMS-503760,2026-09-04T13:46:23.000Z,Outbound,+1415555203,+15125066949,Sophia Nguyen,Customer Support,2,Delivered
SMS-503761,2026-09-04T13:30:34.000Z,Outbound,+1415555103,+17029197172,Noah Patel,Sales,2,Delivered
SMS-503762,2026-09-04T12:37:25.000Z,Inbound,+17025517960,+1415555302,Mia Alvarez,Billing,2,Delivered
SMS-503763,2026-09-04T13:39:29.000Z,Inbound,+13128504362,+1415555103,Noah Patel,Sales,2,Delivered
SMS-503764,2026-09-04T14:02:14.000Z,Inbound,+15127506434,+1415555301,James Whitfield,Billing,2,Delivered
SMS-503765,2026-09-04T13:42:30.000Z,Inbound,+14044146609,+1415555302,Mia Alvarez,Billing,2,Failed
SMS-503766,2026-09-04T13:51:59.000Z,Inbound,+14809465133,+1415555203,Sophia Nguyen,Customer Support,2,Delivered
SMS-503767,2026-09-04T12:19:35.000Z,Outbound,+1415555502,+14157881180,Grace Lindqvist,IT Helpdesk,3,Delivered
SMS-503768,2026-09-04T14:25:34.000Z,Outbound,+1415555302,+15128506098,Mia Alvarez,Billing,3,Delivered
SMS-503769,2026-09-04T13:59:08.000Z,Outbound,+1415555301,+17025572179,James Whitfield,Billing,1,Delivered
SMS-503770,2026-09-04T14:51:43.000Z,Outbound,+1415555401,+16172320298,Charlotte Reyes,Customer Success,1,Pending
SMS-503771,2026-09-04T14:31:19.000Z,Inbound,+14805561741,+1415555403,Amelia Foster,Customer Success,1,Delivered
SMS-503772,2026-09-04T13:46:37.000Z,Outbound,+1415555303,+17022324332,Benjamin Osei,Billing,2,Failed
SMS-503773,2026-09-04T13:12:31.000Z,Outbound,+1415555104,+14806692395,Emma Rodriguez,Sales,1,Delivered
SMS-503774,2026-09-04T12:27:56.000Z,Outbound,+1415555303,+15123807446,Benjamin Osei,Billing,2,Delivered
SMS-503775,2026-09-04T14:32:59.000Z,Inbound,+12128597387,+1415555202,Ethan Walker,Customer Support,2,Delivered
SMS-503776,2026-09-04T13:44:23.000Z,Inbound,+12068307899,+1415555101,Ava Thompson,Sales,2,Delivered
SMS-503777,2026-09-04T13:28:46.000Z,Inbound,+12065921720,+1415555401,Charlotte Reyes,Customer Success,3,Delivered
SMS-503778,2026-09-04T13:40:44.000Z,Outbound,+1415555403,+14048559597,Amelia Foster,Customer Success,1,Delivered
SMS-503779,2026-09-04T13:13:52.000Z,Outbound,+1415555502,+12067175905,Grace Lindqvist,IT Helpdesk,1,Delivered
SMS-503780,2026-09-04T13:45:16.000Z,Inbound,+13054308107,+1415555401,Charlotte Reyes,Customer Success,3,Delivered
SMS-503781,2026-09-04T14:15:03.000Z,Inbound,+16175810515,+1415555202,Ethan Walker,Customer Support,1,Delivered
SMS-503782,2026-09-04T13:17:39.000Z,Inbound,+14805908657,+1415555302,Mia Alvarez,Billing,1,Failed
SMS-503783,2026-09-04T15:20:31.000Z,Outbound,+1415555202,+17028714941,Ethan Walker,Customer Support,1,Delivered
SMS-503784,2026-09-04T13:01:39.000Z,Outbound,+1415555104,+16176938193,Emma Rodriguez,Sales,1,Delivered
SMS-503785,2026-09-04T12:18:47.000Z,Inbound,+12067739807,+1415555402,Lucas Bennett,Customer Success,1,Delivered
SMS-503786,2026-09-04T12:17:43.000Z,Outbound,+1415555402,+14158026477,Lucas Bennett,Customer Success,3,Delivered
SMS-503787,2026-09-04T15:28:44.000Z,Inbound,+13126519148,+1415555502,Grace Lindqvist,IT Helpdesk,2,Delivered
SMS-503788,2026-09-04T13:11:51.000Z,Inbound,+13059813732,+1415555501,Henry Okafor,IT Helpdesk,3,Delivered
SMS-503789,2026-09-04T12:03:40.000Z,Inbound,+14807467999,+1415555402,Lucas Bennett,Customer Success,3,Delivered
SMS-503790,2026-09-04T13:10:42.000Z,Outbound,+1415555205,+16177247549,Isabella Kim,Customer Support,3,Delivered
SMS-503791,2026-09-04T12:55:35.000Z,Inbound,+16175704919,+1415555401,Charlotte Reyes,Customer Success,1,Delivered
SMS-503792,2026-09-04T14:19:20.000Z,Inbound,+17027244120,+1415555102,Liam Carter,Sales,2,Delivered
SMS-503793,2026-09-04T12:30:58.000Z,Inbound,+17029569037,+1415555203,Sophia Nguyen,Customer Support,1,Delivered
SMS-503794,2026-09-04T13:33:13.000Z,Outbound,+1415555201,+14152531340,Olivia Chen,Customer Support,2,Delivered
SMS-503795,2026-09-04T13:44:04.000Z,Outbound,+1415555101,+13126751768,Ava Thompson,Sales,2,Delivered
SMS-503796,2026-09-04T12:19:58.000Z,Inbound,+12062240118,+1415555104,Emma Rodriguez,Sales,3,Failed
SMS-503797,2026-09-04T12:04:45.000Z,Outbound,+1415555401,+12126723658,Charlotte Reyes,Customer Success,1,Delivered
SMS-503798,2026-09-04T12:26:05.000Z,Inbound,+14808159521,+1415555104,Emma Rodriguez,Sales,1,Delivered
SMS-503799,2026-09-04T12:49:12.000Z,Inbound,+12128027087,+1415555201,Olivia Chen,Customer Support,2,Delivered
SMS-503800,2026-09-04T12:00:22.000Z,Inbound,+13053751478,+1415555403,Amelia Foster,Customer Success,3,Delivered
SMS-503801,2026-09-04T13:27:38.000Z,Inbound,+12126294118,+1415555502,Grace Lindqvist,IT Helpdesk,2,Delivered
SMS-503802,2026-09-04T14:06:37.000Z,Outbound,+1415555501,+12063474707,Henry Okafor,IT Helpdesk,1,Failed
SMS-503803,2026-09-04T14:07:39.000Z,Inbound,+12125376388,+1415555104,Emma Rodriguez,Sales,1,Delivered
SMS-503804,2026-09-04T14:48:06.000Z,Outbound,+1415555205,+12067828202,Isabella Kim,Customer Support,2,Delivered
SMS-503805,2026-09-04T14:02:25.000Z,Inbound,+12063301786,+1415555501,Henry Okafor,IT Helpdesk,3,Delivered
SMS-503806,2026-09-04T13:03:02.000Z,Outbound,+1415555101,+14044399826,Ava Thompson,Sales,1,Delivered
SMS-503807,2026-09-04T12:14:22.000Z,Inbound,+15124783669,+1415555303,Benjamin Osei,Billing,3,Delivered
SMS-503808,2026-09-04T13:27:04.000Z,Outbound,+1415555302,+16175946898,Mia Alvarez,Billing,2,Delivered
SMS-503809,2026-09-04T14:12:56.000Z,Inbound,+15129742004,+1415555502,Grace Lindqvist,IT Helpdesk,3,Delivered
SMS-503810,2026-09-04T14:27:18.000Z,Inbound,+12128705549,+1415555205,Isabella Kim,Customer Support,2,Delivered
SMS-503811,2026-09-04T15:08:25.000Z,Outbound,+1415555302,+12128743460,Mia Alvarez,Billing,1,Delivered
SMS-503812,2026-09-04T13:34:58.000Z,Inbound,+12066816369,+1415555401,Charlotte Reyes,Customer Success,2,Delivered
SMS-503813,2026-09-04T13:33:45.000Z,Inbound,+12069493197,+1415555104,Emma Rodriguez,Sales,2,Delivered
SMS-503814,2026-09-04T12:59:16.000Z,Inbound,+15125784262,+1415555205,Isabella Kim,Customer Support,2,Delivered
SMS-503815,2026-09-04T13:52:50.000Z,Inbound,+13127850025,+1415555203,Sophia Nguyen,Customer Support,3,Delivered
SMS-503816,2026-09-04T13:29:54.000Z,Inbound,+13129294752,+1415555205,Isabella Kim,Customer Support,3,Delivered
SMS-503817,2026-09-04T12:08:39.000Z,Outbound,+1415555104,+14152088982,Emma Rodriguez,Sales,3,Delivered
SMS-503818,2026-09-04T14:30:47.000Z,Outbound,+1415555302,+16174921735,Mia Alvarez,Billing,3,Delivered
SMS-503819,2026-09-04T12:27:58.000Z,Inbound,+13126443730,+1415555102,Liam Carter,Sales,2,Delivered
SMS-503820,2026-09-05T13:13:41.000Z,Outbound,+1415555102,+12066246374,Liam Carter,Sales,1,Failed
SMS-503821,2026-09-05T13:46:45.000Z,Inbound,+13053420925,+1415555501,Henry Okafor,IT Helpdesk,2,Delivered
SMS-503822,2026-09-05T13:41:45.000Z,Inbound,+14159238401,+1415555204,Mason Brooks,Customer Support,3,Delivered
SMS-503823,2026-09-05T13:32:03.000Z,Inbound,+14157088758,+1415555203,Sophia Nguyen,Customer Support,3,Delivered
SMS-503824,2026-09-05T13:46:08.000Z,Inbound,+12123058841,+1415555401,Charlotte Reyes,Customer Success,3,Delivered
SMS-503825,2026-09-05T13:23:44.000Z,Inbound,+12066732339,+1415555101,Ava Thompson,Sales,3,Delivered
SMS-503826,2026-09-05T13:52:52.000Z,Inbound,+16175098390,+1415555101,Ava Thompson,Sales,3,Delivered
SMS-503827,2026-09-05T13:59:48.000Z,Inbound,+14045013755,+1415555205,Isabella Kim,Customer Support,1,Delivered
SMS-503828,2026-09-05T15:13:09.000Z,Outbound,+1415555303,+14045764434,Benjamin Osei,Billing,3,Delivered
SMS-503829,2026-09-05T12:42:12.000Z,Outbound,+1415555502,+15129880626,Grace Lindqvist,IT Helpdesk,3,Delivered
SMS-503830,2026-09-05T14:52:01.000Z,Inbound,+14155737220,+1415555502,Grace Lindqvist,IT Helpdesk,3,Delivered
SMS-503831,2026-09-05T12:35:36.000Z,Outbound,+1415555403,+12126589038,Amelia Foster,Customer Success,2,Delivered
SMS-503832,2026-09-05T12:50:00.000Z,Inbound,+12127739798,+1415555101,Ava Thompson,Sales,1,Delivered
SMS-503833,2026-09-05T13:18:13.000Z,Outbound,+1415555202,+13128741626,Ethan Walker,Customer Support,3,Delivered
SMS-503834,2026-09-05T13:09:33.000Z,Inbound,+12123191192,+1415555205,Isabella Kim,Customer Support,3,Delivered
SMS-503835,2026-09-05T13:21:24.000Z,Inbound,+16175423928,+1415555402,Lucas Bennett,Customer Success,2,Delivered
SMS-503836,2026-09-05T14:14:00.000Z,Inbound,+12069442506,+1415555205,Isabella Kim,Customer Support,3,Delivered
SMS-503837,2026-09-06T14:35:24.000Z,Inbound,+12065753236,+1415555203,Sophia Nguyen,Customer Support,2,Delivered
SMS-503838,2026-09-06T14:38:55.000Z,Inbound,+13059800619,+1415555303,Benjamin Osei,Billing,2,Delivered
SMS-503839,2026-09-06T13:58:40.000Z,Inbound,+14043740756,+1415555102,Liam Carter,Sales,2,Delivered
SMS-503840,2026-09-06T12:13:22.000Z,Inbound,+13128709413,+1415555101,Ava Thompson,Sales,1,Delivered
SMS-503841,2026-09-06T12:19:53.000Z,Outbound,+1415555204,+15126069413,Mason Brooks,Customer Support,3,Delivered
SMS-503842,2026-09-06T12:21:12.000Z,Inbound,+12123901732,+1415555502,Grace Lindqvist,IT Helpdesk,2,Delivered
SMS-503843,2026-09-06T14:31:34.000Z,Outbound,+1415555201,+17023210513,Olivia Chen,Customer Support,2,Delivered
SMS-503844,2026-09-06T14:40:47.000Z,Outbound,+1415555102,+15123388802,Liam Carter,Sales,1,Delivered
SMS-503845,2026-09-06T12:15:08.000Z,Inbound,+14808314316,+1415555501,Henry Okafor,IT Helpdesk,1,Delivered
SMS-503846,2026-09-06T12:50:37.000Z,Inbound,+13129138017,+1415555103,Noah Patel,Sales,2,Delivered
SMS-503847,2026-09-06T14:32:12.000Z,Inbound,+14155170540,+1415555202,Ethan Walker,Customer Support,3,Delivered
SMS-503848,2026-09-06T13:28:15.000Z,Outbound,+1415555101,+14042187466,Ava Thompson,Sales,3,Delivered
SMS-503849,2026-09-06T13:01:36.000Z,Inbound,+14803159920,+1415555205,Isabella Kim,Customer Support,3,Delivered
SMS-503850,2026-09-06T14:33:00.000Z,Outbound,+1415555203,+13125342817,Sophia Nguyen,Customer Support,1,Delivered
SMS-503851,2026-09-06T13:42:07.000Z,Inbound,+13125825570,+1415555302,Mia Alvarez,Billing,1,Delivered
SMS-503852,2026-09-06T13:27:23.000Z,Inbound,+14807569120,+1415555201,Olivia Chen,Customer Support,2,Delivered
SMS-503853,2026-09-06T13:58:18.000Z,Inbound,+16172872103,+1415555303,Benjamin Osei,Billing,2,Delivered
SMS-503854,2026-09-06T14:14:27.000Z,Inbound,+12124390255,+1415555203,Sophia Nguyen,Customer Support,3,Delivered
SMS-503855,2026-09-06T15:20:33.000Z,Inbound,+17027671461,+1415555302,Mia Alvarez,Billing,1,Delivered
SMS-503856,2026-09-06T15:16:42.000Z,Inbound,+14806057196,+1415555201,Olivia Chen,Customer Support,1,Pending
SMS-503857,2026-09-06T13:59:12.000Z,Inbound,+15125372203,+1415555103,Noah Patel,Sales,3,Delivered
SMS-503858,2026-09-07T14:22:11.000Z,Outbound,+1415555104,+12124914170,Emma Rodriguez,Sales,3,Delivered
SMS-503859,2026-09-07T11:11:26.000Z,Outbound,+1415555202,+13056872366,Ethan Walker,Customer Support,1,Delivered
SMS-503860,2026-09-07T14:52:10.000Z,Inbound,+14809551089,+1415555501,Henry Okafor,IT Helpdesk,2,Delivered
SMS-503861,2026-09-07T13:13:42.000Z,Inbound,+13056296580,+1415555401,Charlotte Reyes,Customer Success,3,Delivered
SMS-503862,2026-09-07T13:20:44.000Z,Inbound,+13058863144,+1415555403,Amelia Foster,Customer Success,2,Delivered
SMS-503863,2026-09-07T12:05:23.000Z,Inbound,+12127141767,+1415555203,Sophia Nguyen,Customer Support,2,Delivered
SMS-503864,2026-09-07T13:27:31.000Z,Outbound,+1415555205,+14044266635,Isabella Kim,Customer Support,1,Delivered
SMS-503865,2026-09-07T14:27:55.000Z,Outbound,+1415555302,+13122339284,Mia Alvarez,Billing,1,Delivered
SMS-503866,2026-09-07T13:34:48.000Z,Inbound,+16177810120,+1415555301,James Whitfield,Billing,2,Delivered
SMS-503867,2026-09-07T12:52:26.000Z,Inbound,+15126223101,+1415555103,Noah Patel,Sales,2,Delivered
SMS-503868,2026-09-07T14:53:02.000Z,Outbound,+1415555101,+14043599656,Ava Thompson,Sales,1,Failed
SMS-503869,2026-09-07T13:54:14.000Z,Outbound,+1415555403,+14045737158,Amelia Foster,Customer Success,1,Delivered
SMS-503870,2026-09-07T13:14:07.000Z,Inbound,+12129875440,+1415555303,Benjamin Osei,Billing,2,Delivered
SMS-503871,2026-09-07T14:35:14.000Z,Inbound,+12128047739,+1415555205,Isabella Kim,Customer Support,1,Delivered
SMS-503872,2026-09-07T14:54:53.000Z,Inbound,+14156952685,+1415555101,Ava Thompson,Sales,1,Delivered
SMS-503873,2026-09-07T13:04:35.000Z,Outbound,+1415555301,+12067952566,James Whitfield,Billing,2,Delivered
SMS-503874,2026-09-07T12:58:48.000Z,Inbound,+14049172935,+1415555502,Grace Lindqvist,IT Helpdesk,2,Delivered
SMS-503875,2026-09-07T12:11:46.000Z,Outbound,+1415555402,+14157320193,Lucas Bennett,Customer Success,3,Failed
SMS-503876,2026-09-07T12:12:02.000Z,Inbound,+16177497146,+1415555502,Grace Lindqvist,IT Helpdesk,2,Delivered
SMS-503877,2026-09-07T12:22:10.000Z,Inbound,+16176866825,+1415555104,Emma Rodriguez,Sales,1,Delivered
SMS-503878,2026-09-07T13:34:50.000Z,Outbound,+1415555502,+15122697451,Grace Lindqvist,IT Helpdesk,2,Delivered
SMS-503879,2026-09-07T13:03:50.000Z,Inbound,+17028505703,+1415555502,Grace Lindqvist,IT Helpdesk,3,Delivered
SMS-503880,2026-09-07T13:54:05.000Z,Inbound,+13057643612,+1415555202,Ethan Walker,Customer Support,1,Delivered
SMS-503881,2026-09-07T14:56:12.000Z,Inbound,+15124377037,+1415555301,James Whitfield,Billing,2,Delivered
SMS-503882,2026-09-07T14:04:43.000Z,Outbound,+1415555102,+15127360674,Liam Carter,Sales,2,Pending
SMS-503883,2026-09-07T13:00:41.000Z,Inbound,+14802506516,+1415555301,James Whitfield,Billing,2,Delivered
SMS-503884,2026-09-07T13:13:35.000Z,Outbound,+1415555102,+13059153611,Liam Carter,Sales,2,Delivered
SMS-503885,2026-09-07T13:54:02.000Z,Inbound,+14158345284,+1415555403,Amelia Foster,Customer Success,1,Pending
SMS-503886,2026-09-07T13:24:15.000Z,Outbound,+1415555501,+12126219788,Henry Okafor,IT Helpdesk,2,Delivered
SMS-503887,2026-09-07T13:38:40.000Z,Outbound,+1415555302,+14042173909,Mia Alvarez,Billing,1,Delivered
SMS-503888,2026-09-07T13:36:21.000Z,Inbound,+17026291300,+1415555205,Isabella Kim,Customer Support,1,Delivered
SMS-503889,2026-09-07T12:19:34.000Z,Outbound,+1415555502,+14805808532,Grace Lindqvist,IT Helpdesk,3,Delivered
SMS-503890,2026-09-07T13:29:58.000Z,Outbound,+1415555301,+17028334585,James Whitfield,Billing,2,Delivered
SMS-503891,2026-09-07T13:05:36.000Z,Inbound,+17026508630,+1415555402,Lucas Bennett,Customer Success,1,Delivered
SMS-503892,2026-09-07T12:42:35.000Z,Inbound,+14803469420,+1415555104,Emma Rodriguez,Sales,2,Delivered
SMS-503893,2026-09-07T14:51:08.000Z,Inbound,+13124196329,+1415555204,Mason Brooks,Customer Support,3,Delivered
SMS-503894,2026-09-07T12:00:11.000Z,Inbound,+12123524399,+1415555502,Grace Lindqvist,IT Helpdesk,3,Delivered
SMS-503895,2026-09-07T13:21:40.000Z,Inbound,+14155835604,+1415555101,Ava Thompson,Sales,2,Delivered
SMS-503896,2026-09-07T15:00:43.000Z,Inbound,+15127876867,+1415555104,Emma Rodriguez,Sales,3,Delivered
SMS-503897,2026-09-07T12:52:05.000Z,Inbound,+12066750042,+1415555204,Mason Brooks,Customer Support,1,Delivered
SMS-503898,2026-09-07T15:39:05.000Z,Inbound,+13129630329,+1415555303,Benjamin Osei,Billing,3,Delivered
SMS-503899,2026-09-07T11:28:56.000Z,Outbound,+1415555403,+12127704610,Amelia Foster,Customer Success,1,Delivered
SMS-503900,2026-09-07T12:36:03.000Z,Inbound,+14048111919,+1415555103,Noah Patel,Sales,3,Delivered
SMS-503901,2026-09-07T12:07:13.000Z,Outbound,+1415555204,+14043024329,Mason Brooks,Customer Support,3,Delivered
SMS-503902,2026-09-07T13:12:58.000Z,Outbound,+1415555501,+17022690816,Henry Okafor,IT Helpdesk,1,Delivered
SMS-503903,2026-09-07T12:05:19.000Z,Inbound,+12125599851,+1415555403,Amelia Foster,Customer Success,3,Delivered
SMS-503904,2026-09-07T13:32:58.000Z,Inbound,+12128939632,+1415555205,Isabella Kim,Customer Support,2,Delivered
SMS-503905,2026-09-07T13:41:30.000Z,Outbound,+1415555104,+12129265507,Emma Rodriguez,Sales,1,Delivered
SMS-503906,2026-09-07T14:15:08.000Z,Outbound,+1415555502,+17028206281,Grace Lindqvist,IT Helpdesk,2,Delivered
SMS-503907,2026-09-07T14:08:15.000Z,Outbound,+1415555301,+14048887770,James Whitfield,Billing,2,Delivered
SMS-503908,2026-09-07T14:40:25.000Z,Outbound,+1415555201,+14043759143,Olivia Chen,Customer Support,3,Delivered
SMS-503909,2026-09-07T13:30:52.000Z,Outbound,+1415555401,+13127010475,Charlotte Reyes,Customer Success,2,Delivered
SMS-503910,2026-09-07T13:22:23.000Z,Outbound,+1415555203,+14156049325,Sophia Nguyen,Customer Support,1,Delivered
SMS-503911,2026-09-07T15:30:08.000Z,Inbound,+13056880967,+1415555303,Benjamin Osei,Billing,2,Delivered
SMS-503912,2026-09-07T12:36:37.000Z,Inbound,+13057733181,+1415555103,Noah Patel,Sales,2,Delivered
SMS-503913,2026-09-07T15:36:44.000Z,Inbound,+14045340727,+1415555403,Amelia Foster,Customer Success,3,Delivered
SMS-503914,2026-09-07T13:46:16.000Z,Outbound,+1415555203,+14153883382,Sophia Nguyen,Customer Support,1,Delivered
SMS-503915,2026-09-07T13:36:50.000Z,Inbound,+12126632522,+1415555301,James Whitfield,Billing,1,Delivered
SMS-503916,2026-09-07T14:52:28.000Z,Inbound,+12125121866,+1415555501,Henry Okafor,IT Helpdesk,1,Delivered
SMS-503917,2026-09-07T13:54:55.000Z,Inbound,+14152169153,+1415555403,Amelia Foster,Customer Success,3,Delivered
SMS-503918,2026-09-07T14:33:49.000Z,Inbound,+17027255688,+1415555104,Emma Rodriguez,Sales,2,Delivered
SMS-503919,2026-09-07T13:08:26.000Z,Inbound,+14152196777,+1415555101,Ava Thompson,Sales,1,Delivered
SMS-503920,2026-09-07T13:40:01.000Z,Outbound,+1415555501,+13057202389,Henry Okafor,IT Helpdesk,2,Delivered
SMS-503921,2026-09-07T13:54:33.000Z,Inbound,+14049758790,+1415555201,Olivia Chen,Customer Support,1,Delivered
SMS-503922,2026-09-07T13:23:03.000Z,Inbound,+12124799568,+1415555101,Ava Thompson,Sales,1,Delivered
SMS-503923,2026-09-07T12:16:17.000Z,Outbound,+1415555502,+14048935811,Grace Lindqvist,IT Helpdesk,1,Delivered
SMS-503924,2026-09-07T12:49:51.000Z,Outbound,+1415555501,+14048159385,Henry Okafor,IT Helpdesk,2,Delivered
SMS-503925,2026-09-07T13:35:29.000Z,Outbound,+1415555205,+14044554901,Isabella Kim,Customer Support,3,Delivered
SMS-503926,2026-09-07T14:20:34.000Z,Outbound,+1415555302,+13122371690,Mia Alvarez,Billing,3,Delivered
SMS-503927,2026-09-07T13:22:55.000Z,Inbound,+14043643303,+1415555402,Lucas Bennett,Customer Success,2,Delivered
SMS-503928,2026-09-07T14:31:15.000Z,Outbound,+1415555204,+14808858066,Mason Brooks,Customer Support,1,Delivered
SMS-503929,2026-09-07T13:17:49.000Z,Inbound,+16172451484,+1415555103,Noah Patel,Sales,2,Delivered
SMS-503930,2026-09-07T13:05:52.000Z,Inbound,+14159143276,+1415555302,Mia Alvarez,Billing,1,Delivered
SMS-503931,2026-09-07T13:01:47.000Z,Inbound,+12064491470,+1415555104,Emma Rodriguez,Sales,2,Failed
SMS-503932,2026-09-07T12:03:51.000Z,Inbound,+16179683865,+1415555301,James Whitfield,Billing,2,Delivered
SMS-503933,2026-09-07T13:04:44.000Z,Inbound,+14156387879,+1415555201,Olivia Chen,Customer Support,1,Delivered
SMS-503934,2026-09-07T13:02:44.000Z,Outbound,+1415555102,+15127891048,Liam Carter,Sales,3,Delivered
SMS-503935,2026-09-07T12:40:51.000Z,Inbound,+14152603830,+1415555101,Ava Thompson,Sales,3,Delivered
SMS-503936,2026-09-07T13:55:27.000Z,Inbound,+15127865992,+1415555205,Isabella Kim,Customer Support,1,Delivered
SMS-503937,2026-09-07T14:32:49.000Z,Outbound,+1415555102,+17023406759,Liam Carter,Sales,3,Delivered
SMS-503938,2026-09-07T13:20:18.000Z,Outbound,+1415555403,+12127252265,Amelia Foster,Customer Success,3,Delivered
SMS-503939,2026-09-07T12:42:29.000Z,Inbound,+12063178381,+1415555402,Lucas Bennett,Customer Success,1,Delivered
SMS-503940,2026-09-07T12:28:47.000Z,Inbound,+14046535379,+1415555402,Lucas Bennett,Customer Success,3,Failed
SMS-503941,2026-09-07T14:35:44.000Z,Inbound,+13057956887,+1415555204,Mason Brooks,Customer Support,3,Delivered
SMS-503942,2026-09-07T13:11:05.000Z,Inbound,+12127758102,+1415555203,Sophia Nguyen,Customer Support,1,Delivered
SMS-503943,2026-09-07T13:40:36.000Z,Inbound,+16177341541,+1415555103,Noah Patel,Sales,2,Delivered
SMS-503944,2026-09-07T14:28:49.000Z,Outbound,+1415555205,+14805445538,Isabella Kim,Customer Support,3,Delivered
SMS-503945,2026-09-07T12:07:59.000Z,Inbound,+13053856909,+1415555502,Grace Lindqvist,IT Helpdesk,1,Delivered
SMS-503946,2026-09-07T14:02:36.000Z,Outbound,+1415555104,+14045759241,Emma Rodriguez,Sales,1,Delivered
SMS-503947,2026-09-07T13:43:27.000Z,Outbound,+1415555204,+14045682918,Mason Brooks,Customer Support,3,Delivered
SMS-503948,2026-09-07T13:28:31.000Z,Inbound,+14157262409,+1415555401,Charlotte Reyes,Customer Success,3,Delivered
SMS-503949,2026-09-07T14:07:51.000Z,Outbound,+1415555204,+14048322302,Mason Brooks,Customer Support,1,Delivered
SMS-503950,2026-09-07T13:40:37.000Z,Outbound,+1415555501,+14154723700,Henry Okafor,IT Helpdesk,1,Delivered
SMS-503951,2026-09-08T13:53:34.000Z,Outbound,+1415555303,+16179488601,Benjamin Osei,Billing,1,Delivered
SMS-503952,2026-09-08T14:42:53.000Z,Inbound,+17022343028,+1415555201,Olivia Chen,Customer Support,3,Delivered
SMS-503953,2026-09-08T14:25:33.000Z,Inbound,+15126644982,+1415555403,Amelia Foster,Customer Success,1,Delivered
SMS-503954,2026-09-08T12:12:01.000Z,Outbound,+1415555302,+14803782739,Mia Alvarez,Billing,3,Delivered
SMS-503955,2026-09-08T12:23:40.000Z,Inbound,+13123541600,+1415555401,Charlotte Reyes,Customer Success,2,Failed
SMS-503956,2026-09-08T13:23:05.000Z,Outbound,+1415555103,+16175194991,Noah Patel,Sales,3,Delivered
SMS-503957,2026-09-08T13:19:43.000Z,Inbound,+17024709757,+1415555203,Sophia Nguyen,Customer Support,1,Delivered
SMS-503958,2026-09-08T14:18:55.000Z,Inbound,+14154421337,+1415555403,Amelia Foster,Customer Success,2,Delivered
SMS-503959,2026-09-08T13:30:51.000Z,Inbound,+14807277503,+1415555204,Mason Brooks,Customer Support,2,Delivered
SMS-503960,2026-09-08T12:17:09.000Z,Inbound,+14043113351,+1415555302,Mia Alvarez,Billing,1,Delivered
SMS-503961,2026-09-08T14:27:59.000Z,Inbound,+13052573968,+1415555301,James Whitfield,Billing,3,Delivered
SMS-503962,2026-09-08T14:40:01.000Z,Inbound,+13123166765,+1415555201,Olivia Chen,Customer Support,3,Delivered
SMS-503963,2026-09-08T12:31:23.000Z,Inbound,+13127288078,+1415555101,Ava Thompson,Sales,2,Delivered
SMS-503964,2026-09-08T12:45:44.000Z,Inbound,+15122844443,+1415555104,Emma Rodriguez,Sales,1,Delivered
SMS-503965,2026-09-08T12:10:00.000Z,Inbound,+14047690898,+1415555501,Henry Okafor,IT Helpdesk,1,Delivered
SMS-503966,2026-09-08T13:35:53.000Z,Inbound,+14044290900,+1415555301,James Whitfield,Billing,1,Delivered
SMS-503967,2026-09-08T13:23:01.000Z,Inbound,+13052295534,+1415555201,Olivia Chen,Customer Support,2,Delivered
SMS-503968,2026-09-08T13:00:40.000Z,Inbound,+14156071521,+1415555502,Grace Lindqvist,IT Helpdesk,3,Delivered
SMS-503969,2026-09-08T13:43:51.000Z,Outbound,+1415555201,+16173769627,Olivia Chen,Customer Support,1,Delivered
SMS-503970,2026-09-08T12:40:40.000Z,Inbound,+14805190410,+1415555104,Emma Rodriguez,Sales,2,Delivered
SMS-503971,2026-09-08T12:08:20.000Z,Inbound,+14802826651,+1415555302,Mia Alvarez,Billing,3,Delivered
SMS-503972,2026-09-08T13:58:36.000Z,Outbound,+1415555303,+16176948347,Benjamin Osei,Billing,3,Delivered
SMS-503973,2026-09-08T13:40:35.000Z,Inbound,+14045980738,+1415555502,Grace Lindqvist,IT Helpdesk,2,Delivered
SMS-503974,2026-09-08T12:17:36.000Z,Inbound,+16172974560,+1415555104,Emma Rodriguez,Sales,2,Delivered
SMS-503975,2026-09-08T14:10:45.000Z,Outbound,+1415555201,+15129603942,Olivia Chen,Customer Support,2,Delivered
SMS-503976,2026-09-08T13:53:20.000Z,Inbound,+12123700458,+1415555303,Benjamin Osei,Billing,1,Delivered
SMS-503977,2026-09-08T11:54:02.000Z,Inbound,+16178540077,+1415555501,Henry Okafor,IT Helpdesk,2,Failed
SMS-503978,2026-09-08T13:47:48.000Z,Inbound,+14154740054,+1415555104,Emma Rodriguez,Sales,1,Delivered
SMS-503979,2026-09-08T11:49:54.000Z,Inbound,+14158395883,+1415555102,Liam Carter,Sales,3,Delivered
SMS-503980,2026-09-08T13:55:37.000Z,Outbound,+1415555303,+12068893993,Benjamin Osei,Billing,1,Delivered
SMS-503981,2026-09-08T12:28:17.000Z,Inbound,+14153123070,+1415555101,Ava Thompson,Sales,2,Delivered
SMS-503982,2026-09-08T14:19:21.000Z,Outbound,+1415555102,+14808939235,Liam Carter,Sales,1,Delivered
SMS-503983,2026-09-08T14:13:23.000Z,Outbound,+1415555402,+12124880007,Lucas Bennett,Customer Success,3,Delivered
SMS-503984,2026-09-08T13:15:35.000Z,Outbound,+1415555302,+12065672802,Mia Alvarez,Billing,3,Delivered
SMS-503985,2026-09-08T14:56:21.000Z,Inbound,+14046109683,+1415555202,Ethan Walker,Customer Support,3,Delivered
SMS-503986,2026-09-08T14:56:18.000Z,Inbound,+14046364970,+1415555202,Ethan Walker,Customer Support,1,Delivered
SMS-503987,2026-09-08T14:20:11.000Z,Outbound,+1415555102,+14049469298,Liam Carter,Sales,2,Delivered
SMS-503988,2026-09-08T13:54:00.000Z,Outbound,+1415555104,+16175308954,Emma Rodriguez,Sales,1,Delivered
SMS-503989,2026-09-08T14:17:44.000Z,Outbound,+1415555201,+12123466081,Olivia Chen,Customer Support,3,Delivered
SMS-503990,2026-09-08T14:00:59.000Z,Inbound,+12128501103,+1415555303,Benjamin Osei,Billing,1,Delivered
SMS-503991,2026-09-08T13:09:38.000Z,Inbound,+14808199140,+1415555303,Benjamin Osei,Billing,3,Delivered
SMS-503992,2026-09-08T13:56:49.000Z,Inbound,+14806964959,+1415555202,Ethan Walker,Customer Support,2,Delivered
SMS-503993,2026-09-08T12:58:52.000Z,Outbound,+1415555303,+13057371477,Benjamin Osei,Billing,2,Delivered
SMS-503994,2026-09-08T12:00:20.000Z,Outbound,+1415555101,+12128661051,Ava Thompson,Sales,3,Pending
SMS-503995,2026-09-08T12:17:01.000Z,Inbound,+15123273396,+1415555401,Charlotte Reyes,Customer Success,3,Delivered
SMS-503996,2026-09-08T13:33:23.000Z,Inbound,+16175447519,+1415555204,Mason Brooks,Customer Support,3,Pending
SMS-503997,2026-09-08T13:20:11.000Z,Outbound,+1415555203,+12128571849,Sophia Nguyen,Customer Support,1,Delivered
SMS-503998,2026-09-08T12:14:14.000Z,Inbound,+14804407297,+1415555303,Benjamin Osei,Billing,2,Delivered
SMS-503999,2026-09-08T13:59:30.000Z,Inbound,+13058977820,+1415555502,Grace Lindqvist,IT Helpdesk,3,Delivered
SMS-504000,2026-09-08T13:44:17.000Z,Inbound,+13054513006,+1415555402,Lucas Bennett,Customer Success,3,Delivered
SMS-504001,2026-09-08T13:17:39.000Z,Inbound,+12126187592,+1415555301,James Whitfield,Billing,3,Delivered
SMS-504002,2026-09-08T13:09:23.000Z,Outbound,+1415555501,+12068792553,Henry Okafor,IT Helpdesk,2,Delivered
SMS-504003,2026-09-08T12:37:45.000Z,Outbound,+1415555403,+15127943155,Amelia Foster,Customer Success,1,Delivered
SMS-504004,2026-09-08T14:58:46.000Z,Inbound,+17025739635,+1415555502,Grace Lindqvist,IT Helpdesk,1,Delivered
SMS-504005,2026-09-08T13:10:57.000Z,Outbound,+1415555201,+17028171426,Olivia Chen,Customer Support,3,Delivered
SMS-504006,2026-09-08T12:55:53.000Z,Outbound,+1415555101,+13056436304,Ava Thompson,Sales,3,Delivered
SMS-504007,2026-09-08T13:14:27.000Z,Inbound,+12124040284,+1415555303,Benjamin Osei,Billing,1,Delivered
SMS-504008,2026-09-09T12:28:45.000Z,Outbound,+1415555401,+17025098633,Charlotte Reyes,Customer Success,2,Delivered
SMS-504009,2026-09-09T12:47:41.000Z,Inbound,+14802999134,+1415555103,Noah Patel,Sales,1,Delivered
SMS-504010,2026-09-09T11:16:18.000Z,Inbound,+13128945190,+1415555204,Mason Brooks,Customer Support,2,Delivered
SMS-504011,2026-09-09T13:03:32.000Z,Outbound,+1415555203,+16173746803,Sophia Nguyen,Customer Support,1,Delivered
SMS-504012,2026-09-09T12:16:49.000Z,Outbound,+1415555102,+13058376957,Liam Carter,Sales,1,Delivered
SMS-504013,2026-09-09T12:20:16.000Z,Outbound,+1415555203,+14047318251,Sophia Nguyen,Customer Support,1,Delivered
SMS-504014,2026-09-09T13:05:08.000Z,Outbound,+1415555201,+17024791797,Olivia Chen,Customer Support,1,Delivered
SMS-504015,2026-09-09T13:56:58.000Z,Inbound,+12124722327,+1415555204,Mason Brooks,Customer Support,1,Delivered
SMS-504016,2026-09-09T12:52:37.000Z,Inbound,+17027365905,+1415555202,Ethan Walker,Customer Support,2,Delivered
SMS-504017,2026-09-09T14:49:50.000Z,Inbound,+15125865696,+1415555205,Isabella Kim,Customer Support,3,Delivered
SMS-504018,2026-09-09T14:14:56.000Z,Inbound,+15124624299,+1415555402,Lucas Bennett,Customer Success,3,Delivered
SMS-504019,2026-09-09T11:20:08.000Z,Outbound,+1415555203,+14049840360,Sophia Nguyen,Customer Support,2,Delivered
SMS-504020,2026-09-09T13:42:13.000Z,Inbound,+14154489011,+1415555403,Amelia Foster,Customer Success,3,Delivered
SMS-504021,2026-09-09T13:31:01.000Z,Inbound,+13129683994,+1415555104,Emma Rodriguez,Sales,3,Delivered
SMS-504022,2026-09-09T13:22:43.000Z,Outbound,+1415555502,+14155231604,Grace Lindqvist,IT Helpdesk,2,Failed
SMS-504023,2026-09-09T13:17:32.000Z,Outbound,+1415555203,+12124816825,Sophia Nguyen,Customer Support,3,Pending
SMS-504024,2026-09-09T13:17:34.000Z,Inbound,+13123438522,+1415555402,Lucas Bennett,Customer Success,2,Delivered
SMS-504025,2026-09-09T12:26:35.000Z,Outbound,+1415555205,+14803159668,Isabella Kim,Customer Support,2,Delivered
SMS-504026,2026-09-09T14:29:05.000Z,Inbound,+14048867654,+1415555204,Mason Brooks,Customer Support,1,Delivered
SMS-504027,2026-09-09T13:39:34.000Z,Outbound,+1415555103,+13128724943,Noah Patel,Sales,2,Delivered
SMS-504028,2026-09-09T14:57:28.000Z,Outbound,+1415555502,+14046361850,Grace Lindqvist,IT Helpdesk,1,Delivered
SMS-504029,2026-09-09T11:56:02.000Z,Inbound,+14803846008,+1415555104,Emma Rodriguez,Sales,1,Delivered
SMS-504030,2026-09-09T13:29:02.000Z,Inbound,+13053922601,+1415555301,James Whitfield,Billing,3,Failed
SMS-504031,2026-09-09T14:35:30.000Z,Inbound,+14807347548,+1415555403,Amelia Foster,Customer Success,2,Delivered
SMS-504032,2026-09-09T13:41:02.000Z,Outbound,+1415555103,+17023792689,Noah Patel,Sales,2,Delivered
SMS-504033,2026-09-09T14:26:08.000Z,Inbound,+15129662836,+1415555205,Isabella Kim,Customer Support,2,Delivered
SMS-504034,2026-09-09T13:25:58.000Z,Inbound,+13128979330,+1415555401,Charlotte Reyes,Customer Success,1,Delivered
SMS-504035,2026-09-09T13:34:42.000Z,Outbound,+1415555303,+13053649003,Benjamin Osei,Billing,3,Delivered
SMS-504036,2026-09-09T13:40:26.000Z,Inbound,+16175395310,+1415555104,Emma Rodriguez,Sales,3,Delivered
SMS-504037,2026-09-09T13:31:03.000Z,Inbound,+12127717938,+1415555103,Noah Patel,Sales,3,Delivered
SMS-504038,2026-09-09T13:38:11.000Z,Outbound,+1415555101,+13056363061,Ava Thompson,Sales,3,Delivered
SMS-504039,2026-09-09T12:35:20.000Z,Outbound,+1415555204,+17023680750,Mason Brooks,Customer Support,2,Delivered
SMS-504040,2026-09-09T14:07:53.000Z,Inbound,+13053564963,+1415555402,Lucas Bennett,Customer Success,2,Failed
SMS-504041,2026-09-09T13:03:58.000Z,Inbound,+14804167353,+1415555205,Isabella Kim,Customer Support,3,Failed
SMS-504042,2026-09-09T13:33:31.000Z,Outbound,+1415555102,+13056732681,Liam Carter,Sales,3,Delivered
SMS-504043,2026-09-09T13:50:19.000Z,Outbound,+1415555402,+12126471865,Lucas Bennett,Customer Success,3,Delivered
SMS-504044,2026-09-09T13:17:09.000Z,Inbound,+13125504472,+1415555102,Liam Carter,Sales,2,Delivered
SMS-504045,2026-09-09T13:06:41.000Z,Outbound,+1415555202,+14046673735,Ethan Walker,Customer Support,3,Delivered
SMS-504046,2026-09-09T12:32:13.000Z,Outbound,+1415555103,+14807778745,Noah Patel,Sales,3,Delivered
SMS-504047,2026-09-09T13:23:26.000Z,Inbound,+17028886342,+1415555101,Ava Thompson,Sales,3,Delivered
SMS-504048,2026-09-09T13:53:12.000Z,Inbound,+14044793520,+1415555403,Amelia Foster,Customer Success,1,Delivered
SMS-504049,2026-09-09T12:08:21.000Z,Outbound,+1415555205,+14042144070,Isabella Kim,Customer Support,1,Delivered
SMS-504050,2026-09-09T13:56:44.000Z,Inbound,+15123781319,+1415555202,Ethan Walker,Customer Support,3,Delivered
SMS-504051,2026-09-09T13:53:37.000Z,Inbound,+13125303755,+1415555101,Ava Thompson,Sales,1,Delivered
SMS-504052,2026-09-09T14:01:26.000Z,Outbound,+1415555403,+14046310519,Amelia Foster,Customer Success,2,Delivered
SMS-504053,2026-09-09T13:32:18.000Z,Inbound,+13122398375,+1415555401,Charlotte Reyes,Customer Success,1,Delivered
SMS-504054,2026-09-09T12:02:40.000Z,Outbound,+1415555301,+14156982002,James Whitfield,Billing,2,Delivered
SMS-504055,2026-09-09T12:07:00.000Z,Inbound,+12125725534,+1415555203,Sophia Nguyen,Customer Support,3,Delivered
SMS-504056,2026-09-09T13:36:16.000Z,Inbound,+17027429101,+1415555502,Grace Lindqvist,IT Helpdesk,3,Delivered
SMS-504057,2026-09-09T12:20:43.000Z,Inbound,+12064611115,+1415555401,Charlotte Reyes,Customer Success,1,Delivered
SMS-504058,2026-09-09T13:20:37.000Z,Outbound,+1415555302,+13058882495,Mia Alvarez,Billing,2,Delivered
SMS-504059,2026-09-09T13:46:47.000Z,Inbound,+15122387445,+1415555302,Mia Alvarez,Billing,2,Delivered
SMS-504060,2026-09-09T13:28:36.000Z,Outbound,+1415555403,+14048857550,Amelia Foster,Customer Success,1,Delivered
SMS-504061,2026-09-09T12:31:40.000Z,Outbound,+1415555502,+12123671540,Grace Lindqvist,IT Helpdesk,1,Delivered
SMS-504062,2026-09-09T14:34:43.000Z,Inbound,+13129674851,+1415555401,Charlotte Reyes,Customer Success,1,Delivered
SMS-504063,2026-09-09T14:54:20.000Z,Outbound,+1415555103,+12065282187,Noah Patel,Sales,1,Delivered
SMS-504064,2026-09-09T13:21:22.000Z,Outbound,+1415555202,+12064642237,Ethan Walker,Customer Support,3,Delivered
SMS-504065,2026-09-09T12:01:56.000Z,Inbound,+16175268073,+1415555403,Amelia Foster,Customer Success,1,Delivered
SMS-504066,2026-09-09T14:15:57.000Z,Outbound,+1415555202,+12067340273,Ethan Walker,Customer Support,3,Delivered
SMS-504067,2026-09-09T12:22:36.000Z,Inbound,+14153366211,+1415555203,Sophia Nguyen,Customer Support,3,Delivered
SMS-504068,2026-09-09T12:17:00.000Z,Inbound,+14809477122,+1415555401,Charlotte Reyes,Customer Success,2,Delivered
SMS-504069,2026-09-10T13:15:30.000Z,Inbound,+16179008349,+1415555201,Olivia Chen,Customer Support,3,Delivered
SMS-504070,2026-09-10T13:17:42.000Z,Inbound,+14154510404,+1415555302,Mia Alvarez,Billing,1,Delivered
SMS-504071,2026-09-10T12:54:25.000Z,Inbound,+13055291708,+1415555303,Benjamin Osei,Billing,3,Delivered
SMS-504072,2026-09-10T12:01:43.000Z,Outbound,+1415555401,+13056393558,Charlotte Reyes,Customer Success,3,Delivered
SMS-504073,2026-09-10T13:49:21.000Z,Inbound,+15127038476,+1415555401,Charlotte Reyes,Customer Success,1,Delivered
SMS-504074,2026-09-10T13:38:28.000Z,Outbound,+1415555201,+13126546825,Olivia Chen,Customer Support,2,Delivered
SMS-504075,2026-09-10T13:00:04.000Z,Outbound,+1415555201,+14042125447,Olivia Chen,Customer Support,2,Delivered
SMS-504076,2026-09-10T14:47:15.000Z,Outbound,+1415555102,+13057059155,Liam Carter,Sales,3,Delivered
SMS-504077,2026-09-10T12:40:41.000Z,Outbound,+1415555101,+14159661662,Ava Thompson,Sales,3,Delivered
SMS-504078,2026-09-10T13:37:29.000Z,Inbound,+14154493903,+1415555103,Noah Patel,Sales,3,Delivered
SMS-504079,2026-09-10T13:40:03.000Z,Inbound,+17028634406,+1415555202,Ethan Walker,Customer Support,1,Delivered
SMS-504080,2026-09-10T12:40:16.000Z,Inbound,+17023623395,+1415555104,Emma Rodriguez,Sales,2,Delivered
SMS-504081,2026-09-10T13:14:42.000Z,Inbound,+12129743996,+1415555403,Amelia Foster,Customer Success,3,Delivered
SMS-504082,2026-09-10T14:08:08.000Z,Inbound,+14044758206,+1415555301,James Whitfield,Billing,2,Delivered
SMS-504083,2026-09-10T13:52:51.000Z,Outbound,+1415555103,+15124575541,Noah Patel,Sales,1,Delivered
SMS-504084,2026-09-10T12:01:46.000Z,Inbound,+13054858012,+1415555403,Amelia Foster,Customer Success,1,Delivered
SMS-504085,2026-09-10T14:21:08.000Z,Outbound,+1415555401,+17029195957,Charlotte Reyes,Customer Success,3,Delivered
SMS-504086,2026-09-10T14:53:09.000Z,Outbound,+1415555502,+16175869003,Grace Lindqvist,IT Helpdesk,1,Delivered
SMS-504087,2026-09-10T13:36:09.000Z,Outbound,+1415555104,+15127320947,Emma Rodriguez,Sales,3,Delivered
SMS-504088,2026-09-10T13:44:27.000Z,Inbound,+14155171062,+1415555402,Lucas Bennett,Customer Success,2,Delivered
SMS-504089,2026-09-10T12:54:34.000Z,Inbound,+14804734812,+1415555402,Lucas Bennett,Customer Success,2,Delivered
SMS-504090,2026-09-10T12:18:33.000Z,Outbound,+1415555103,+12127681707,Noah Patel,Sales,2,Delivered
SMS-504091,2026-09-10T13:38:13.000Z,Inbound,+14156867343,+1415555203,Sophia Nguyen,Customer Support,2,Delivered
SMS-504092,2026-09-10T14:01:23.000Z,Inbound,+15125712728,+1415555401,Charlotte Reyes,Customer Success,1,Delivered
SMS-504093,2026-09-10T14:01:11.000Z,Outbound,+1415555101,+13052947516,Ava Thompson,Sales,2,Delivered
SMS-504094,2026-09-10T12:11:42.000Z,Inbound,+13057736324,+1415555302,Mia Alvarez,Billing,2,Delivered
SMS-504095,2026-09-10T13:22:38.000Z,Inbound,+13125888353,+1415555203,Sophia Nguyen,Customer Support,1,Failed
SMS-504096,2026-09-10T11:27:36.000Z,Inbound,+14048418069,+1415555301,James Whitfield,Billing,2,Delivered
SMS-504097,2026-09-10T13:13:29.000Z,Outbound,+1415555402,+16179303338,Lucas Bennett,Customer Success,2,Delivered
SMS-504098,2026-09-10T15:51:18.000Z,Outbound,+1415555402,+13124768433,Lucas Bennett,Customer Success,1,Delivered
SMS-504099,2026-09-10T12:29:55.000Z,Inbound,+12066399747,+1415555301,James Whitfield,Billing,3,Delivered
SMS-504100,2026-09-10T13:11:29.000Z,Outbound,+1415555101,+12122851605,Ava Thompson,Sales,3,Failed
SMS-504101,2026-09-10T13:21:28.000Z,Outbound,+1415555202,+16175846352,Ethan Walker,Customer Support,1,Delivered
SMS-504102,2026-09-10T15:54:20.000Z,Inbound,+16177775000,+1415555302,Mia Alvarez,Billing,3,Delivered
SMS-504103,2026-09-10T13:18:26.000Z,Outbound,+1415555205,+12069475005,Isabella Kim,Customer Support,3,Delivered
SMS-504104,2026-09-10T11:56:25.000Z,Inbound,+13125808629,+1415555401,Charlotte Reyes,Customer Success,3,Delivered
SMS-504105,2026-09-10T13:34:50.000Z,Outbound,+1415555403,+16172348947,Amelia Foster,Customer Success,1,Delivered
SMS-504106,2026-09-10T13:12:12.000Z,Inbound,+12067562604,+1415555301,James Whitfield,Billing,1,Delivered
SMS-504107,2026-09-10T13:47:29.000Z,Inbound,+12069744658,+1415555102,Liam Carter,Sales,1,Delivered
SMS-504108,2026-09-10T12:16:18.000Z,Outbound,+1415555103,+13124970582,Noah Patel,Sales,1,Delivered
SMS-504109,2026-09-10T13:52:32.000Z,Inbound,+17022475998,+1415555502,Grace Lindqvist,IT Helpdesk,2,Delivered
SMS-504110,2026-09-10T11:27:57.000Z,Outbound,+1415555205,+14047476585,Isabella Kim,Customer Support,3,Delivered
SMS-504111,2026-09-10T13:22:42.000Z,Inbound,+17028971544,+1415555401,Charlotte Reyes,Customer Success,2,Delivered
SMS-504112,2026-09-10T12:23:51.000Z,Outbound,+1415555201,+16177757449,Olivia Chen,Customer Support,2,Delivered
SMS-504113,2026-09-10T12:01:29.000Z,Outbound,+1415555201,+12065891748,Olivia Chen,Customer Support,3,Delivered
SMS-504114,2026-09-10T12:11:48.000Z,Inbound,+13129734361,+1415555201,Olivia Chen,Customer Support,1,Failed
SMS-504115,2026-09-10T13:38:16.000Z,Outbound,+1415555203,+13056876843,Sophia Nguyen,Customer Support,1,Delivered
SMS-504116,2026-09-10T13:15:56.000Z,Inbound,+12066326436,+1415555202,Ethan Walker,Customer Support,1,Delivered
SMS-504117,2026-09-10T14:52:54.000Z,Inbound,+14045953119,+1415555402,Lucas Bennett,Customer Success,3,Delivered
SMS-504118,2026-09-10T14:18:19.000Z,Inbound,+12069594491,+1415555501,Henry Okafor,IT Helpdesk,2,Delivered
SMS-504119,2026-09-10T13:35:31.000Z,Inbound,+14049380869,+1415555202,Ethan Walker,Customer Support,1,Delivered
SMS-504120,2026-09-10T13:41:46.000Z,Inbound,+14802076145,+1415555401,Charlotte Reyes,Customer Success,1,Delivered
SMS-504121,2026-09-10T14:33:44.000Z,Inbound,+14802256668,+1415555302,Mia Alvarez,Billing,2,Delivered
SMS-504122,2026-09-10T12:32:52.000Z,Inbound,+14803092802,+1415555401,Charlotte Reyes,Customer Success,3,Delivered
SMS-504123,2026-09-11T13:04:33.000Z,Inbound,+16172466351,+1415555403,Amelia Foster,Customer Success,1,Delivered
SMS-504124,2026-09-11T11:24:11.000Z,Outbound,+1415555502,+13122441293,Grace Lindqvist,IT Helpdesk,3,Pending
SMS-504125,2026-09-11T13:12:22.000Z,Inbound,+15122743455,+1415555103,Noah Patel,Sales,3,Delivered
SMS-504126,2026-09-11T13:47:32.000Z,Outbound,+1415555403,+14049458095,Amelia Foster,Customer Success,2,Delivered
SMS-504127,2026-09-11T13:11:09.000Z,Inbound,+16175965462,+1415555101,Ava Thompson,Sales,1,Delivered
SMS-504128,2026-09-11T13:27:42.000Z,Outbound,+1415555101,+14159159207,Ava Thompson,Sales,2,Delivered
SMS-504129,2026-09-11T14:04:05.000Z,Inbound,+17026630077,+1415555102,Liam Carter,Sales,1,Pending
SMS-504130,2026-09-11T12:48:12.000Z,Outbound,+1415555401,+13059398252,Charlotte Reyes,Customer Success,1,Delivered
SMS-504131,2026-09-11T13:30:19.000Z,Outbound,+1415555502,+12062474797,Grace Lindqvist,IT Helpdesk,1,Delivered
SMS-504132,2026-09-11T13:20:55.000Z,Inbound,+13122017415,+1415555502,Grace Lindqvist,IT Helpdesk,3,Delivered
SMS-504133,2026-09-11T14:10:22.000Z,Inbound,+16175725593,+1415555101,Ava Thompson,Sales,2,Delivered
SMS-504134,2026-09-11T15:47:37.000Z,Inbound,+14803781244,+1415555301,James Whitfield,Billing,3,Delivered
SMS-504135,2026-09-11T14:04:33.000Z,Inbound,+12069323743,+1415555205,Isabella Kim,Customer Support,2,Pending
SMS-504136,2026-09-11T15:00:06.000Z,Inbound,+12122524271,+1415555201,Olivia Chen,Customer Support,3,Delivered
SMS-504137,2026-09-11T12:17:03.000Z,Outbound,+1415555402,+15125377145,Lucas Bennett,Customer Success,1,Delivered
SMS-504138,2026-09-11T15:38:00.000Z,Inbound,+13125754455,+1415555203,Sophia Nguyen,Customer Support,2,Delivered
SMS-504139,2026-09-11T12:08:12.000Z,Inbound,+14154639743,+1415555401,Charlotte Reyes,Customer Success,1,Delivered
SMS-504140,2026-09-11T14:53:57.000Z,Outbound,+1415555205,+15124371644,Isabella Kim,Customer Support,2,Delivered
SMS-504141,2026-09-11T11:58:07.000Z,Inbound,+12123789559,+1415555501,Henry Okafor,IT Helpdesk,2,Delivered
SMS-504142,2026-09-11T14:49:37.000Z,Outbound,+1415555303,+13127505600,Benjamin Osei,Billing,1,Delivered
SMS-504143,2026-09-11T14:04:43.000Z,Outbound,+1415555103,+13122719499,Noah Patel,Sales,2,Delivered
SMS-504144,2026-09-11T14:20:31.000Z,Outbound,+1415555301,+12062471026,James Whitfield,Billing,3,Delivered
SMS-504145,2026-09-11T13:19:48.000Z,Inbound,+17025966943,+1415555402,Lucas Bennett,Customer Success,2,Pending
SMS-504146,2026-09-11T14:46:51.000Z,Inbound,+17025140575,+1415555104,Emma Rodriguez,Sales,1,Delivered
SMS-504147,2026-09-11T13:43:04.000Z,Inbound,+12128186403,+1415555102,Liam Carter,Sales,3,Delivered
SMS-504148,2026-09-11T11:53:16.000Z,Outbound,+1415555201,+16174349206,Olivia Chen,Customer Support,1,Pending
SMS-504149,2026-09-11T14:54:40.000Z,Outbound,+1415555302,+15128487929,Mia Alvarez,Billing,2,Delivered
SMS-504150,2026-09-11T13:16:34.000Z,Inbound,+14043115520,+1415555204,Mason Brooks,Customer Support,3,Delivered
SMS-504151,2026-09-11T13:01:18.000Z,Inbound,+14155792168,+1415555202,Ethan Walker,Customer Support,1,Delivered
SMS-504152,2026-09-11T13:17:19.000Z,Inbound,+17023871930,+1415555303,Benjamin Osei,Billing,1,Pending
SMS-504153,2026-09-11T12:49:49.000Z,Outbound,+1415555104,+17024625653,Emma Rodriguez,Sales,2,Delivered
SMS-504154,2026-09-11T12:11:15.000Z,Inbound,+17028451168,+1415555204,Mason Brooks,Customer Support,2,Delivered
SMS-504155,2026-09-11T13:47:03.000Z,Inbound,+14804979605,+1415555501,Henry Okafor,IT Helpdesk,2,Pending
SMS-504156,2026-09-11T15:49:44.000Z,Inbound,+12125221330,+1415555502,Grace Lindqvist,IT Helpdesk,1,Delivered
SMS-504157,2026-09-11T14:28:12.000Z,Inbound,+16175054052,+1415555401,Charlotte Reyes,Customer Success,3,Delivered
SMS-504158,2026-09-11T15:45:26.000Z,Inbound,+12125227711,+1415555103,Noah Patel,Sales,3,Delivered
SMS-504159,2026-09-11T13:43:43.000Z,Inbound,+16172878280,+1415555205,Isabella Kim,Customer Support,2,Failed
SMS-504160,2026-09-11T13:11:42.000Z,Inbound,+15125586911,+1415555501,Henry Okafor,IT Helpdesk,1,Delivered
SMS-504161,2026-09-11T12:54:54.000Z,Inbound,+13059274053,+1415555502,Grace Lindqvist,IT Helpdesk,3,Delivered
SMS-504162,2026-09-11T13:04:32.000Z,Inbound,+13053037243,+1415555204,Mason Brooks,Customer Support,2,Delivered
SMS-504163,2026-09-11T11:23:34.000Z,Inbound,+15126541578,+1415555302,Mia Alvarez,Billing,3,Delivered
SMS-504164,2026-09-11T13:48:55.000Z,Inbound,+12065093963,+1415555301,James Whitfield,Billing,3,Delivered
SMS-504165,2026-09-11T14:03:52.000Z,Outbound,+1415555101,+15128023297,Ava Thompson,Sales,2,Delivered
SMS-504166,2026-09-11T11:49:30.000Z,Outbound,+1415555302,+17024723312,Mia Alvarez,Billing,1,Delivered
SMS-504167,2026-09-11T12:56:51.000Z,Outbound,+1415555101,+12122348584,Ava Thompson,Sales,1,Delivered
SMS-504168,2026-09-11T13:34:35.000Z,Outbound,+1415555501,+15127431657,Henry Okafor,IT Helpdesk,3,Delivered
SMS-504169,2026-09-11T14:16:18.000Z,Outbound,+1415555401,+16175716468,Charlotte Reyes,Customer Success,1,Delivered
SMS-504170,2026-09-11T14:39:52.000Z,Inbound,+16174371528,+1415555204,Mason Brooks,Customer Support,3,Delivered
SMS-504171,2026-09-11T12:19:58.000Z,Outbound,+1415555201,+14042404728,Olivia Chen,Customer Support,3,Delivered
SMS-504172,2026-09-11T15:34:24.000Z,Outbound,+1415555402,+12067646722,Lucas Bennett,Customer Success,1,Delivered
SMS-504173,2026-09-11T12:17:25.000Z,Outbound,+1415555401,+14808304482,Charlotte Reyes,Customer Success,1,Delivered
SMS-504174,2026-09-11T13:15:14.000Z,Outbound,+1415555403,+14046714421,Amelia Foster,Customer Success,3,Delivered
SMS-504175,2026-09-11T14:00:33.000Z,Outbound,+1415555303,+13053659134,Benjamin Osei,Billing,1,Delivered
SMS-504176,2026-09-11T13:59:32.000Z,Outbound,+1415555301,+15126466331,James Whitfield,Billing,2,Delivered
SMS-504177,2026-09-11T12:58:03.000Z,Inbound,+14156754808,+1415555201,Olivia Chen,Customer Support,2,Delivered
SMS-504178,2026-09-11T14:29:03.000Z,Outbound,+1415555302,+14808554960,Mia Alvarez,Billing,2,Delivered
SMS-504179,2026-09-12T14:04:34.000Z,Inbound,+15122271644,+1415555102,Liam Carter,Sales,2,Delivered
SMS-504180,2026-09-12T14:05:00.000Z,Inbound,+13054388479,+1415555101,Ava Thompson,Sales,3,Pending
SMS-504181,2026-09-12T11:02:50.000Z,Inbound,+12123001860,+1415555205,Isabella Kim,Customer Support,3,Delivered
SMS-504182,2026-09-12T13:43:48.000Z,Outbound,+1415555401,+14158007739,Charlotte Reyes,Customer Success,2,Delivered
SMS-504183,2026-09-12T11:01:35.000Z,Outbound,+1415555201,+14048463367,Olivia Chen,Customer Support,1,Delivered
SMS-504184,2026-09-12T13:13:59.000Z,Outbound,+1415555204,+12128323487,Mason Brooks,Customer Support,1,Delivered
SMS-504185,2026-09-12T14:43:08.000Z,Inbound,+14804634357,+1415555501,Henry Okafor,IT Helpdesk,2,Delivered
SMS-504186,2026-09-12T14:45:00.000Z,Outbound,+1415555101,+15126727994,Ava Thompson,Sales,3,Delivered
SMS-504187,2026-09-12T13:39:11.000Z,Outbound,+1415555205,+16176918405,Isabella Kim,Customer Support,2,Delivered
SMS-504188,2026-09-12T14:40:24.000Z,Inbound,+15126103498,+1415555201,Olivia Chen,Customer Support,1,Delivered
SMS-504189,2026-09-12T12:43:04.000Z,Outbound,+1415555502,+12124035332,Grace Lindqvist,IT Helpdesk,1,Delivered
SMS-504190,2026-09-12T14:26:48.000Z,Inbound,+16173095647,+1415555403,Amelia Foster,Customer Success,1,Delivered
SMS-504191,2026-09-12T11:07:46.000Z,Outbound,+1415555402,+13058378301,Lucas Bennett,Customer Success,3,Delivered
SMS-504192,2026-09-12T13:16:55.000Z,Inbound,+14153774391,+1415555403,Amelia Foster,Customer Success,3,Delivered
SMS-504193,2026-09-13T15:53:57.000Z,Inbound,+12125179346,+1415555403,Amelia Foster,Customer Success,1,Delivered
SMS-504194,2026-09-13T14:27:55.000Z,Inbound,+15125909922,+1415555401,Charlotte Reyes,Customer Success,2,Delivered
SMS-504195,2026-09-13T13:14:53.000Z,Inbound,+14044766388,+1415555205,Isabella Kim,Customer Support,3,Delivered
SMS-504196,2026-09-13T13:18:31.000Z,Inbound,+14155333378,+1415555202,Ethan Walker,Customer Support,1,Delivered
SMS-504197,2026-09-13T12:12:54.000Z,Inbound,+12069199315,+1415555301,James Whitfield,Billing,3,Delivered
SMS-504198,2026-09-13T12:12:42.000Z,Inbound,+17026778171,+1415555102,Liam Carter,Sales,3,Delivered
SMS-504199,2026-09-13T13:40:12.000Z,Outbound,+1415555302,+14803819650,Mia Alvarez,Billing,3,Delivered
SMS-504200,2026-09-13T14:06:55.000Z,Inbound,+12123251300,+1415555102,Liam Carter,Sales,2,Delivered
SMS-504201,2026-09-13T15:59:16.000Z,Outbound,+1415555301,+13122716588,James Whitfield,Billing,3,Delivered
SMS-504202,2026-09-13T12:12:10.000Z,Inbound,+15127804515,+1415555204,Mason Brooks,Customer Support,2,Delivered
SMS-504203,2026-09-13T12:54:29.000Z,Inbound,+14805475971,+1415555203,Sophia Nguyen,Customer Support,3,Delivered
SMS-504204,2026-09-14T13:04:10.000Z,Outbound,+1415555203,+12068683146,Sophia Nguyen,Customer Support,2,Delivered
SMS-504205,2026-09-14T13:46:43.000Z,Outbound,+1415555102,+13055561292,Liam Carter,Sales,2,Delivered
SMS-504206,2026-09-14T13:15:41.000Z,Outbound,+1415555101,+16173577387,Ava Thompson,Sales,3,Delivered
SMS-504207,2026-09-14T13:57:19.000Z,Outbound,+1415555204,+14804014390,Mason Brooks,Customer Support,2,Delivered
SMS-504208,2026-09-14T14:18:57.000Z,Inbound,+13125600487,+1415555302,Mia Alvarez,Billing,3,Delivered
SMS-504209,2026-09-14T14:38:27.000Z,Outbound,+1415555101,+14046378168,Ava Thompson,Sales,2,Delivered
SMS-504210,2026-09-14T13:49:58.000Z,Inbound,+14046634816,+1415555303,Benjamin Osei,Billing,1,Delivered
SMS-504211,2026-09-14T12:01:29.000Z,Inbound,+14044759322,+1415555201,Olivia Chen,Customer Support,1,Delivered
SMS-504212,2026-09-14T13:02:12.000Z,Outbound,+1415555301,+16176792724,James Whitfield,Billing,1,Delivered
SMS-504213,2026-09-14T11:08:55.000Z,Inbound,+13124996064,+1415555101,Ava Thompson,Sales,1,Delivered
SMS-504214,2026-09-14T12:47:40.000Z,Outbound,+1415555104,+14044605839,Emma Rodriguez,Sales,2,Delivered
SMS-504215,2026-09-14T13:01:49.000Z,Outbound,+1415555202,+13052863991,Ethan Walker,Customer Support,3,Failed
SMS-504216,2026-09-14T13:59:02.000Z,Outbound,+1415555201,+12063358150,Olivia Chen,Customer Support,3,Pending
SMS-504217,2026-09-14T13:49:07.000Z,Outbound,+1415555203,+14809736937,Sophia Nguyen,Customer Support,2,Delivered
SMS-504218,2026-09-14T11:32:16.000Z,Inbound,+14807761748,+1415555501,Henry Okafor,IT Helpdesk,1,Delivered
SMS-504219,2026-09-14T12:40:37.000Z,Inbound,+16177197533,+1415555205,Isabella Kim,Customer Support,3,Delivered
SMS-504220,2026-09-14T14:44:49.000Z,Outbound,+1415555401,+13058821535,Charlotte Reyes,Customer Success,2,Delivered
SMS-504221,2026-09-14T13:01:28.000Z,Inbound,+16174887278,+1415555101,Ava Thompson,Sales,3,Delivered
SMS-504222,2026-09-14T13:35:07.000Z,Inbound,+15127236263,+1415555303,Benjamin Osei,Billing,1,Delivered
SMS-504223,2026-09-14T14:58:38.000Z,Outbound,+1415555201,+12125970787,Olivia Chen,Customer Support,2,Delivered
SMS-504224,2026-09-14T12:43:19.000Z,Inbound,+13059007042,+1415555101,Ava Thompson,Sales,1,Delivered
SMS-504225,2026-09-14T13:55:56.000Z,Inbound,+14153687077,+1415555102,Liam Carter,Sales,1,Delivered
SMS-504226,2026-09-14T14:48:38.000Z,Inbound,+15125758612,+1415555303,Benjamin Osei,Billing,3,Delivered
SMS-504227,2026-09-14T12:48:34.000Z,Inbound,+14804543525,+1415555103,Noah Patel,Sales,3,Delivered
SMS-504228,2026-09-14T13:41:00.000Z,Inbound,+16174186685,+1415555101,Ava Thompson,Sales,2,Delivered
SMS-504229,2026-09-14T13:19:06.000Z,Inbound,+17024133548,+1415555502,Grace Lindqvist,IT Helpdesk,3,Delivered
SMS-504230,2026-09-14T14:55:46.000Z,Inbound,+17028701565,+1415555203,Sophia Nguyen,Customer Support,1,Delivered
SMS-504231,2026-09-14T13:37:48.000Z,Inbound,+15129280172,+1415555402,Lucas Bennett,Customer Success,3,Delivered
SMS-504232,2026-09-14T14:35:18.000Z,Outbound,+1415555301,+16172750591,James Whitfield,Billing,3,Delivered
SMS-504233,2026-09-14T13:31:41.000Z,Inbound,+17028599056,+1415555401,Charlotte Reyes,Customer Success,1,Delivered
SMS-504234,2026-09-14T12:15:32.000Z,Outbound,+1415555301,+13053169913,James Whitfield,Billing,1,Delivered
SMS-504235,2026-09-14T14:16:14.000Z,Inbound,+13128070154,+1415555402,Lucas Bennett,Customer Success,3,Delivered
SMS-504236,2026-09-14T12:07:56.000Z,Outbound,+1415555502,+12122036158,Grace Lindqvist,IT Helpdesk,1,Failed
SMS-504237,2026-09-14T13:19:29.000Z,Outbound,+1415555403,+12064657844,Amelia Foster,Customer Success,1,Delivered
SMS-504238,2026-09-14T13:30:10.000Z,Outbound,+1415555401,+17023638918,Charlotte Reyes,Customer Success,3,Delivered
SMS-504239,2026-09-14T15:09:16.000Z,Inbound,+13127952463,+1415555203,Sophia Nguyen,Customer Support,1,Delivered
SMS-504240,2026-09-14T13:12:08.000Z,Inbound,+14807098993,+1415555204,Mason Brooks,Customer Support,1,Delivered
SMS-504241,2026-09-14T14:38:09.000Z,Outbound,+1415555104,+16174007996,Emma Rodriguez,Sales,2,Delivered
SMS-504242,2026-09-14T13:38:13.000Z,Outbound,+1415555502,+14156455282,Grace Lindqvist,IT Helpdesk,1,Delivered
SMS-504243,2026-09-14T12:11:39.000Z,Inbound,+12122617418,+1415555303,Benjamin Osei,Billing,1,Delivered
SMS-504244,2026-09-14T13:20:41.000Z,Outbound,+1415555502,+15128064875,Grace Lindqvist,IT Helpdesk,1,Delivered
SMS-504245,2026-09-14T13:01:22.000Z,Inbound,+15127320780,+1415555203,Sophia Nguyen,Customer Support,1,Delivered
SMS-504246,2026-09-14T13:04:05.000Z,Outbound,+1415555201,+14805466820,Olivia Chen,Customer Support,1,Delivered
SMS-504247,2026-09-14T13:58:07.000Z,Outbound,+1415555402,+14808644388,Lucas Bennett,Customer Success,3,Delivered
SMS-504248,2026-09-14T13:56:09.000Z,Inbound,+12129229931,+1415555204,Mason Brooks,Customer Support,1,Delivered
SMS-504249,2026-09-14T13:23:01.000Z,Inbound,+15127285213,+1415555203,Sophia Nguyen,Customer Support,1,Delivered
SMS-504250,2026-09-14T13:13:12.000Z,Outbound,+1415555301,+12123503370,James Whitfield,Billing,2,Delivered
SMS-504251,2026-09-14T13:47:17.000Z,Inbound,+13123184699,+1415555205,Isabella Kim,Customer Support,2,Delivered
SMS-504252,2026-09-14T13:16:52.000Z,Outbound,+1415555104,+14049003090,Emma Rodriguez,Sales,1,Delivered
SMS-504253,2026-09-14T12:55:57.000Z,Outbound,+1415555303,+14047248626,Benjamin Osei,Billing,1,Failed
SMS-504254,2026-09-14T11:24:23.000Z,Inbound,+12129320519,+1415555301,James Whitfield,Billing,3,Delivered
SMS-504255,2026-09-14T12:24:42.000Z,Inbound,+14154246457,+1415555102,Liam Carter,Sales,1,Delivered
SMS-504256,2026-09-14T13:16:18.000Z,Outbound,+1415555103,+13125199508,Noah Patel,Sales,3,Delivered
SMS-504257,2026-09-14T13:50:47.000Z,Inbound,+17028635705,+1415555501,Henry Okafor,IT Helpdesk,3,Delivered
SMS-504258,2026-09-14T12:13:12.000Z,Outbound,+1415555403,+13053693712,Amelia Foster,Customer Success,3,Delivered
SMS-504259,2026-09-14T12:59:56.000Z,Inbound,+13056698607,+1415555101,Ava Thompson,Sales,1,Delivered
SMS-504260,2026-09-14T13:18:13.000Z,Inbound,+14803981945,+1415555202,Ethan Walker,Customer Support,3,Delivered
SMS-504261,2026-09-14T12:07:54.000Z,Outbound,+1415555501,+13055999015,Henry Okafor,IT Helpdesk,3,Delivered
SMS-504262,2026-09-14T12:00:44.000Z,Outbound,+1415555202,+17028707625,Ethan Walker,Customer Support,1,Delivered
SMS-504263,2026-09-14T13:29:31.000Z,Inbound,+13058319192,+1415555402,Lucas Bennett,Customer Success,3,Delivered
SMS-504264,2026-09-14T11:04:20.000Z,Outbound,+1415555102,+13057912745,Liam Carter,Sales,1,Delivered
SMS-504265,2026-09-14T13:04:53.000Z,Outbound,+1415555202,+15127669064,Ethan Walker,Customer Support,1,Delivered
SMS-504266,2026-09-14T14:52:58.000Z,Outbound,+1415555403,+16179269792,Amelia Foster,Customer Success,3,Pending
SMS-504267,2026-09-14T13:09:03.000Z,Inbound,+14045652950,+1415555403,Amelia Foster,Customer Success,3,Delivered
SMS-504268,2026-09-14T13:56:12.000Z,Outbound,+1415555201,+12126811385,Olivia Chen,Customer Support,3,Delivered
SMS-504269,2026-09-14T12:49:58.000Z,Inbound,+13059401872,+1415555402,Lucas Bennett,Customer Success,3,Delivered
SMS-504270,2026-09-14T14:42:02.000Z,Outbound,+1415555403,+17028154447,Amelia Foster,Customer Success,3,Delivered
SMS-504271,2026-09-14T12:41:29.000Z,Inbound,+13128414163,+1415555104,Emma Rodriguez,Sales,3,Delivered
SMS-504272,2026-09-14T13:25:25.000Z,Outbound,+1415555501,+14802743959,Henry Okafor,IT Helpdesk,2,Delivered
SMS-504273,2026-09-15T13:45:48.000Z,Outbound,+1415555103,+13125479420,Noah Patel,Sales,1,Delivered
SMS-504274,2026-09-15T13:12:53.000Z,Inbound,+15126723283,+1415555402,Lucas Bennett,Customer Success,1,Delivered
SMS-504275,2026-09-15T13:26:09.000Z,Outbound,+1415555104,+13129081679,Emma Rodriguez,Sales,3,Delivered
SMS-504276,2026-09-15T13:45:27.000Z,Inbound,+14047357774,+1415555205,Isabella Kim,Customer Support,3,Delivered
SMS-504277,2026-09-15T13:37:38.000Z,Outbound,+1415555101,+16173271947,Ava Thompson,Sales,1,Delivered
SMS-504278,2026-09-15T14:19:08.000Z,Inbound,+17026051005,+1415555401,Charlotte Reyes,Customer Success,2,Delivered
SMS-504279,2026-09-15T13:17:52.000Z,Inbound,+13054010318,+1415555203,Sophia Nguyen,Customer Support,2,Delivered
SMS-504280,2026-09-15T12:01:07.000Z,Outbound,+1415555101,+12127578377,Ava Thompson,Sales,3,Delivered
SMS-504281,2026-09-15T11:34:51.000Z,Outbound,+1415555202,+12067974909,Ethan Walker,Customer Support,3,Delivered
SMS-504282,2026-09-15T13:53:52.000Z,Inbound,+13053153217,+1415555101,Ava Thompson,Sales,3,Delivered
SMS-504283,2026-09-15T13:46:04.000Z,Inbound,+14046202325,+1415555303,Benjamin Osei,Billing,1,Delivered
SMS-504284,2026-09-15T13:20:41.000Z,Outbound,+1415555401,+12129754947,Charlotte Reyes,Customer Success,1,Delivered
SMS-504285,2026-09-15T14:05:37.000Z,Inbound,+14805810434,+1415555201,Olivia Chen,Customer Support,3,Delivered
SMS-504286,2026-09-15T13:26:18.000Z,Inbound,+14049613945,+1415555501,Henry Okafor,IT Helpdesk,2,Delivered
SMS-504287,2026-09-15T13:13:18.000Z,Inbound,+16173297178,+1415555501,Henry Okafor,IT Helpdesk,3,Delivered
SMS-504288,2026-09-15T11:03:01.000Z,Inbound,+12067109125,+1415555204,Mason Brooks,Customer Support,2,Delivered
SMS-504289,2026-09-15T14:34:20.000Z,Inbound,+13129849748,+1415555204,Mason Brooks,Customer Support,1,Delivered
SMS-504290,2026-09-15T12:05:24.000Z,Inbound,+14047030187,+1415555401,Charlotte Reyes,Customer Success,2,Pending
SMS-504291,2026-09-15T11:57:33.000Z,Inbound,+15128816772,+1415555205,Isabella Kim,Customer Support,3,Delivered
SMS-504292,2026-09-15T14:41:09.000Z,Outbound,+1415555201,+16179351149,Olivia Chen,Customer Support,2,Delivered
SMS-504293,2026-09-15T12:35:03.000Z,Inbound,+12122679672,+1415555302,Mia Alvarez,Billing,2,Delivered
SMS-504294,2026-09-15T12:12:13.000Z,Outbound,+1415555101,+12126622003,Ava Thompson,Sales,3,Delivered
SMS-504295,2026-09-15T12:09:33.000Z,Inbound,+13125919899,+1415555102,Liam Carter,Sales,2,Delivered
SMS-504296,2026-09-15T12:40:06.000Z,Inbound,+12129683895,+1415555101,Ava Thompson,Sales,3,Delivered
SMS-504297,2026-09-15T12:31:50.000Z,Inbound,+14049375659,+1415555403,Amelia Foster,Customer Success,3,Delivered
SMS-504298,2026-09-15T12:04:58.000Z,Outbound,+1415555103,+15123077741,Noah Patel,Sales,1,Delivered
SMS-504299,2026-09-15T15:42:14.000Z,Inbound,+13059008008,+1415555303,Benjamin Osei,Billing,3,Delivered
SMS-504300,2026-09-15T14:06:01.000Z,Inbound,+17028059245,+1415555402,Lucas Bennett,Customer Success,2,Delivered
SMS-504301,2026-09-15T12:32:44.000Z,Inbound,+14805704486,+1415555502,Grace Lindqvist,IT Helpdesk,1,Delivered
SMS-504302,2026-09-15T13:27:08.000Z,Inbound,+13129632563,+1415555102,Liam Carter,Sales,1,Delivered
SMS-504303,2026-09-15T12:26:51.000Z,Outbound,+1415555401,+13057070397,Charlotte Reyes,Customer Success,3,Delivered
SMS-504304,2026-09-15T13:35:13.000Z,Outbound,+1415555205,+14046772536,Isabella Kim,Customer Support,2,Delivered
SMS-504305,2026-09-15T13:01:25.000Z,Outbound,+1415555301,+14045024323,James Whitfield,Billing,1,Delivered
SMS-504306,2026-09-15T14:26:38.000Z,Outbound,+1415555202,+12069484283,Ethan Walker,Customer Support,1,Delivered
SMS-504307,2026-09-15T13:30:07.000Z,Inbound,+13052904523,+1415555205,Isabella Kim,Customer Support,2,Delivered
SMS-504308,2026-09-15T13:26:05.000Z,Outbound,+1415555205,+14159509121,Isabella Kim,Customer Support,2,Delivered
SMS-504309,2026-09-15T12:19:37.000Z,Outbound,+1415555201,+13054481353,Olivia Chen,Customer Support,2,Delivered
SMS-504310,2026-09-15T13:25:25.000Z,Outbound,+1415555202,+14805474426,Ethan Walker,Customer Support,1,Delivered
SMS-504311,2026-09-15T12:04:09.000Z,Outbound,+1415555204,+13054683624,Mason Brooks,Customer Support,3,Delivered
SMS-504312,2026-09-15T13:28:14.000Z,Inbound,+13125339068,+1415555302,Mia Alvarez,Billing,2,Delivered
SMS-504313,2026-09-15T13:20:38.000Z,Outbound,+1415555402,+13125976792,Lucas Bennett,Customer Success,3,Delivered
SMS-504314,2026-09-15T12:32:47.000Z,Inbound,+17022440636,+1415555202,Ethan Walker,Customer Support,2,Delivered
SMS-504315,2026-09-15T13:07:12.000Z,Outbound,+1415555204,+12066224513,Mason Brooks,Customer Support,3,Delivered
SMS-504316,2026-09-15T12:21:26.000Z,Inbound,+13055740990,+1415555403,Amelia Foster,Customer Success,1,Delivered
SMS-504317,2026-09-15T14:07:40.000Z,Outbound,+1415555303,+12068667702,Benjamin Osei,Billing,1,Delivered
SMS-504318,2026-09-15T13:26:50.000Z,Outbound,+1415555204,+14154947806,Mason Brooks,Customer Support,3,Delivered
SMS-504319,2026-09-15T14:17:34.000Z,Inbound,+14043629608,+1415555103,Noah Patel,Sales,2,Pending
SMS-504320,2026-09-15T13:39:39.000Z,Inbound,+13123647781,+1415555201,Olivia Chen,Customer Support,2,Delivered
SMS-504321,2026-09-15T12:02:20.000Z,Inbound,+17022430515,+1415555303,Benjamin Osei,Billing,1,Delivered
SMS-504322,2026-09-15T13:45:24.000Z,Inbound,+16175284574,+1415555302,Mia Alvarez,Billing,2,Delivered
SMS-504323,2026-09-15T13:37:31.000Z,Outbound,+1415555401,+12067941126,Charlotte Reyes,Customer Success,2,Delivered
SMS-504324,2026-09-15T12:37:39.000Z,Inbound,+14152139425,+1415555201,Olivia Chen,Customer Support,2,Delivered
SMS-504325,2026-09-15T14:44:58.000Z,Inbound,+12064934168,+1415555103,Noah Patel,Sales,2,Delivered
SMS-504326,2026-09-15T13:53:14.000Z,Outbound,+1415555401,+13125513802,Charlotte Reyes,Customer Success,1,Delivered
SMS-504327,2026-09-15T13:33:40.000Z,Inbound,+12125237706,+1415555203,Sophia Nguyen,Customer Support,2,Delivered
SMS-504328,2026-09-15T14:44:10.000Z,Outbound,+1415555204,+12068793371,Mason Brooks,Customer Support,2,Delivered
SMS-504329,2026-09-15T14:16:01.000Z,Inbound,+13052380407,+1415555301,James Whitfield,Billing,2,Delivered
SMS-504330,2026-09-15T14:39:15.000Z,Outbound,+1415555402,+16179438038,Lucas Bennett,Customer Success,2,Delivered
SMS-504331,2026-09-15T14:35:57.000Z,Outbound,+1415555203,+15124876599,Sophia Nguyen,Customer Support,2,Delivered
SMS-504332,2026-09-15T13:31:37.000Z,Inbound,+16179656937,+1415555303,Benjamin Osei,Billing,1,Delivered
SMS-504333,2026-09-15T13:34:28.000Z,Outbound,+1415555103,+14802082534,Noah Patel,Sales,3,Delivered
SMS-504334,2026-09-15T12:34:49.000Z,Outbound,+1415555102,+14809952209,Liam Carter,Sales,3,Delivered
SMS-504335,2026-09-15T13:14:02.000Z,Outbound,+1415555501,+15124126937,Henry Okafor,IT Helpdesk,2,Delivered
SMS-504336,2026-09-15T12:38:10.000Z,Inbound,+16179994662,+1415555202,Ethan Walker,Customer Support,2,Delivered
SMS-504337,2026-09-15T13:36:03.000Z,Outbound,+1415555205,+12066266433,Isabella Kim,Customer Support,2,Delivered
SMS-504338,2026-09-15T13:44:19.000Z,Inbound,+14158139902,+1415555103,Noah Patel,Sales,1,Delivered
SMS-504339,2026-09-15T12:41:10.000Z,Outbound,+1415555103,+12064969400,Noah Patel,Sales,1,Delivered
SMS-504340,2026-09-15T14:44:18.000Z,Outbound,+1415555502,+13129223172,Grace Lindqvist,IT Helpdesk,3,Delivered
SMS-504341,2026-09-15T12:23:41.000Z,Outbound,+1415555204,+15125245803,Mason Brooks,Customer Support,3,Delivered
SMS-504342,2026-09-15T11:27:28.000Z,Inbound,+14808426742,+1415555403,Amelia Foster,Customer Success,2,Delivered
SMS-504343,2026-09-15T14:11:58.000Z,Outbound,+1415555501,+14153018724,Henry Okafor,IT Helpdesk,3,Delivered
SMS-504344,2026-09-15T13:15:13.000Z,Inbound,+13059404380,+1415555403,Amelia Foster,Customer Success,1,Delivered
SMS-504345,2026-09-15T13:26:48.000Z,Outbound,+1415555502,+14045133250,Grace Lindqvist,IT Helpdesk,2,Delivered
SMS-504346,2026-09-15T12:31:24.000Z,Outbound,+1415555502,+15122939022,Grace Lindqvist,IT Helpdesk,1,Delivered
SMS-504347,2026-09-15T12:20:09.000Z,Outbound,+1415555104,+12123419875,Emma Rodriguez,Sales,3,Delivered
SMS-504348,2026-09-15T14:20:23.000Z,Outbound,+1415555201,+12063468833,Olivia Chen,Customer Support,1,Delivered
SMS-504349,2026-09-15T14:22:25.000Z,Inbound,+12127737868,+1415555202,Ethan Walker,Customer Support,1,Delivered
SMS-504350,2026-09-15T13:00:35.000Z,Outbound,+1415555204,+15125798200,Mason Brooks,Customer Support,2,Delivered
SMS-504351,2026-09-15T14:04:13.000Z,Outbound,+1415555302,+14808610056,Mia Alvarez,Billing,3,Delivered
SMS-504352,2026-09-15T14:33:02.000Z,Inbound,+14807590204,+1415555403,Amelia Foster,Customer Success,1,Delivered
SMS-504353,2026-09-15T13:59:24.000Z,Outbound,+1415555101,+14042066868,Ava Thompson,Sales,1,Delivered
SMS-504354,2026-09-15T14:43:22.000Z,Outbound,+1415555402,+14046237356,Lucas Bennett,Customer Success,1,Delivered
SMS-504355,2026-09-15T13:25:32.000Z,Outbound,+1415555204,+15123191265,Mason Brooks,Customer Support,3,Delivered
SMS-504356,2026-09-15T12:41:17.000Z,Outbound,+1415555104,+13122490451,Emma Rodriguez,Sales,3,Delivered
SMS-504357,2026-09-15T12:51:21.000Z,Inbound,+12125029025,+1415555402,Lucas Bennett,Customer Success,1,Delivered
SMS-504358,2026-09-15T13:12:11.000Z,Inbound,+13128024461,+1415555202,Ethan Walker,Customer Support,2,Delivered
SMS-504359,2026-09-15T13:16:58.000Z,Outbound,+1415555204,+14804782061,Mason Brooks,Customer Support,2,Delivered
SMS-504360,2026-09-15T13:56:54.000Z,Inbound,+14157084501,+1415555203,Sophia Nguyen,Customer Support,2,Delivered
SMS-504361,2026-09-15T15:08:02.000Z,Outbound,+1415555103,+14046061499,Noah Patel,Sales,2,Delivered
SMS-504362,2026-09-15T13:05:55.000Z,Inbound,+15125547140,+1415555301,James Whitfield,Billing,1,Delivered
SMS-504363,2026-09-15T14:20:46.000Z,Inbound,+16178853639,+1415555203,Sophia Nguyen,Customer Support,3,Delivered
SMS-504364,2026-09-15T14:44:46.000Z,Inbound,+12129199181,+1415555402,Lucas Bennett,Customer Success,2,Delivered
SMS-504365,2026-09-15T13:33:44.000Z,Inbound,+17023096145,+1415555101,Ava Thompson,Sales,1,Delivered
SMS-504366,2026-09-15T13:43:25.000Z,Inbound,+14809405906,+1415555205,Isabella Kim,Customer Support,2,Delivered
SMS-504367,2026-09-15T13:28:13.000Z,Inbound,+12126818944,+1415555402,Lucas Bennett,Customer Success,1,Delivered
SMS-504368,2026-09-15T11:37:11.000Z,Inbound,+12067596425,+1415555203,Sophia Nguyen,Customer Support,1,Delivered
SMS-504369,2026-09-15T14:47:58.000Z,Inbound,+14806313787,+1415555203,Sophia Nguyen,Customer Support,3,Delivered
SMS-504370,2026-09-15T13:08:24.000Z,Inbound,+17023464232,+1415555303,Benjamin Osei,Billing,3,Delivered
SMS-504371,2026-09-15T13:26:41.000Z,Inbound,+14157979995,+1415555203,Sophia Nguyen,Customer Support,2,Delivered
SMS-504372,2026-09-15T14:22:22.000Z,Outbound,+1415555201,+12065030669,Olivia Chen,Customer Support,1,Delivered
SMS-504373,2026-09-15T13:56:23.000Z,Inbound,+17029631948,+1415555303,Benjamin Osei,Billing,2,Delivered
SMS-504374,2026-09-16T13:21:23.000Z,Inbound,+14153029301,+1415555201,Olivia Chen,Customer Support,3,Delivered
SMS-504375,2026-09-16T13:13:07.000Z,Outbound,+1415555104,+16174661088,Emma Rodriguez,Sales,2,Delivered
SMS-504376,2026-09-16T12:12:16.000Z,Inbound,+16174547539,+1415555201,Olivia Chen,Customer Support,3,Delivered
SMS-504377,2026-09-16T12:02:03.000Z,Outbound,+1415555103,+14155685231,Noah Patel,Sales,2,Delivered
SMS-504378,2026-09-16T14:35:28.000Z,Outbound,+1415555205,+17029744121,Isabella Kim,Customer Support,1,Delivered
SMS-504379,2026-09-16T12:28:58.000Z,Outbound,+1415555101,+14809771235,Ava Thompson,Sales,3,Delivered
SMS-504380,2026-09-16T14:13:16.000Z,Inbound,+14807797100,+1415555302,Mia Alvarez,Billing,2,Delivered
SMS-504381,2026-09-16T14:56:46.000Z,Outbound,+1415555402,+14153028647,Lucas Bennett,Customer Success,3,Delivered
SMS-504382,2026-09-16T13:31:02.000Z,Inbound,+15124711755,+1415555101,Ava Thompson,Sales,1,Delivered
SMS-504383,2026-09-16T15:43:08.000Z,Inbound,+14809514146,+1415555401,Charlotte Reyes,Customer Success,1,Delivered
SMS-504384,2026-09-16T14:57:20.000Z,Outbound,+1415555202,+14152066916,Ethan Walker,Customer Support,2,Delivered
SMS-504385,2026-09-16T14:39:39.000Z,Outbound,+1415555203,+14155346170,Sophia Nguyen,Customer Support,3,Delivered
SMS-504386,2026-09-16T14:27:34.000Z,Inbound,+13126737217,+1415555203,Sophia Nguyen,Customer Support,1,Delivered
SMS-504387,2026-09-16T14:20:27.000Z,Inbound,+12128073866,+1415555402,Lucas Bennett,Customer Success,1,Delivered
SMS-504388,2026-09-16T13:01:01.000Z,Inbound,+17029579104,+1415555102,Liam Carter,Sales,2,Delivered
SMS-504389,2026-09-16T14:18:27.000Z,Inbound,+14152259346,+1415555401,Charlotte Reyes,Customer Success,2,Delivered
SMS-504390,2026-09-16T13:57:14.000Z,Outbound,+1415555403,+14152475638,Amelia Foster,Customer Success,1,Delivered
SMS-504391,2026-09-16T13:22:41.000Z,Inbound,+14804517817,+1415555301,James Whitfield,Billing,3,Delivered
SMS-504392,2026-09-16T13:45:09.000Z,Outbound,+1415555401,+14805280289,Charlotte Reyes,Customer Success,2,Pending
SMS-504393,2026-09-16T14:40:34.000Z,Outbound,+1415555103,+14044139622,Noah Patel,Sales,3,Delivered
SMS-504394,2026-09-16T13:58:50.000Z,Outbound,+1415555203,+17026243250,Sophia Nguyen,Customer Support,3,Delivered
SMS-504395,2026-09-16T13:17:29.000Z,Outbound,+1415555401,+12065753137,Charlotte Reyes,Customer Success,1,Delivered
SMS-504396,2026-09-16T13:31:27.000Z,Inbound,+14802940029,+1415555302,Mia Alvarez,Billing,3,Delivered
SMS-504397,2026-09-16T12:19:38.000Z,Inbound,+14805011591,+1415555201,Olivia Chen,Customer Support,1,Delivered
SMS-504398,2026-09-16T12:11:24.000Z,Inbound,+14045501046,+1415555403,Amelia Foster,Customer Success,1,Delivered
SMS-504399,2026-09-16T13:36:53.000Z,Inbound,+12122920653,+1415555103,Noah Patel,Sales,2,Delivered
SMS-504400,2026-09-16T14:41:59.000Z,Inbound,+15126012848,+1415555202,Ethan Walker,Customer Support,2,Delivered
SMS-504401,2026-09-16T14:09:50.000Z,Inbound,+13124864455,+1415555104,Emma Rodriguez,Sales,1,Delivered
SMS-504402,2026-09-16T12:24:59.000Z,Outbound,+1415555203,+17029445608,Sophia Nguyen,Customer Support,1,Delivered
SMS-504403,2026-09-16T15:43:27.000Z,Inbound,+14803256078,+1415555103,Noah Patel,Sales,1,Delivered
SMS-504404,2026-09-16T12:22:41.000Z,Outbound,+1415555205,+17022355401,Isabella Kim,Customer Support,3,Delivered
SMS-504405,2026-09-16T12:50:47.000Z,Outbound,+1415555402,+16177892336,Lucas Bennett,Customer Success,2,Delivered
SMS-504406,2026-09-16T13:24:59.000Z,Outbound,+1415555201,+12125281153,Olivia Chen,Customer Support,3,Delivered
SMS-504407,2026-09-16T12:01:05.000Z,Outbound,+1415555201,+12067653573,Olivia Chen,Customer Support,3,Delivered
SMS-504408,2026-09-16T14:14:16.000Z,Outbound,+1415555402,+12069153112,Lucas Bennett,Customer Success,1,Delivered
SMS-504409,2026-09-16T13:22:12.000Z,Inbound,+14802285744,+1415555103,Noah Patel,Sales,2,Delivered
SMS-504410,2026-09-16T14:17:37.000Z,Inbound,+14157684182,+1415555303,Benjamin Osei,Billing,1,Delivered
SMS-504411,2026-09-16T13:57:54.000Z,Inbound,+12127362531,+1415555204,Mason Brooks,Customer Support,2,Delivered
SMS-504412,2026-09-16T13:23:08.000Z,Outbound,+1415555102,+15126681735,Liam Carter,Sales,2,Delivered
SMS-504413,2026-09-16T12:05:14.000Z,Inbound,+15126164238,+1415555101,Ava Thompson,Sales,3,Delivered
SMS-504414,2026-09-16T15:13:10.000Z,Outbound,+1415555301,+13128947891,James Whitfield,Billing,2,Delivered
SMS-504415,2026-09-16T14:09:20.000Z,Outbound,+1415555103,+12127061626,Noah Patel,Sales,3,Failed
SMS-504416,2026-09-16T13:33:03.000Z,Inbound,+14155929780,+1415555101,Ava Thompson,Sales,1,Delivered
SMS-504417,2026-09-16T13:06:52.000Z,Inbound,+13059224781,+1415555203,Sophia Nguyen,Customer Support,1,Delivered
SMS-504418,2026-09-16T14:45:10.000Z,Outbound,+1415555205,+14158150400,Isabella Kim,Customer Support,1,Delivered
SMS-504419,2026-09-16T13:50:02.000Z,Inbound,+16179718258,+1415555502,Grace Lindqvist,IT Helpdesk,2,Delivered
SMS-504420,2026-09-16T13:00:25.000Z,Inbound,+17024080882,+1415555403,Amelia Foster,Customer Success,2,Delivered
SMS-504421,2026-09-16T13:01:36.000Z,Outbound,+1415555203,+12124467952,Sophia Nguyen,Customer Support,1,Delivered
SMS-504422,2026-09-16T13:40:47.000Z,Outbound,+1415555205,+13057630425,Isabella Kim,Customer Support,3,Delivered
SMS-504423,2026-09-16T13:58:43.000Z,Outbound,+1415555103,+13125758228,Noah Patel,Sales,1,Delivered
SMS-504424,2026-09-16T13:08:58.000Z,Inbound,+13129986910,+1415555202,Ethan Walker,Customer Support,2,Delivered
SMS-504425,2026-09-16T13:57:11.000Z,Inbound,+12123237600,+1415555303,Benjamin Osei,Billing,2,Delivered
SMS-504426,2026-09-16T14:55:07.000Z,Inbound,+14157218741,+1415555103,Noah Patel,Sales,1,Delivered
SMS-504427,2026-09-16T12:46:26.000Z,Outbound,+1415555302,+14043284579,Mia Alvarez,Billing,3,Delivered
SMS-504428,2026-09-16T13:01:17.000Z,Inbound,+14049340121,+1415555204,Mason Brooks,Customer Support,3,Failed
SMS-504429,2026-09-16T11:26:16.000Z,Inbound,+15123732726,+1415555402,Lucas Bennett,Customer Success,1,Delivered
SMS-504430,2026-09-16T12:50:23.000Z,Inbound,+12129692703,+1415555204,Mason Brooks,Customer Support,1,Delivered
SMS-504431,2026-09-16T12:41:11.000Z,Inbound,+12068424375,+1415555402,Lucas Bennett,Customer Success,2,Delivered
SMS-504432,2026-09-16T12:06:41.000Z,Inbound,+14803287238,+1415555502,Grace Lindqvist,IT Helpdesk,1,Delivered
SMS-504433,2026-09-16T13:34:22.000Z,Inbound,+14043335537,+1415555102,Liam Carter,Sales,2,Delivered
SMS-504434,2026-09-16T13:57:03.000Z,Inbound,+14807231827,+1415555204,Mason Brooks,Customer Support,1,Delivered
SMS-504435,2026-09-16T12:27:55.000Z,Outbound,+1415555502,+15124194549,Grace Lindqvist,IT Helpdesk,2,Delivered
SMS-504436,2026-09-16T13:04:09.000Z,Outbound,+1415555104,+15125703353,Emma Rodriguez,Sales,3,Delivered
SMS-504437,2026-09-16T13:29:51.000Z,Inbound,+12069324681,+1415555502,Grace Lindqvist,IT Helpdesk,3,Delivered
SMS-504438,2026-09-16T13:19:08.000Z,Inbound,+14043377949,+1415555501,Henry Okafor,IT Helpdesk,2,Delivered
SMS-504439,2026-09-16T12:44:28.000Z,Outbound,+1415555204,+17028377764,Mason Brooks,Customer Support,1,Delivered
SMS-504440,2026-09-16T14:35:45.000Z,Inbound,+12066866134,+1415555301,James Whitfield,Billing,1,Delivered
SMS-504441,2026-09-17T13:08:56.000Z,Inbound,+13057353931,+1415555402,Lucas Bennett,Customer Success,3,Delivered
SMS-504442,2026-09-17T13:54:22.000Z,Inbound,+14155775713,+1415555104,Emma Rodriguez,Sales,1,Delivered
SMS-504443,2026-09-17T15:09:58.000Z,Outbound,+1415555402,+14157273726,Lucas Bennett,Customer Success,3,Delivered
SMS-504444,2026-09-17T12:06:10.000Z,Inbound,+17028888658,+1415555204,Mason Brooks,Customer Support,1,Delivered
SMS-504445,2026-09-17T12:54:56.000Z,Outbound,+1415555502,+14156616738,Grace Lindqvist,IT Helpdesk,2,Delivered
SMS-504446,2026-09-17T13:19:54.000Z,Inbound,+12127184785,+1415555202,Ethan Walker,Customer Support,1,Delivered
SMS-504447,2026-09-17T13:14:28.000Z,Inbound,+14809372493,+1415555101,Ava Thompson,Sales,3,Delivered
SMS-504448,2026-09-17T13:39:21.000Z,Inbound,+14803748869,+1415555401,Charlotte Reyes,Customer Success,1,Delivered
SMS-504449,2026-09-17T13:26:30.000Z,Outbound,+1415555205,+13052290914,Isabella Kim,Customer Support,1,Delivered
SMS-504450,2026-09-17T14:37:40.000Z,Outbound,+1415555302,+14156435942,Mia Alvarez,Billing,2,Delivered
SMS-504451,2026-09-17T13:24:57.000Z,Outbound,+1415555205,+14804958385,Isabella Kim,Customer Support,3,Delivered
SMS-504452,2026-09-17T14:47:47.000Z,Inbound,+17022731597,+1415555202,Ethan Walker,Customer Support,3,Delivered
SMS-504453,2026-09-17T13:13:23.000Z,Outbound,+1415555102,+12062573495,Liam Carter,Sales,2,Delivered
SMS-504454,2026-09-17T13:57:42.000Z,Inbound,+12127984334,+1415555104,Emma Rodriguez,Sales,3,Delivered
SMS-504455,2026-09-17T14:07:29.000Z,Inbound,+13054459058,+1415555501,Henry Okafor,IT Helpdesk,2,Delivered
SMS-504456,2026-09-17T14:05:45.000Z,Inbound,+15129206269,+1415555303,Benjamin Osei,Billing,1,Delivered
SMS-504457,2026-09-17T13:56:46.000Z,Outbound,+1415555402,+14806711581,Lucas Bennett,Customer Success,1,Delivered
SMS-504458,2026-09-17T12:41:07.000Z,Inbound,+13059482465,+1415555104,Emma Rodriguez,Sales,1,Delivered
SMS-504459,2026-09-17T14:15:02.000Z,Inbound,+16173274276,+1415555102,Liam Carter,Sales,3,Delivered
SMS-504460,2026-09-17T13:01:12.000Z,Inbound,+13129006150,+1415555201,Olivia Chen,Customer Support,1,Delivered
SMS-504461,2026-09-17T13:58:38.000Z,Inbound,+13127829463,+1415555101,Ava Thompson,Sales,3,Delivered
SMS-504462,2026-09-17T14:57:14.000Z,Outbound,+1415555402,+16174974759,Lucas Bennett,Customer Success,1,Delivered
SMS-504463,2026-09-17T12:16:51.000Z,Inbound,+14805544061,+1415555402,Lucas Bennett,Customer Success,1,Delivered
SMS-504464,2026-09-17T12:31:18.000Z,Outbound,+1415555402,+17028207439,Lucas Bennett,Customer Success,1,Delivered
SMS-504465,2026-09-17T13:52:07.000Z,Inbound,+12128056929,+1415555104,Emma Rodriguez,Sales,1,Delivered
SMS-504466,2026-09-17T13:15:21.000Z,Inbound,+13126097342,+1415555104,Emma Rodriguez,Sales,1,Delivered
SMS-504467,2026-09-17T12:32:42.000Z,Inbound,+16172946727,+1415555303,Benjamin Osei,Billing,1,Delivered
SMS-504468,2026-09-17T12:19:36.000Z,Outbound,+1415555403,+14158831041,Amelia Foster,Customer Success,1,Delivered
SMS-504469,2026-09-17T13:44:14.000Z,Outbound,+1415555204,+17025009308,Mason Brooks,Customer Support,2,Delivered
SMS-504470,2026-09-17T15:08:04.000Z,Inbound,+12064634413,+1415555204,Mason Brooks,Customer Support,3,Pending
SMS-504471,2026-09-17T13:54:52.000Z,Outbound,+1415555103,+17025170631,Noah Patel,Sales,2,Delivered
SMS-504472,2026-09-17T13:55:40.000Z,Outbound,+1415555401,+14807347812,Charlotte Reyes,Customer Success,1,Pending
SMS-504473,2026-09-17T13:56:40.000Z,Inbound,+12126603108,+1415555501,Henry Okafor,IT Helpdesk,3,Delivered
SMS-504474,2026-09-17T13:50:37.000Z,Inbound,+15124203143,+1415555403,Amelia Foster,Customer Success,1,Delivered
SMS-504475,2026-09-17T14:09:04.000Z,Inbound,+15125866348,+1415555203,Sophia Nguyen,Customer Support,2,Delivered
SMS-504476,2026-09-17T13:35:55.000Z,Outbound,+1415555402,+14049777957,Lucas Bennett,Customer Success,2,Delivered
SMS-504477,2026-09-17T13:27:33.000Z,Inbound,+13122919564,+1415555104,Emma Rodriguez,Sales,1,Delivered
SMS-504478,2026-09-17T12:44:22.000Z,Inbound,+17023850535,+1415555502,Grace Lindqvist,IT Helpdesk,3,Delivered
SMS-504479,2026-09-17T14:03:09.000Z,Inbound,+14807473104,+1415555205,Isabella Kim,Customer Support,2,Delivered
SMS-504480,2026-09-17T12:30:18.000Z,Inbound,+12068193177,+1415555502,Grace Lindqvist,IT Helpdesk,3,Delivered
SMS-504481,2026-09-17T11:42:53.000Z,Inbound,+12124351915,+1415555403,Amelia Foster,Customer Success,1,Failed
SMS-504482,2026-09-17T13:48:09.000Z,Inbound,+13054615735,+1415555102,Liam Carter,Sales,1,Delivered
SMS-504483,2026-09-17T13:21:15.000Z,Outbound,+1415555101,+13127775472,Ava Thompson,Sales,2,Delivered
SMS-504484,2026-09-17T13:30:27.000Z,Inbound,+16177155570,+1415555501,Henry Okafor,IT Helpdesk,2,Delivered
SMS-504485,2026-09-17T13:59:46.000Z,Inbound,+14045482316,+1415555203,Sophia Nguyen,Customer Support,2,Delivered
SMS-504486,2026-09-17T13:58:23.000Z,Inbound,+13052359226,+1415555501,Henry Okafor,IT Helpdesk,1,Delivered
SMS-504487,2026-09-17T13:01:42.000Z,Outbound,+1415555101,+12127937552,Ava Thompson,Sales,1,Delivered
SMS-504488,2026-09-17T13:52:16.000Z,Outbound,+1415555303,+13123134784,Benjamin Osei,Billing,3,Delivered
SMS-504489,2026-09-17T14:56:41.000Z,Inbound,+17029319687,+1415555104,Emma Rodriguez,Sales,2,Delivered
SMS-504490,2026-09-17T13:26:22.000Z,Outbound,+1415555401,+13126223593,Charlotte Reyes,Customer Success,2,Delivered
SMS-504491,2026-09-17T15:24:09.000Z,Outbound,+1415555301,+14043442203,James Whitfield,Billing,2,Delivered
SMS-504492,2026-09-17T13:20:14.000Z,Outbound,+1415555403,+13056507228,Amelia Foster,Customer Success,3,Delivered
SMS-504493,2026-09-17T13:28:14.000Z,Outbound,+1415555102,+13059917415,Liam Carter,Sales,2,Delivered
SMS-504494,2026-09-17T13:03:33.000Z,Inbound,+13053379844,+1415555401,Charlotte Reyes,Customer Success,3,Delivered
SMS-504495,2026-09-17T12:06:14.000Z,Inbound,+13123285892,+1415555502,Grace Lindqvist,IT Helpdesk,1,Delivered
SMS-504496,2026-09-17T13:43:08.000Z,Outbound,+1415555204,+13058776932,Mason Brooks,Customer Support,2,Delivered
SMS-504497,2026-09-17T12:59:59.000Z,Outbound,+1415555205,+17022305461,Isabella Kim,Customer Support,1,Delivered
SMS-504498,2026-09-17T12:51:43.000Z,Outbound,+1415555103,+12129745391,Noah Patel,Sales,1,Delivered
SMS-504499,2026-09-17T11:04:18.000Z,Inbound,+12123075581,+1415555401,Charlotte Reyes,Customer Success,1,Delivered
SMS-504500,2026-09-17T14:21:55.000Z,Inbound,+17028023586,+1415555204,Mason Brooks,Customer Support,1,Delivered
SMS-504501,2026-09-17T13:01:18.000Z,Inbound,+13124345832,+1415555501,Henry Okafor,IT Helpdesk,2,Delivered
SMS-504502,2026-09-17T13:26:15.000Z,Inbound,+17022150750,+1415555303,Benjamin Osei,Billing,1,Delivered
SMS-504503,2026-09-17T12:19:05.000Z,Inbound,+13125400282,+1415555101,Ava Thompson,Sales,1,Delivered
SMS-504504,2026-09-17T12:22:05.000Z,Inbound,+17026942424,+1415555103,Noah Patel,Sales,2,Delivered
SMS-504505,2026-09-17T13:45:15.000Z,Inbound,+12123749891,+1415555302,Mia Alvarez,Billing,1,Delivered
SMS-504506,2026-09-17T12:12:20.000Z,Inbound,+15127269479,+1415555401,Charlotte Reyes,Customer Success,3,Delivered
SMS-504507,2026-09-17T12:17:37.000Z,Outbound,+1415555403,+12127335469,Amelia Foster,Customer Success,1,Delivered
SMS-504508,2026-09-17T11:24:09.000Z,Inbound,+13057048164,+1415555204,Mason Brooks,Customer Support,2,Delivered
SMS-504509,2026-09-17T13:38:56.000Z,Inbound,+15127415633,+1415555101,Ava Thompson,Sales,2,Delivered
SMS-504510,2026-09-17T13:43:48.000Z,Inbound,+16173275183,+1415555103,Noah Patel,Sales,1,Delivered
SMS-504511,2026-09-17T12:13:53.000Z,Inbound,+16173923856,+1415555201,Olivia Chen,Customer Support,2,Delivered
SMS-504512,2026-09-17T14:01:07.000Z,Outbound,+1415555501,+14806789388,Henry Okafor,IT Helpdesk,1,Delivered
SMS-504513,2026-09-17T13:11:03.000Z,Outbound,+1415555302,+14809659688,Mia Alvarez,Billing,3,Delivered
SMS-504514,2026-09-17T12:25:42.000Z,Outbound,+1415555102,+17028838046,Liam Carter,Sales,3,Delivered
SMS-504515,2026-09-17T12:41:04.000Z,Outbound,+1415555103,+17027320287,Noah Patel,Sales,2,Delivered
SMS-504516,2026-09-17T13:00:49.000Z,Inbound,+16173785086,+1415555401,Charlotte Reyes,Customer Success,3,Delivered
SMS-504517,2026-09-18T13:41:10.000Z,Outbound,+1415555502,+12125938397,Grace Lindqvist,IT Helpdesk,1,Delivered
SMS-504518,2026-09-18T12:11:03.000Z,Inbound,+16177497216,+1415555201,Olivia Chen,Customer Support,1,Delivered
SMS-504519,2026-09-18T13:25:31.000Z,Inbound,+15129224494,+1415555201,Olivia Chen,Customer Support,2,Delivered
SMS-504520,2026-09-18T13:22:10.000Z,Inbound,+16176574682,+1415555502,Grace Lindqvist,IT Helpdesk,1,Failed
SMS-504521,2026-09-18T12:42:29.000Z,Inbound,+14153223836,+1415555103,Noah Patel,Sales,1,Delivered
SMS-504522,2026-09-18T12:17:35.000Z,Outbound,+1415555204,+12124418211,Mason Brooks,Customer Support,2,Delivered
SMS-504523,2026-09-18T13:21:45.000Z,Outbound,+1415555501,+16172720205,Henry Okafor,IT Helpdesk,1,Delivered
SMS-504524,2026-09-18T13:00:01.000Z,Inbound,+15127147965,+1415555301,James Whitfield,Billing,3,Delivered
SMS-504525,2026-09-18T14:08:16.000Z,Inbound,+17028926301,+1415555301,James Whitfield,Billing,2,Delivered
SMS-504526,2026-09-18T11:24:28.000Z,Outbound,+1415555402,+14155453384,Lucas Bennett,Customer Success,3,Delivered
SMS-504527,2026-09-18T12:42:15.000Z,Outbound,+1415555403,+13128098430,Amelia Foster,Customer Success,1,Delivered
SMS-504528,2026-09-18T12:50:13.000Z,Outbound,+1415555201,+13126676587,Olivia Chen,Customer Support,3,Delivered
SMS-504529,2026-09-18T12:13:21.000Z,Inbound,+13124167120,+1415555402,Lucas Bennett,Customer Success,2,Delivered
SMS-504530,2026-09-18T12:29:23.000Z,Inbound,+14155603103,+1415555501,Henry Okafor,IT Helpdesk,3,Delivered
SMS-504531,2026-09-18T14:48:34.000Z,Inbound,+15126978509,+1415555502,Grace Lindqvist,IT Helpdesk,3,Delivered
SMS-504532,2026-09-18T14:03:48.000Z,Inbound,+14809881533,+1415555205,Isabella Kim,Customer Support,2,Delivered
SMS-504533,2026-09-18T13:29:50.000Z,Inbound,+14159229365,+1415555402,Lucas Bennett,Customer Success,1,Delivered
SMS-504534,2026-09-18T13:05:51.000Z,Inbound,+12063709514,+1415555302,Mia Alvarez,Billing,3,Failed
SMS-504535,2026-09-18T14:27:25.000Z,Outbound,+1415555104,+13125114177,Emma Rodriguez,Sales,1,Delivered
SMS-504536,2026-09-18T13:03:26.000Z,Inbound,+15122825534,+1415555204,Mason Brooks,Customer Support,1,Delivered
SMS-504537,2026-09-18T12:54:59.000Z,Outbound,+1415555104,+16172476136,Emma Rodriguez,Sales,2,Delivered
SMS-504538,2026-09-18T13:40:29.000Z,Outbound,+1415555101,+12125715352,Ava Thompson,Sales,3,Delivered
SMS-504539,2026-09-18T13:41:21.000Z,Inbound,+13058782233,+1415555402,Lucas Bennett,Customer Success,2,Delivered
SMS-504540,2026-09-18T14:32:07.000Z,Inbound,+12123225594,+1415555102,Liam Carter,Sales,3,Delivered
SMS-504541,2026-09-18T14:20:07.000Z,Inbound,+14806962683,+1415555202,Ethan Walker,Customer Support,1,Failed
SMS-504542,2026-09-18T13:12:55.000Z,Outbound,+1415555403,+14044200548,Amelia Foster,Customer Success,3,Delivered
SMS-504543,2026-09-18T13:47:16.000Z,Outbound,+1415555204,+13055698005,Mason Brooks,Customer Support,2,Failed
SMS-504544,2026-09-18T11:47:27.000Z,Inbound,+13054804882,+1415555403,Amelia Foster,Customer Success,3,Delivered
SMS-504545,2026-09-18T12:04:25.000Z,Inbound,+12129639396,+1415555104,Emma Rodriguez,Sales,2,Delivered
SMS-504546,2026-09-18T14:09:31.000Z,Inbound,+16176135569,+1415555204,Mason Brooks,Customer Support,2,Delivered
SMS-504547,2026-09-18T12:32:13.000Z,Inbound,+14804531186,+1415555202,Ethan Walker,Customer Support,1,Delivered
SMS-504548,2026-09-18T12:23:32.000Z,Outbound,+1415555101,+16179124221,Ava Thompson,Sales,2,Delivered
SMS-504549,2026-09-18T14:31:04.000Z,Outbound,+1415555104,+15124811959,Emma Rodriguez,Sales,3,Delivered
SMS-504550,2026-09-18T13:08:21.000Z,Outbound,+1415555103,+14046891648,Noah Patel,Sales,1,Delivered
SMS-504551,2026-09-18T12:09:27.000Z,Outbound,+1415555403,+13125399091,Amelia Foster,Customer Success,1,Failed
SMS-504552,2026-09-18T11:04:03.000Z,Outbound,+1415555301,+13127588977,James Whitfield,Billing,3,Delivered
SMS-504553,2026-09-18T15:39:14.000Z,Outbound,+1415555301,+12125990048,James Whitfield,Billing,3,Delivered
SMS-504554,2026-09-18T13:48:19.000Z,Outbound,+1415555205,+12063554336,Isabella Kim,Customer Support,3,Delivered
SMS-504555,2026-09-18T12:49:03.000Z,Inbound,+16174197592,+1415555202,Ethan Walker,Customer Support,1,Delivered
SMS-504556,2026-09-18T14:59:53.000Z,Outbound,+1415555402,+12066387849,Lucas Bennett,Customer Success,1,Delivered
SMS-504557,2026-09-18T14:16:17.000Z,Outbound,+1415555204,+13056578843,Mason Brooks,Customer Support,3,Delivered
SMS-504558,2026-09-18T14:53:28.000Z,Inbound,+14044634232,+1415555502,Grace Lindqvist,IT Helpdesk,1,Delivered
SMS-504559,2026-09-18T13:13:49.000Z,Inbound,+14803638086,+1415555301,James Whitfield,Billing,2,Delivered
SMS-504560,2026-09-18T13:11:51.000Z,Inbound,+14157386362,+1415555403,Amelia Foster,Customer Success,2,Delivered
SMS-504561,2026-09-18T13:47:24.000Z,Outbound,+1415555402,+16172147604,Lucas Bennett,Customer Success,3,Delivered
SMS-504562,2026-09-18T12:48:27.000Z,Outbound,+1415555301,+14158190624,James Whitfield,Billing,3,Delivered
SMS-504563,2026-09-18T13:26:21.000Z,Inbound,+17027157171,+1415555403,Amelia Foster,Customer Success,2,Delivered
SMS-504564,2026-09-18T13:46:23.000Z,Outbound,+1415555203,+15125066949,Sophia Nguyen,Customer Support,2,Delivered
SMS-504565,2026-09-18T13:30:34.000Z,Outbound,+1415555103,+17029197172,Noah Patel,Sales,2,Delivered
SMS-504566,2026-09-18T12:37:25.000Z,Inbound,+17025517960,+1415555302,Mia Alvarez,Billing,2,Delivered
SMS-504567,2026-09-18T13:39:29.000Z,Inbound,+13128504362,+1415555103,Noah Patel,Sales,2,Delivered
SMS-504568,2026-09-18T14:02:14.000Z,Inbound,+15127506434,+1415555301,James Whitfield,Billing,2,Delivered
SMS-504569,2026-09-18T13:42:30.000Z,Inbound,+14044146609,+1415555302,Mia Alvarez,Billing,2,Failed
SMS-504570,2026-09-18T13:51:59.000Z,Inbound,+14809465133,+1415555203,Sophia Nguyen,Customer Support,2,Delivered
SMS-504571,2026-09-18T12:19:35.000Z,Outbound,+1415555502,+14157881180,Grace Lindqvist,IT Helpdesk,3,Delivered
SMS-504572,2026-09-18T14:25:34.000Z,Outbound,+1415555302,+15128506098,Mia Alvarez,Billing,3,Delivered
SMS-504573,2026-09-18T13:59:08.000Z,Outbound,+1415555301,+17025572179,James Whitfield,Billing,1,Delivered
SMS-504574,2026-09-18T14:51:43.000Z,Outbound,+1415555401,+16172320298,Charlotte Reyes,Customer Success,1,Pending
SMS-504575,2026-09-18T14:31:19.000Z,Inbound,+14805561741,+1415555403,Amelia Foster,Customer Success,1,Delivered
SMS-504576,2026-09-18T13:46:37.000Z,Outbound,+1415555303,+17022324332,Benjamin Osei,Billing,2,Failed
SMS-504577,2026-09-18T13:12:31.000Z,Outbound,+1415555104,+14806692395,Emma Rodriguez,Sales,1,Delivered
SMS-504578,2026-09-18T12:27:56.000Z,Outbound,+1415555303,+15123807446,Benjamin Osei,Billing,2,Delivered
SMS-504579,2026-09-18T14:32:59.000Z,Inbound,+12128597387,+1415555202,Ethan Walker,Customer Support,2,Delivered
SMS-504580,2026-09-18T13:44:23.000Z,Inbound,+12068307899,+1415555101,Ava Thompson,Sales,2,Delivered
SMS-504581,2026-09-18T13:28:46.000Z,Inbound,+12065921720,+1415555401,Charlotte Reyes,Customer Success,3,Delivered
SMS-504582,2026-09-18T13:40:44.000Z,Outbound,+1415555403,+14048559597,Amelia Foster,Customer Success,1,Delivered
SMS-504583,2026-09-18T13:13:52.000Z,Outbound,+1415555502,+12067175905,Grace Lindqvist,IT Helpdesk,1,Delivered
SMS-504584,2026-09-18T13:45:16.000Z,Inbound,+13054308107,+1415555401,Charlotte Reyes,Customer Success,3,Delivered
SMS-504585,2026-09-18T14:15:03.000Z,Inbound,+16175810515,+1415555202,Ethan Walker,Customer Support,1,Delivered
SMS-504586,2026-09-18T13:17:39.000Z,Inbound,+14805908657,+1415555302,Mia Alvarez,Billing,1,Failed
SMS-504587,2026-09-18T15:20:31.000Z,Outbound,+1415555202,+17028714941,Ethan Walker,Customer Support,1,Delivered
SMS-504588,2026-09-18T13:01:39.000Z,Outbound,+1415555104,+16176938193,Emma Rodriguez,Sales,1,Delivered
SMS-504589,2026-09-18T12:18:47.000Z,Inbound,+12067739807,+1415555402,Lucas Bennett,Customer Success,1,Delivered
SMS-504590,2026-09-18T12:17:43.000Z,Outbound,+1415555402,+14158026477,Lucas Bennett,Customer Success,3,Delivered
SMS-504591,2026-09-18T15:28:44.000Z,Inbound,+13126519148,+1415555502,Grace Lindqvist,IT Helpdesk,2,Delivered
SMS-504592,2026-09-18T13:11:51.000Z,Inbound,+13059813732,+1415555501,Henry Okafor,IT Helpdesk,3,Delivered
SMS-504593,2026-09-18T12:03:40.000Z,Inbound,+14807467999,+1415555402,Lucas Bennett,Customer Success,3,Delivered
SMS-504594,2026-09-18T13:10:42.000Z,Outbound,+1415555205,+16177247549,Isabella Kim,Customer Support,3,Delivered
SMS-504595,2026-09-18T12:55:35.000Z,Inbound,+16175704919,+1415555401,Charlotte Reyes,Customer Success,1,Delivered
SMS-504596,2026-09-18T14:19:20.000Z,Inbound,+17027244120,+1415555102,Liam Carter,Sales,2,Delivered
SMS-504597,2026-09-18T12:30:58.000Z,Inbound,+17029569037,+1415555203,Sophia Nguyen,Customer Support,1,Delivered
SMS-504598,2026-09-18T13:33:13.000Z,Outbound,+1415555201,+14152531340,Olivia Chen,Customer Support,2,Delivered
SMS-504599,2026-09-18T13:44:04.000Z,Outbound,+1415555101,+13126751768,Ava Thompson,Sales,2,Delivered
SMS-504600,2026-09-18T12:19:58.000Z,Inbound,+12062240118,+1415555104,Emma Rodriguez,Sales,3,Failed
SMS-504601,2026-09-18T12:04:45.000Z,Outbound,+1415555401,+12126723658,Charlotte Reyes,Customer Success,1,Delivered
SMS-504602,2026-09-18T12:26:05.000Z,Inbound,+14808159521,+1415555104,Emma Rodriguez,Sales,1,Delivered
SMS-504603,2026-09-18T12:49:12.000Z,Inbound,+12128027087,+1415555201,Olivia Chen,Customer Support,2,Delivered
SMS-504604,2026-09-18T12:00:22.000Z,Inbound,+13053751478,+1415555403,Amelia Foster,Customer Success,3,Delivered
SMS-504605,2026-09-18T13:27:38.000Z,Inbound,+12126294118,+1415555502,Grace Lindqvist,IT Helpdesk,2,Delivered
SMS-504606,2026-09-18T14:06:37.000Z,Outbound,+1415555501,+12063474707,Henry Okafor,IT Helpdesk,1,Failed
SMS-504607,2026-09-18T14:07:39.000Z,Inbound,+12125376388,+1415555104,Emma Rodriguez,Sales,1,Delivered
SMS-504608,2026-09-19T14:06:34.000Z,Outbound,+1415555401,+15128564618,Charlotte Reyes,Customer Success,3,Delivered
SMS-504609,2026-09-19T13:25:30.000Z,Inbound,+14153429994,+1415555203,Sophia Nguyen,Customer Support,1,Delivered
SMS-504610,2026-09-19T12:02:28.000Z,Inbound,+13129862138,+1415555501,Henry Okafor,IT Helpdesk,3,Delivered
SMS-504611,2026-09-19T11:22:46.000Z,Outbound,+1415555204,+16174938477,Mason Brooks,Customer Support,2,Delivered
SMS-504612,2026-09-19T13:04:20.000Z,Outbound,+1415555402,+14047516413,Lucas Bennett,Customer Success,3,Delivered
SMS-504613,2026-09-19T13:56:43.000Z,Outbound,+1415555202,+14803606804,Ethan Walker,Customer Support,2,Delivered
SMS-504614,2026-09-19T13:18:05.000Z,Outbound,+1415555103,+13056433694,Noah Patel,Sales,2,Delivered
SMS-504615,2026-09-19T14:25:03.000Z,Inbound,+13054763296,+1415555403,Amelia Foster,Customer Success,3,Delivered
SMS-504616,2026-09-19T13:58:33.000Z,Inbound,+17027095088,+1415555205,Isabella Kim,Customer Support,1,Delivered
SMS-504617,2026-09-19T13:45:30.000Z,Outbound,+1415555202,+14804555186,Ethan Walker,Customer Support,2,Delivered
SMS-504618,2026-09-19T13:16:44.000Z,Inbound,+14045414943,+1415555203,Sophia Nguyen,Customer Support,2,Delivered
SMS-504619,2026-09-19T14:50:16.000Z,Outbound,+1415555301,+15122027322,James Whitfield,Billing,2,Delivered
SMS-504620,2026-09-19T13:54:14.000Z,Inbound,+14805807484,+1415555101,Ava Thompson,Sales,1,Delivered
SMS-504621,2026-09-19T11:39:10.000Z,Inbound,+12129188655,+1415555301,James Whitfield,Billing,2,Delivered
SMS-504622,2026-09-19T14:47:19.000Z,Inbound,+16173389802,+1415555502,Grace Lindqvist,IT Helpdesk,1,Delivered
SMS-504623,2026-09-19T12:58:16.000Z,Outbound,+1415555201,+12064983401,Olivia Chen,Customer Support,2,Delivered
SMS-504624,2026-09-19T13:13:41.000Z,Outbound,+1415555102,+12066246374,Liam Carter,Sales,1,Failed
SMS-504625,2026-09-20T14:45:49.000Z,Outbound,+1415555205,+14152744594,Isabella Kim,Customer Support,2,Delivered
SMS-504626,2026-09-20T14:45:10.000Z,Inbound,+14808729743,+1415555203,Sophia Nguyen,Customer Support,2,Delivered
SMS-504627,2026-09-20T13:03:10.000Z,Inbound,+17029006799,+1415555103,Noah Patel,Sales,3,Delivered
SMS-504628,2026-09-20T13:08:02.000Z,Outbound,+1415555203,+14159077634,Sophia Nguyen,Customer Support,1,Delivered
SMS-504629,2026-09-20T13:44:32.000Z,Inbound,+12063879368,+1415555204,Mason Brooks,Customer Support,1,Delivered
SMS-504630,2026-09-20T13:52:20.000Z,Outbound,+1415555101,+16178718068,Ava Thompson,Sales,2,Delivered
SMS-504631,2026-09-20T13:48:27.000Z,Outbound,+1415555103,+16175001514,Noah Patel,Sales,3,Delivered
SMS-504632,2026-09-20T14:09:28.000Z,Outbound,+1415555502,+14045549301,Grace Lindqvist,IT Helpdesk,3,Failed
SMS-504633,2026-09-20T12:12:43.000Z,Inbound,+14802509784,+1415555303,Benjamin Osei,Billing,3,Delivered
SMS-504634,2026-09-20T13:01:10.000Z,Outbound,+1415555205,+14047779457,Isabella Kim,Customer Support,3,Delivered
SMS-504635,2026-09-20T13:36:00.000Z,Outbound,+1415555301,+12069234110,James Whitfield,Billing,1,Delivered
SMS-504636,2026-09-20T13:00:04.000Z,Inbound,+15129831468,+1415555103,Noah Patel,Sales,1,Delivered
SMS-504637,2026-09-20T12:13:12.000Z,Outbound,+1415555401,+13053308185,Charlotte Reyes,Customer Success,2,Delivered
SMS-504638,2026-09-20T12:33:04.000Z,Inbound,+14152959249,+1415555202,Ethan Walker,Customer Support,3,Delivered
SMS-504639,2026-09-20T12:24:20.000Z,Inbound,+14045144926,+1415555104,Emma Rodriguez,Sales,2,Delivered
SMS-504640,2026-09-20T14:00:34.000Z,Outbound,+1415555202,+14804009938,Ethan Walker,Customer Support,3,Delivered
SMS-504641,2026-09-20T14:35:24.000Z,Inbound,+12065753236,+1415555203,Sophia Nguyen,Customer Support,2,Delivered
SMS-504642,2026-09-20T14:38:55.000Z,Inbound,+13059800619,+1415555303,Benjamin Osei,Billing,2,Delivered
SMS-504643,2026-09-20T13:58:40.000Z,Inbound,+14043740756,+1415555102,Liam Carter,Sales,2,Delivered
SMS-504644,2026-09-20T12:13:22.000Z,Inbound,+13128709413,+1415555101,Ava Thompson,Sales,1,Delivered
SMS-504645,2026-09-20T12:19:53.000Z,Outbound,+1415555204,+15126069413,Mason Brooks,Customer Support,3,Delivered
SMS-504646,2026-09-20T12:21:12.000Z,Inbound,+12123901732,+1415555502,Grace Lindqvist,IT Helpdesk,2,Delivered
SMS-504647,2026-09-20T14:31:34.000Z,Outbound,+1415555201,+17023210513,Olivia Chen,Customer Support,2,Delivered
SMS-504648,2026-09-21T13:47:46.000Z,Inbound,+14159040460,+1415555302,Mia Alvarez,Billing,3,Failed
SMS-504649,2026-09-21T12:08:54.000Z,Outbound,+1415555101,+15125450439,Ava Thompson,Sales,1,Delivered
SMS-504650,2026-09-21T12:37:17.000Z,Inbound,+13058414204,+1415555201,Olivia Chen,Customer Support,1,Delivered
SMS-504651,2026-09-21T13:12:09.000Z,Outbound,+1415555202,+16172439030,Ethan Walker,Customer Support,1,Delivered
SMS-504652,2026-09-21T13:15:26.000Z,Inbound,+12127978336,+1415555401,Charlotte Reyes,Customer Success,2,Delivered
SMS-504653,2026-09-21T12:36:59.000Z,Inbound,+14159937234,+1415555102,Liam Carter,Sales,2,Delivered
SMS-504654,2026-09-21T13:00:17.000Z,Inbound,+14044251219,+1415555401,Charlotte Reyes,Customer Success,2,Delivered
SMS-504655,2026-09-21T13:07:15.000Z,Outbound,+1415555101,+14046450477,Ava Thompson,Sales,1,Delivered
SMS-504656,2026-09-21T14:23:59.000Z,Inbound,+17029296325,+1415555203,Sophia Nguyen,Customer Support,2,Delivered
SMS-504657,2026-09-21T13:18:20.000Z,Outbound,+1415555203,+14153686069,Sophia Nguyen,Customer Support,2,Delivered
SMS-504658,2026-09-21T13:27:02.000Z,Inbound,+13122209374,+1415555205,Isabella Kim,Customer Support,2,Failed
SMS-504659,2026-09-21T14:33:37.000Z,Inbound,+15123163324,+1415555101,Ava Thompson,Sales,1,Delivered
SMS-504660,2026-09-21T15:42:56.000Z,Outbound,+1415555203,+12067753169,Sophia Nguyen,Customer Support,1,Delivered
SMS-504661,2026-09-21T14:12:42.000Z,Inbound,+14043767685,+1415555103,Noah Patel,Sales,3,Delivered
SMS-504662,2026-09-21T14:22:11.000Z,Outbound,+1415555104,+12124914170,Emma Rodriguez,Sales,3,Delivered
SMS-504663,2026-09-21T11:11:26.000Z,Outbound,+1415555202,+13056872366,Ethan Walker,Customer Support,1,Delivered
SMS-504664,2026-09-21T14:52:10.000Z,Inbound,+14809551089,+1415555501,Henry Okafor,IT Helpdesk,2,Delivered
SMS-504665,2026-09-21T13:13:42.000Z,Inbound,+13056296580,+1415555401,Charlotte Reyes,Customer Success,3,Delivered
SMS-504666,2026-09-21T13:20:44.000Z,Inbound,+13058863144,+1415555403,Amelia Foster,Customer Success,2,Delivered
SMS-504667,2026-09-21T12:05:23.000Z,Inbound,+12127141767,+1415555203,Sophia Nguyen,Customer Support,2,Delivered
SMS-504668,2026-09-21T13:27:31.000Z,Outbound,+1415555205,+14044266635,Isabella Kim,Customer Support,1,Delivered
SMS-504669,2026-09-21T14:27:55.000Z,Outbound,+1415555302,+13122339284,Mia Alvarez,Billing,1,Delivered
SMS-504670,2026-09-21T13:34:48.000Z,Inbound,+16177810120,+1415555301,James Whitfield,Billing,2,Delivered
SMS-504671,2026-09-21T12:52:26.000Z,Inbound,+15126223101,+1415555103,Noah Patel,Sales,2,Delivered
SMS-504672,2026-09-21T14:53:02.000Z,Outbound,+1415555101,+14043599656,Ava Thompson,Sales,1,Failed
SMS-504673,2026-09-21T13:54:14.000Z,Outbound,+1415555403,+14045737158,Amelia Foster,Customer Success,1,Delivered
SMS-504674,2026-09-21T13:14:07.000Z,Inbound,+12129875440,+1415555303,Benjamin Osei,Billing,2,Delivered
SMS-504675,2026-09-21T14:35:14.000Z,Inbound,+12128047739,+1415555205,Isabella Kim,Customer Support,1,Delivered
SMS-504676,2026-09-21T14:54:53.000Z,Inbound,+14156952685,+1415555101,Ava Thompson,Sales,1,Delivered
SMS-504677,2026-09-21T13:04:35.000Z,Outbound,+1415555301,+12067952566,James Whitfield,Billing,2,Delivered
SMS-504678,2026-09-21T12:58:48.000Z,Inbound,+14049172935,+1415555502,Grace Lindqvist,IT Helpdesk,2,Delivered
SMS-504679,2026-09-21T12:11:46.000Z,Outbound,+1415555402,+14157320193,Lucas Bennett,Customer Success,3,Failed
SMS-504680,2026-09-21T12:12:02.000Z,Inbound,+16177497146,+1415555502,Grace Lindqvist,IT Helpdesk,2,Delivered
SMS-504681,2026-09-21T12:22:10.000Z,Inbound,+16176866825,+1415555104,Emma Rodriguez,Sales,1,Delivered
SMS-504682,2026-09-21T13:34:50.000Z,Outbound,+1415555502,+15122697451,Grace Lindqvist,IT Helpdesk,2,Delivered
SMS-504683,2026-09-21T13:03:50.000Z,Inbound,+17028505703,+1415555502,Grace Lindqvist,IT Helpdesk,3,Delivered
SMS-504684,2026-09-21T13:54:05.000Z,Inbound,+13057643612,+1415555202,Ethan Walker,Customer Support,1,Delivered
SMS-504685,2026-09-21T14:56:12.000Z,Inbound,+15124377037,+1415555301,James Whitfield,Billing,2,Delivered
SMS-504686,2026-09-21T14:04:43.000Z,Outbound,+1415555102,+15127360674,Liam Carter,Sales,2,Pending
SMS-504687,2026-09-21T13:00:41.000Z,Inbound,+14802506516,+1415555301,James Whitfield,Billing,2,Delivered
SMS-504688,2026-09-21T13:13:35.000Z,Outbound,+1415555102,+13059153611,Liam Carter,Sales,2,Delivered
SMS-504689,2026-09-21T13:54:02.000Z,Inbound,+14158345284,+1415555403,Amelia Foster,Customer Success,1,Pending
SMS-504690,2026-09-21T13:24:15.000Z,Outbound,+1415555501,+12126219788,Henry Okafor,IT Helpdesk,2,Delivered
SMS-504691,2026-09-21T13:38:40.000Z,Outbound,+1415555302,+14042173909,Mia Alvarez,Billing,1,Delivered
SMS-504692,2026-09-21T13:36:21.000Z,Inbound,+17026291300,+1415555205,Isabella Kim,Customer Support,1,Delivered
SMS-504693,2026-09-21T12:19:34.000Z,Outbound,+1415555502,+14805808532,Grace Lindqvist,IT Helpdesk,3,Delivered
SMS-504694,2026-09-21T13:29:58.000Z,Outbound,+1415555301,+17028334585,James Whitfield,Billing,2,Delivered
SMS-504695,2026-09-21T13:05:36.000Z,Inbound,+17026508630,+1415555402,Lucas Bennett,Customer Success,1,Delivered
SMS-504696,2026-09-21T12:42:35.000Z,Inbound,+14803469420,+1415555104,Emma Rodriguez,Sales,2,Delivered
SMS-504697,2026-09-21T14:51:08.000Z,Inbound,+13124196329,+1415555204,Mason Brooks,Customer Support,3,Delivered
SMS-504698,2026-09-22T12:11:05.000Z,Outbound,+1415555104,+14155518782,Emma Rodriguez,Sales,1,Delivered
SMS-504699,2026-09-22T14:40:07.000Z,Inbound,+14046486614,+1415555203,Sophia Nguyen,Customer Support,1,Delivered
SMS-504700,2026-09-22T14:43:42.000Z,Inbound,+15127498697,+1415555101,Ava Thompson,Sales,2,Delivered
SMS-504701,2026-09-22T13:05:35.000Z,Inbound,+12062031147,+1415555205,Isabella Kim,Customer Support,3,Delivered
SMS-504702,2026-09-22T15:05:12.000Z,Inbound,+14802267829,+1415555101,Ava Thompson,Sales,3,Delivered
SMS-504703,2026-09-22T12:56:01.000Z,Outbound,+1415555401,+15125680100,Charlotte Reyes,Customer Success,1,Delivered
SMS-504704,2026-09-22T13:03:29.000Z,Outbound,+1415555101,+15123538772,Ava Thompson,Sales,2,Delivered
SMS-504705,2026-09-22T11:13:26.000Z,Outbound,+1415555302,+14155467310,Mia Alvarez,Billing,3,Delivered
SMS-504706,2026-09-22T12:58:39.000Z,Inbound,+12122651621,+1415555301,James Whitfield,Billing,3,Delivered
SMS-504707,2026-09-22T12:19:01.000Z,Inbound,+14049888583,+1415555104,Emma Rodriguez,Sales,2,Delivered
SMS-504708,2026-09-22T13:58:00.000Z,Outbound,+1415555104,+13059704821,Emma Rodriguez,Sales,1,Failed
SMS-504709,2026-09-22T13:30:01.000Z,Outbound,+1415555403,+14806401522,Amelia Foster,Customer Success,3,Failed
SMS-504710,2026-09-22T13:08:38.000Z,Inbound,+15127026361,+1415555401,Charlotte Reyes,Customer Success,2,Delivered
SMS-504711,2026-09-22T13:15:29.000Z,Outbound,+1415555401,+13058216103,Charlotte Reyes,Customer Success,1,Delivered
SMS-504712,2026-09-22T14:25:27.000Z,Inbound,+13129319085,+1415555302,Mia Alvarez,Billing,3,Delivered
SMS-504713,2026-09-22T12:52:12.000Z,Inbound,+17022385088,+1415555301,James Whitfield,Billing,2,Pending
SMS-504714,2026-09-22T13:23:10.000Z,Outbound,+1415555302,+12069461239,Mia Alvarez,Billing,3,Delivered
SMS-504715,2026-09-22T14:08:49.000Z,Outbound,+1415555104,+17022775464,Emma Rodriguez,Sales,1,Failed
SMS-504716,2026-09-22T13:37:48.000Z,Outbound,+1415555101,+15124545839,Ava Thompson,Sales,3,Delivered
SMS-504717,2026-09-22T15:44:25.000Z,Inbound,+14042589172,+1415555203,Sophia Nguyen,Customer Support,2,Delivered
SMS-504718,2026-09-22T13:16:11.000Z,Inbound,+13124703054,+1415555501,Henry Okafor,IT Helpdesk,2,Delivered
SMS-504719,2026-09-22T13:50:04.000Z,Inbound,+12064013186,+1415555104,Emma Rodriguez,Sales,3,Delivered
SMS-504720,2026-09-22T14:28:00.000Z,Outbound,+1415555204,+16173490974,Mason Brooks,Customer Support,3,Delivered
SMS-504721,2026-09-22T14:55:06.000Z,Inbound,+12129329773,+1415555203,Sophia Nguyen,Customer Support,1,Delivered
SMS-504722,2026-09-22T14:49:36.000Z,Outbound,+1415555101,+17026553514,Ava Thompson,Sales,1,Delivered
SMS-504723,2026-09-22T13:26:09.000Z,Inbound,+12127421279,+1415555203,Sophia Nguyen,Customer Support,3,Delivered
SMS-504724,2026-09-22T13:01:53.000Z,Outbound,+1415555303,+17023914267,Benjamin Osei,Billing,1,Delivered
SMS-504725,2026-09-22T14:33:29.000Z,Inbound,+14809032984,+1415555103,Noah Patel,Sales,1,Delivered
SMS-504726,2026-09-22T13:03:02.000Z,Outbound,+1415555104,+16179650031,Emma Rodriguez,Sales,3,Delivered
SMS-504727,2026-09-22T12:17:26.000Z,Outbound,+1415555403,+13056640330,Amelia Foster,Customer Success,3,Delivered
SMS-504728,2026-09-22T12:51:27.000Z,Inbound,+15129505852,+1415555501,Henry Okafor,IT Helpdesk,2,Delivered
SMS-504729,2026-09-22T12:29:27.000Z,Outbound,+1415555401,+16175929789,Charlotte Reyes,Customer Success,2,Delivered
SMS-504730,2026-09-22T13:34:16.000Z,Outbound,+1415555403,+12123356892,Amelia Foster,Customer Success,3,Failed
SMS-504731,2026-09-22T13:55:26.000Z,Outbound,+1415555201,+13124643996,Olivia Chen,Customer Support,2,Delivered
SMS-504732,2026-09-22T14:15:59.000Z,Inbound,+13058451101,+1415555401,Charlotte Reyes,Customer Success,1,Delivered
SMS-504733,2026-09-22T13:49:20.000Z,Outbound,+1415555202,+12123186250,Ethan Walker,Customer Support,2,Delivered
SMS-504734,2026-09-22T13:52:08.000Z,Outbound,+1415555102,+13054622053,Liam Carter,Sales,1,Delivered
SMS-504735,2026-09-22T13:47:35.000Z,Outbound,+1415555201,+16173175973,Olivia Chen,Customer Support,2,Delivered
SMS-504736,2026-09-22T12:51:19.000Z,Inbound,+14805096478,+1415555204,Mason Brooks,Customer Support,1,Delivered
SMS-504737,2026-09-22T12:44:06.000Z,Inbound,+12068300413,+1415555104,Emma Rodriguez,Sales,1,Delivered
SMS-504738,2026-09-22T12:44:44.000Z,Outbound,+1415555501,+15122838586,Henry Okafor,IT Helpdesk,1,Delivered
SMS-504739,2026-09-22T12:51:06.000Z,Outbound,+1415555203,+12125067501,Sophia Nguyen,Customer Support,2,Delivered
SMS-504740,2026-09-22T13:27:45.000Z,Inbound,+15126793045,+1415555102,Liam Carter,Sales,1,Delivered
SMS-504741,2026-09-22T14:49:36.000Z,Inbound,+14157407983,+1415555301,James Whitfield,Billing,3,Delivered
SMS-504742,2026-09-22T13:18:00.000Z,Outbound,+1415555302,+17023818231,Mia Alvarez,Billing,3,Delivered
SMS-504743,2026-09-22T12:29:32.000Z,Inbound,+14158701463,+1415555204,Mason Brooks,Customer Support,3,Delivered
SMS-504744,2026-09-22T13:47:24.000Z,Outbound,+1415555102,+12066309093,Liam Carter,Sales,2,Delivered
SMS-504745,2026-09-22T13:44:49.000Z,Inbound,+15127508143,+1415555202,Ethan Walker,Customer Support,2,Delivered
SMS-504746,2026-09-22T12:05:05.000Z,Inbound,+15128483084,+1415555203,Sophia Nguyen,Customer Support,1,Pending
SMS-504747,2026-09-22T14:36:21.000Z,Inbound,+17023236085,+1415555103,Noah Patel,Sales,2,Delivered
SMS-504748,2026-09-22T14:49:56.000Z,Outbound,+1415555402,+14046436994,Lucas Bennett,Customer Success,3,Delivered
SMS-504749,2026-09-22T12:59:51.000Z,Inbound,+13127522171,+1415555202,Ethan Walker,Customer Support,1,Delivered
SMS-504750,2026-09-22T12:36:27.000Z,Inbound,+14049390740,+1415555301,James Whitfield,Billing,2,Failed
SMS-504751,2026-09-22T13:27:29.000Z,Inbound,+14044338656,+1415555401,Charlotte Reyes,Customer Success,3,Delivered
SMS-504752,2026-09-22T13:31:08.000Z,Inbound,+17023929732,+1415555204,Mason Brooks,Customer Support,2,Delivered
SMS-504753,2026-09-22T13:51:25.000Z,Outbound,+1415555303,+15123842605,Benjamin Osei,Billing,3,Delivered
SMS-504754,2026-09-22T14:37:11.000Z,Outbound,+1415555402,+16174962329,Lucas Bennett,Customer Success,1,Delivered
SMS-504755,2026-09-22T13:53:34.000Z,Outbound,+1415555303,+16179488601,Benjamin Osei,Billing,1,Delivered
SMS-504756,2026-09-22T14:42:53.000Z,Inbound,+17022343028,+1415555201,Olivia Chen,Customer Support,3,Delivered
SMS-504757,2026-09-22T14:25:33.000Z,Inbound,+15126644982,+1415555403,Amelia Foster,Customer Success,1,Delivered
SMS-504758,2026-09-22T12:12:01.000Z,Outbound,+1415555302,+14803782739,Mia Alvarez,Billing,3,Delivered
SMS-504759,2026-09-22T12:23:40.000Z,Inbound,+13123541600,+1415555401,Charlotte Reyes,Customer Success,2,Failed
SMS-504760,2026-09-22T13:23:05.000Z,Outbound,+1415555103,+16175194991,Noah Patel,Sales,3,Delivered
SMS-504761,2026-09-22T13:19:43.000Z,Inbound,+17024709757,+1415555203,Sophia Nguyen,Customer Support,1,Delivered
SMS-504762,2026-09-22T14:18:55.000Z,Inbound,+14154421337,+1415555403,Amelia Foster,Customer Success,2,Delivered
SMS-504763,2026-09-22T13:30:51.000Z,Inbound,+14807277503,+1415555204,Mason Brooks,Customer Support,2,Delivered
SMS-504764,2026-09-22T12:17:09.000Z,Inbound,+14043113351,+1415555302,Mia Alvarez,Billing,1,Delivered
SMS-504765,2026-09-22T14:27:59.000Z,Inbound,+13052573968,+1415555301,James Whitfield,Billing,3,Delivered
SMS-504766,2026-09-22T14:40:01.000Z,Inbound,+13123166765,+1415555201,Olivia Chen,Customer Support,3,Delivered
SMS-504767,2026-09-22T12:31:23.000Z,Inbound,+13127288078,+1415555101,Ava Thompson,Sales,2,Delivered
SMS-504768,2026-09-22T12:45:44.000Z,Inbound,+15122844443,+1415555104,Emma Rodriguez,Sales,1,Delivered
SMS-504769,2026-09-22T12:10:00.000Z,Inbound,+14047690898,+1415555501,Henry Okafor,IT Helpdesk,1,Delivered
SMS-504770,2026-09-22T13:35:53.000Z,Inbound,+14044290900,+1415555301,James Whitfield,Billing,1,Delivered
SMS-504771,2026-09-22T13:23:01.000Z,Inbound,+13052295534,+1415555201,Olivia Chen,Customer Support,2,Delivered
SMS-504772,2026-09-22T13:00:40.000Z,Inbound,+14156071521,+1415555502,Grace Lindqvist,IT Helpdesk,3,Delivered
SMS-504773,2026-09-22T13:43:51.000Z,Outbound,+1415555201,+16173769627,Olivia Chen,Customer Support,1,Delivered
SMS-504774,2026-09-22T12:40:40.000Z,Inbound,+14805190410,+1415555104,Emma Rodriguez,Sales,2,Delivered
SMS-504775,2026-09-22T12:08:20.000Z,Inbound,+14802826651,+1415555302,Mia Alvarez,Billing,3,Delivered
SMS-504776,2026-09-22T13:58:36.000Z,Outbound,+1415555303,+16176948347,Benjamin Osei,Billing,3,Delivered
SMS-504777,2026-09-22T13:40:35.000Z,Inbound,+14045980738,+1415555502,Grace Lindqvist,IT Helpdesk,2,Delivered
SMS-504778,2026-09-22T12:17:36.000Z,Inbound,+16172974560,+1415555104,Emma Rodriguez,Sales,2,Delivered
SMS-504779,2026-09-22T14:10:45.000Z,Outbound,+1415555201,+15129603942,Olivia Chen,Customer Support,2,Delivered
SMS-504780,2026-09-22T13:53:20.000Z,Inbound,+12123700458,+1415555303,Benjamin Osei,Billing,1,Delivered
SMS-504781,2026-09-22T11:54:02.000Z,Inbound,+16178540077,+1415555501,Henry Okafor,IT Helpdesk,2,Failed
SMS-504782,2026-09-22T13:47:48.000Z,Inbound,+14154740054,+1415555104,Emma Rodriguez,Sales,1,Delivered
SMS-504783,2026-09-22T11:49:54.000Z,Inbound,+14158395883,+1415555102,Liam Carter,Sales,3,Delivered
SMS-504784,2026-09-22T13:55:37.000Z,Outbound,+1415555303,+12068893993,Benjamin Osei,Billing,1,Delivered
SMS-504785,2026-09-22T12:28:17.000Z,Inbound,+14153123070,+1415555101,Ava Thompson,Sales,2,Delivered
SMS-504786,2026-09-22T14:19:21.000Z,Outbound,+1415555102,+14808939235,Liam Carter,Sales,1,Delivered
SMS-504787,2026-09-22T14:13:23.000Z,Outbound,+1415555402,+12124880007,Lucas Bennett,Customer Success,3,Delivered
SMS-504788,2026-09-22T13:15:35.000Z,Outbound,+1415555302,+12065672802,Mia Alvarez,Billing,3,Delivered
SMS-504789,2026-09-22T14:56:21.000Z,Inbound,+14046109683,+1415555202,Ethan Walker,Customer Support,3,Delivered
SMS-504790,2026-09-22T14:56:18.000Z,Inbound,+14046364970,+1415555202,Ethan Walker,Customer Support,1,Delivered
SMS-504791,2026-09-22T14:20:11.000Z,Outbound,+1415555102,+14049469298,Liam Carter,Sales,2,Delivered
SMS-504792,2026-09-22T13:54:00.000Z,Outbound,+1415555104,+16175308954,Emma Rodriguez,Sales,1,Delivered
SMS-504793,2026-09-22T14:17:44.000Z,Outbound,+1415555201,+12123466081,Olivia Chen,Customer Support,3,Delivered
SMS-504794,2026-09-22T14:00:59.000Z,Inbound,+12128501103,+1415555303,Benjamin Osei,Billing,1,Delivered
SMS-504795,2026-09-22T13:09:38.000Z,Inbound,+14808199140,+1415555303,Benjamin Osei,Billing,3,Delivered
SMS-504796,2026-09-22T13:56:49.000Z,Inbound,+14806964959,+1415555202,Ethan Walker,Customer Support,2,Delivered
SMS-504797,2026-09-22T12:58:52.000Z,Outbound,+1415555303,+13057371477,Benjamin Osei,Billing,2,Delivered
SMS-504798,2026-09-22T12:00:20.000Z,Outbound,+1415555101,+12128661051,Ava Thompson,Sales,3,Pending
SMS-504799,2026-09-22T12:17:01.000Z,Inbound,+15123273396,+1415555401,Charlotte Reyes,Customer Success,3,Delivered
SMS-504800,2026-09-22T13:33:23.000Z,Inbound,+16175447519,+1415555204,Mason Brooks,Customer Support,3,Pending
SMS-504801,2026-09-22T13:20:11.000Z,Outbound,+1415555203,+12128571849,Sophia Nguyen,Customer Support,1,Delivered
SMS-504802,2026-09-22T12:14:14.000Z,Inbound,+14804407297,+1415555303,Benjamin Osei,Billing,2,Delivered
SMS-504803,2026-09-22T13:59:30.000Z,Inbound,+13058977820,+1415555502,Grace Lindqvist,IT Helpdesk,3,Delivered
SMS-504804,2026-09-22T13:44:17.000Z,Inbound,+13054513006,+1415555402,Lucas Bennett,Customer Success,3,Delivered
SMS-504805,2026-09-22T13:17:39.000Z,Inbound,+12126187592,+1415555301,James Whitfield,Billing,3,Delivered
SMS-504806,2026-09-22T13:09:23.000Z,Outbound,+1415555501,+12068792553,Henry Okafor,IT Helpdesk,2,Delivered
SMS-504807,2026-09-22T12:37:45.000Z,Outbound,+1415555403,+15127943155,Amelia Foster,Customer Success,1,Delivered
SMS-504808,2026-09-23T15:46:36.000Z,Outbound,+1415555103,+14049700881,Noah Patel,Sales,1,Delivered
SMS-504809,2026-09-23T12:57:37.000Z,Outbound,+1415555303,+15123147108,Benjamin Osei,Billing,1,Delivered
SMS-504810,2026-09-23T13:53:51.000Z,Outbound,+1415555501,+12067049253,Henry Okafor,IT Helpdesk,3,Delivered
SMS-504811,2026-09-23T13:27:05.000Z,Outbound,+1415555204,+13122220708,Mason Brooks,Customer Support,1,Delivered
SMS-504812,2026-09-23T12:28:45.000Z,Outbound,+1415555401,+17025098633,Charlotte Reyes,Customer Success,2,Delivered
SMS-504813,2026-09-23T12:47:41.000Z,Inbound,+14802999134,+1415555103,Noah Patel,Sales,1,Delivered
SMS-504814,2026-09-23T11:16:18.000Z,Inbound,+13128945190,+1415555204,Mason Brooks,Customer Support,2,Delivered
SMS-504815,2026-09-23T13:03:32.000Z,Outbound,+1415555203,+16173746803,Sophia Nguyen,Customer Support,1,Delivered
SMS-504816,2026-09-23T12:16:49.000Z,Outbound,+1415555102,+13058376957,Liam Carter,Sales,1,Delivered
SMS-504817,2026-09-23T12:20:16.000Z,Outbound,+1415555203,+14047318251,Sophia Nguyen,Customer Support,1,Delivered
SMS-504818,2026-09-23T13:05:08.000Z,Outbound,+1415555201,+17024791797,Olivia Chen,Customer Support,1,Delivered
SMS-504819,2026-09-23T13:56:58.000Z,Inbound,+12124722327,+1415555204,Mason Brooks,Customer Support,1,Delivered
SMS-504820,2026-09-23T12:52:37.000Z,Inbound,+17027365905,+1415555202,Ethan Walker,Customer Support,2,Delivered
SMS-504821,2026-09-23T14:49:50.000Z,Inbound,+15125865696,+1415555205,Isabella Kim,Customer Support,3,Delivered
SMS-504822,2026-09-23T14:14:56.000Z,Inbound,+15124624299,+1415555402,Lucas Bennett,Customer Success,3,Delivered
SMS-504823,2026-09-23T11:20:08.000Z,Outbound,+1415555203,+14049840360,Sophia Nguyen,Customer Support,2,Delivered
SMS-504824,2026-09-23T13:42:13.000Z,Inbound,+14154489011,+1415555403,Amelia Foster,Customer Success,3,Delivered
SMS-504825,2026-09-23T13:31:01.000Z,Inbound,+13129683994,+1415555104,Emma Rodriguez,Sales,3,Delivered
SMS-504826,2026-09-23T13:22:43.000Z,Outbound,+1415555502,+14155231604,Grace Lindqvist,IT Helpdesk,2,Failed
SMS-504827,2026-09-23T13:17:32.000Z,Outbound,+1415555203,+12124816825,Sophia Nguyen,Customer Support,3,Pending
SMS-504828,2026-09-23T13:17:34.000Z,Inbound,+13123438522,+1415555402,Lucas Bennett,Customer Success,2,Delivered
SMS-504829,2026-09-23T12:26:35.000Z,Outbound,+1415555205,+14803159668,Isabella Kim,Customer Support,2,Delivered
SMS-504830,2026-09-23T14:29:05.000Z,Inbound,+14048867654,+1415555204,Mason Brooks,Customer Support,1,Delivered
SMS-504831,2026-09-23T13:39:34.000Z,Outbound,+1415555103,+13128724943,Noah Patel,Sales,2,Delivered
SMS-504832,2026-09-23T14:57:28.000Z,Outbound,+1415555502,+14046361850,Grace Lindqvist,IT Helpdesk,1,Delivered
SMS-504833,2026-09-23T11:56:02.000Z,Inbound,+14803846008,+1415555104,Emma Rodriguez,Sales,1,Delivered
SMS-504834,2026-09-23T13:29:02.000Z,Inbound,+13053922601,+1415555301,James Whitfield,Billing,3,Failed
SMS-504835,2026-09-23T14:35:30.000Z,Inbound,+14807347548,+1415555403,Amelia Foster,Customer Success,2,Delivered
SMS-504836,2026-09-23T13:41:02.000Z,Outbound,+1415555103,+17023792689,Noah Patel,Sales,2,Delivered
SMS-504837,2026-09-23T14:26:08.000Z,Inbound,+15129662836,+1415555205,Isabella Kim,Customer Support,2,Delivered
SMS-504838,2026-09-23T13:25:58.000Z,Inbound,+13128979330,+1415555401,Charlotte Reyes,Customer Success,1,Delivered
SMS-504839,2026-09-23T13:34:42.000Z,Outbound,+1415555303,+13053649003,Benjamin Osei,Billing,3,Delivered
SMS-504840,2026-09-23T13:40:26.000Z,Inbound,+16175395310,+1415555104,Emma Rodriguez,Sales,3,Delivered
SMS-504841,2026-09-23T13:31:03.000Z,Inbound,+12127717938,+1415555103,Noah Patel,Sales,3,Delivered
SMS-504842,2026-09-23T13:38:11.000Z,Outbound,+1415555101,+13056363061,Ava Thompson,Sales,3,Delivered
SMS-504843,2026-09-23T12:35:20.000Z,Outbound,+1415555204,+17023680750,Mason Brooks,Customer Support,2,Delivered
SMS-504844,2026-09-23T14:07:53.000Z,Inbound,+13053564963,+1415555402,Lucas Bennett,Customer Success,2,Failed
SMS-504845,2026-09-23T13:03:58.000Z,Inbound,+14804167353,+1415555205,Isabella Kim,Customer Support,3,Failed
SMS-504846,2026-09-23T13:33:31.000Z,Outbound,+1415555102,+13056732681,Liam Carter,Sales,3,Delivered
SMS-504847,2026-09-23T13:50:19.000Z,Outbound,+1415555402,+12126471865,Lucas Bennett,Customer Success,3,Delivered
SMS-504848,2026-09-23T13:17:09.000Z,Inbound,+13125504472,+1415555102,Liam Carter,Sales,2,Delivered
SMS-504849,2026-09-23T13:06:41.000Z,Outbound,+1415555202,+14046673735,Ethan Walker,Customer Support,3,Delivered
SMS-504850,2026-09-23T12:32:13.000Z,Outbound,+1415555103,+14807778745,Noah Patel,Sales,3,Delivered
SMS-504851,2026-09-23T13:23:26.000Z,Inbound,+17028886342,+1415555101,Ava Thompson,Sales,3,Delivered
SMS-504852,2026-09-23T13:53:12.000Z,Inbound,+14044793520,+1415555403,Amelia Foster,Customer Success,1,Delivered
SMS-504853,2026-09-23T12:08:21.000Z,Outbound,+1415555205,+14042144070,Isabella Kim,Customer Support,1,Delivered
SMS-504854,2026-09-23T13:56:44.000Z,Inbound,+15123781319,+1415555202,Ethan Walker,Customer Support,3,Delivered
SMS-504855,2026-09-23T13:53:37.000Z,Inbound,+13125303755,+1415555101,Ava Thompson,Sales,1,Delivered
SMS-504856,2026-09-23T14:01:26.000Z,Outbound,+1415555403,+14046310519,Amelia Foster,Customer Success,2,Delivered
SMS-504857,2026-09-23T13:32:18.000Z,Inbound,+13122398375,+1415555401,Charlotte Reyes,Customer Success,1,Delivered
SMS-504858,2026-09-23T12:02:40.000Z,Outbound,+1415555301,+14156982002,James Whitfield,Billing,2,Delivered
SMS-504859,2026-09-23T12:07:00.000Z,Inbound,+12125725534,+1415555203,Sophia Nguyen,Customer Support,3,Delivered
SMS-504860,2026-09-23T13:36:16.000Z,Inbound,+17027429101,+1415555502,Grace Lindqvist,IT Helpdesk,3,Delivered
SMS-504861,2026-09-23T12:20:43.000Z,Inbound,+12064611115,+1415555401,Charlotte Reyes,Customer Success,1,Delivered
SMS-504862,2026-09-23T13:20:37.000Z,Outbound,+1415555302,+13058882495,Mia Alvarez,Billing,2,Delivered
SMS-504863,2026-09-23T13:46:47.000Z,Inbound,+15122387445,+1415555302,Mia Alvarez,Billing,2,Delivered
SMS-504864,2026-09-23T13:28:36.000Z,Outbound,+1415555403,+14048857550,Amelia Foster,Customer Success,1,Delivered
SMS-504865,2026-09-23T12:31:40.000Z,Outbound,+1415555502,+12123671540,Grace Lindqvist,IT Helpdesk,1,Delivered
SMS-504866,2026-09-23T14:34:43.000Z,Inbound,+13129674851,+1415555401,Charlotte Reyes,Customer Success,1,Delivered
SMS-504867,2026-09-23T14:54:20.000Z,Outbound,+1415555103,+12065282187,Noah Patel,Sales,1,Delivered
SMS-504868,2026-09-23T13:21:22.000Z,Outbound,+1415555202,+12064642237,Ethan Walker,Customer Support,3,Delivered
SMS-504869,2026-09-23T12:01:56.000Z,Inbound,+16175268073,+1415555403,Amelia Foster,Customer Success,1,Delivered
SMS-504870,2026-09-23T14:15:57.000Z,Outbound,+1415555202,+12067340273,Ethan Walker,Customer Support,3,Delivered
SMS-504871,2026-09-23T12:22:36.000Z,Inbound,+14153366211,+1415555203,Sophia Nguyen,Customer Support,3,Delivered
SMS-504872,2026-09-23T12:17:00.000Z,Inbound,+14809477122,+1415555401,Charlotte Reyes,Customer Success,2,Delivered
SMS-504873,2026-09-23T14:03:15.000Z,Inbound,+12065088757,+1415555103,Noah Patel,Sales,3,Delivered
SMS-504874,2026-09-23T14:00:17.000Z,Outbound,+1415555401,+15122953139,Charlotte Reyes,Customer Success,1,Delivered
SMS-504875,2026-09-23T12:40:54.000Z,Outbound,+1415555103,+14048824124,Noah Patel,Sales,1,Delivered
SMS-504876,2026-09-23T13:19:01.000Z,Outbound,+1415555402,+15128985487,Lucas Bennett,Customer Success,2,Delivered
SMS-504877,2026-09-23T13:48:49.000Z,Outbound,+1415555401,+16178246293,Charlotte Reyes,Customer Success,3,Delivered
SMS-504878,2026-09-23T13:15:38.000Z,Inbound,+14044105678,+1415555201,Olivia Chen,Customer Support,3,Delivered
SMS-504879,2026-09-23T12:18:00.000Z,Inbound,+12125850151,+1415555204,Mason Brooks,Customer Support,2,Delivered
SMS-504880,2026-09-23T14:30:47.000Z,Inbound,+13128886319,+1415555301,James Whitfield,Billing,3,Delivered
SMS-504881,2026-09-23T12:04:40.000Z,Inbound,+17023419579,+1415555502,Grace Lindqvist,IT Helpdesk,1,Delivered
SMS-504882,2026-09-23T12:42:37.000Z,Inbound,+14043393118,+1415555303,Benjamin Osei,Billing,2,Delivered
SMS-504883,2026-09-23T14:22:40.000Z,Inbound,+12127568287,+1415555401,Charlotte Reyes,Customer Success,2,Delivered
SMS-504884,2026-09-23T12:36:40.000Z,Inbound,+13127352029,+1415555102,Liam Carter,Sales,2,Delivered
SMS-504885,2026-09-23T12:42:14.000Z,Outbound,+1415555203,+15122249680,Sophia Nguyen,Customer Support,2,Delivered
SMS-504886,2026-09-23T14:17:08.000Z,Inbound,+14155853448,+1415555401,Charlotte Reyes,Customer Success,3,Delivered
SMS-504887,2026-09-23T15:01:52.000Z,Inbound,+13058283221,+1415555302,Mia Alvarez,Billing,2,Delivered
SMS-504888,2026-09-23T12:07:01.000Z,Outbound,+1415555102,+15129173563,Liam Carter,Sales,3,Delivered
SMS-504889,2026-09-23T15:03:21.000Z,Outbound,+1415555103,+14157468995,Noah Patel,Sales,2,Delivered
SMS-504890,2026-09-23T14:40:53.000Z,Outbound,+1415555401,+14155084828,Charlotte Reyes,Customer Success,3,Delivered
SMS-504891,2026-09-23T13:50:36.000Z,Inbound,+14157876651,+1415555101,Ava Thompson,Sales,1,Delivered
SMS-504892,2026-09-23T13:18:44.000Z,Outbound,+1415555303,+14042983968,Benjamin Osei,Billing,1,Delivered
SMS-504893,2026-09-23T13:11:54.000Z,Outbound,+1415555205,+12069833418,Isabella Kim,Customer Support,2,Delivered
SMS-504894,2026-09-23T13:13:18.000Z,Inbound,+12062307109,+1415555303,Benjamin Osei,Billing,1,Delivered
SMS-504895,2026-09-23T13:23:38.000Z,Inbound,+13123286082,+1415555205,Isabella Kim,Customer Support,3,Delivered
SMS-504896,2026-09-23T13:50:01.000Z,Outbound,+1415555302,+16178154647,Mia Alvarez,Billing,1,Delivered
SMS-504897,2026-09-23T13:56:01.000Z,Inbound,+14158951182,+1415555102,Liam Carter,Sales,3,Delivered
SMS-504898,2026-09-23T11:42:11.000Z,Outbound,+1415555205,+15128737169,Isabella Kim,Customer Support,2,Delivered
SMS-504899,2026-09-23T14:03:22.000Z,Inbound,+17024284851,+1415555302,Mia Alvarez,Billing,3,Delivered
SMS-504900,2026-09-23T12:17:27.000Z,Outbound,+1415555103,+17025578021,Noah Patel,Sales,3,Delivered
SMS-504901,2026-09-23T13:11:13.000Z,Outbound,+1415555301,+14044569132,James Whitfield,Billing,2,Delivered
SMS-504902,2026-09-23T15:41:51.000Z,Outbound,+1415555203,+16173893461,Sophia Nguyen,Customer Support,3,Pending
SMS-504903,2026-09-23T12:34:29.000Z,Outbound,+1415555103,+14806525492,Noah Patel,Sales,3,Delivered
SMS-504904,2026-09-23T15:13:11.000Z,Inbound,+14042111074,+1415555401,Charlotte Reyes,Customer Success,1,Delivered
SMS-504905,2026-09-23T12:41:21.000Z,Inbound,+14044594801,+1415555502,Grace Lindqvist,IT Helpdesk,2,Failed
SMS-504906,2026-09-23T14:53:54.000Z,Outbound,+1415555103,+16174517222,Noah Patel,Sales,2,Delivered
SMS-504907,2026-09-23T14:20:18.000Z,Inbound,+14046639341,+1415555401,Charlotte Reyes,Customer Success,2,Delivered
SMS-504908,2026-09-23T11:07:56.000Z,Outbound,+1415555501,+14044304759,Henry Okafor,IT Helpdesk,3,Delivered
SMS-504909,2026-09-23T13:33:34.000Z,Outbound,+1415555402,+13055120436,Lucas Bennett,Customer Success,3,Delivered
SMS-504910,2026-09-23T14:26:12.000Z,Inbound,+13126106955,+1415555102,Liam Carter,Sales,1,Delivered
SMS-504911,2026-09-23T13:13:47.000Z,Inbound,+14046089686,+1415555202,Ethan Walker,Customer Support,2,Delivered
SMS-504912,2026-09-23T12:39:16.000Z,Inbound,+16174233715,+1415555201,Olivia Chen,Customer Support,1,Delivered
SMS-504913,2026-09-23T12:39:52.000Z,Outbound,+1415555104,+12067200593,Emma Rodriguez,Sales,2,Delivered
SMS-504914,2026-09-23T12:02:27.000Z,Inbound,+14805876844,+1415555302,Mia Alvarez,Billing,2,Failed
SMS-504915,2026-09-23T13:08:22.000Z,Outbound,+1415555401,+15126838716,Charlotte Reyes,Customer Success,1,Delivered
SMS-504916,2026-09-24T12:23:51.000Z,Outbound,+1415555201,+16177757449,Olivia Chen,Customer Support,2,Delivered
SMS-504917,2026-09-24T12:01:29.000Z,Outbound,+1415555201,+12065891748,Olivia Chen,Customer Support,3,Delivered
SMS-504918,2026-09-24T12:11:48.000Z,Inbound,+13129734361,+1415555201,Olivia Chen,Customer Support,1,Failed
SMS-504919,2026-09-24T13:38:16.000Z,Outbound,+1415555203,+13056876843,Sophia Nguyen,Customer Support,1,Delivered
SMS-504920,2026-09-24T13:15:56.000Z,Inbound,+12066326436,+1415555202,Ethan Walker,Customer Support,1,Delivered
SMS-504921,2026-09-24T14:52:54.000Z,Inbound,+14045953119,+1415555402,Lucas Bennett,Customer Success,3,Delivered
SMS-504922,2026-09-24T14:18:19.000Z,Inbound,+12069594491,+1415555501,Henry Okafor,IT Helpdesk,2,Delivered
SMS-504923,2026-09-24T13:35:31.000Z,Inbound,+14049380869,+1415555202,Ethan Walker,Customer Support,1,Delivered
SMS-504924,2026-09-24T13:41:46.000Z,Inbound,+14802076145,+1415555401,Charlotte Reyes,Customer Success,1,Delivered
SMS-504925,2026-09-24T14:33:44.000Z,Inbound,+14802256668,+1415555302,Mia Alvarez,Billing,2,Delivered
SMS-504926,2026-09-24T12:32:52.000Z,Inbound,+14803092802,+1415555401,Charlotte Reyes,Customer Success,3,Delivered
SMS-504927,2026-09-24T12:56:04.000Z,Outbound,+1415555103,+12064450579,Noah Patel,Sales,2,Delivered
SMS-504928,2026-09-24T12:31:24.000Z,Outbound,+1415555101,+14153780557,Ava Thompson,Sales,1,Delivered
SMS-504929,2026-09-24T13:33:12.000Z,Inbound,+16177700936,+1415555303,Benjamin Osei,Billing,2,Delivered
SMS-504930,2026-09-24T12:50:47.000Z,Outbound,+1415555403,+12065989320,Amelia Foster,Customer Success,3,Delivered
SMS-504931,2026-09-24T12:57:11.000Z,Inbound,+14154564958,+1415555205,Isabella Kim,Customer Support,2,Delivered
SMS-504932,2026-09-24T13:45:27.000Z,Inbound,+15122948941,+1415555103,Noah Patel,Sales,3,Delivered
SMS-504933,2026-09-24T15:02:04.000Z,Inbound,+12127435795,+1415555301,James Whitfield,Billing,1,Delivered
SMS-504934,2026-09-24T12:12:48.000Z,Outbound,+1415555101,+13128979240,Ava Thompson,Sales,3,Delivered
SMS-504935,2026-09-24T13:21:30.000Z,Outbound,+1415555201,+16176220592,Olivia Chen,Customer Support,2,Delivered
SMS-504936,2026-09-24T12:59:20.000Z,Outbound,+1415555101,+14803950017,Ava Thompson,Sales,3,Delivered
SMS-504937,2026-09-24T13:25:10.000Z,Inbound,+16175174659,+1415555501,Henry Okafor,IT Helpdesk,2,Delivered
SMS-504938,2026-09-24T15:51:47.000Z,Outbound,+1415555205,+17029892231,Isabella Kim,Customer Support,1,Delivered
SMS-504939,2026-09-24T15:07:04.000Z,Inbound,+12066519157,+1415555501,Henry Okafor,IT Helpdesk,2,Delivered
SMS-504940,2026-09-24T15:56:00.000Z,Inbound,+14152580653,+1415555302,Mia Alvarez,Billing,2,Delivered
SMS-504941,2026-09-24T12:14:17.000Z,Outbound,+1415555501,+12127884224,Henry Okafor,IT Helpdesk,3,Delivered
SMS-504942,2026-09-24T15:30:38.000Z,Inbound,+12124334696,+1415555102,Liam Carter,Sales,2,Delivered
SMS-504943,2026-09-24T13:00:08.000Z,Outbound,+1415555301,+13123133288,James Whitfield,Billing,3,Delivered
SMS-504944,2026-09-24T14:59:53.000Z,Inbound,+14808022972,+1415555101,Ava Thompson,Sales,1,Failed
SMS-504945,2026-09-24T11:08:58.000Z,Outbound,+1415555301,+14152472235,James Whitfield,Billing,3,Delivered
SMS-504946,2026-09-24T14:36:49.000Z,Outbound,+1415555205,+17023696885,Isabella Kim,Customer Support,2,Delivered
SMS-504947,2026-09-24T14:28:04.000Z,Inbound,+15124000897,+1415555201,Olivia Chen,Customer Support,3,Pending
SMS-504948,2026-09-24T13:49:20.000Z,Inbound,+12066650599,+1415555205,Isabella Kim,Customer Support,1,Failed
SMS-504949,2026-09-24T13:23:19.000Z,Outbound,+1415555402,+13057384954,Lucas Bennett,Customer Success,3,Delivered
SMS-504950,2026-09-24T13:35:46.000Z,Inbound,+13057363929,+1415555203,Sophia Nguyen,Customer Support,1,Delivered
SMS-504951,2026-09-24T12:22:43.000Z,Inbound,+12122047730,+1415555202,Ethan Walker,Customer Support,2,Delivered
SMS-504952,2026-09-24T12:16:53.000Z,Inbound,+13124932925,+1415555403,Amelia Foster,Customer Success,3,Delivered
SMS-504953,2026-09-24T14:41:54.000Z,Outbound,+1415555101,+17027958111,Ava Thompson,Sales,3,Delivered
SMS-504954,2026-09-24T13:27:16.000Z,Inbound,+12065751398,+1415555204,Mason Brooks,Customer Support,2,Delivered
SMS-504955,2026-09-24T13:13:01.000Z,Inbound,+16173344746,+1415555501,Henry Okafor,IT Helpdesk,1,Delivered
SMS-504956,2026-09-24T14:16:17.000Z,Outbound,+1415555102,+16177362348,Liam Carter,Sales,1,Delivered
SMS-504957,2026-09-24T13:20:49.000Z,Inbound,+13057303275,+1415555201,Olivia Chen,Customer Support,2,Delivered
SMS-504958,2026-09-24T12:36:11.000Z,Inbound,+13127588064,+1415555302,Mia Alvarez,Billing,1,Delivered
SMS-504959,2026-09-24T14:15:47.000Z,Outbound,+1415555202,+12129693713,Ethan Walker,Customer Support,3,Delivered
SMS-504960,2026-09-24T14:51:49.000Z,Outbound,+1415555204,+15122144035,Mason Brooks,Customer Support,1,Delivered
SMS-504961,2026-09-24T14:25:28.000Z,Outbound,+1415555104,+13125153821,Emma Rodriguez,Sales,2,Delivered
SMS-504962,2026-09-24T14:54:45.000Z,Inbound,+14042094035,+1415555501,Henry Okafor,IT Helpdesk,3,Delivered
SMS-504963,2026-09-24T13:57:43.000Z,Inbound,+15125121091,+1415555502,Grace Lindqvist,IT Helpdesk,3,Delivered
SMS-504964,2026-09-24T14:27:11.000Z,Outbound,+1415555301,+15127734483,James Whitfield,Billing,3,Delivered
SMS-504965,2026-09-24T12:48:54.000Z,Outbound,+1415555101,+14808429089,Ava Thompson,Sales,2,Delivered
SMS-504966,2026-09-24T14:12:04.000Z,Inbound,+12068831295,+1415555403,Amelia Foster,Customer Success,3,Delivered
SMS-504967,2026-09-24T12:01:23.000Z,Outbound,+1415555303,+12067925680,Benjamin Osei,Billing,1,Delivered
SMS-504968,2026-09-24T13:01:48.000Z,Inbound,+14806163868,+1415555502,Grace Lindqvist,IT Helpdesk,2,Delivered
SMS-504969,2026-09-24T14:54:03.000Z,Inbound,+13058397536,+1415555303,Benjamin Osei,Billing,1,Delivered
SMS-504970,2026-09-24T11:03:49.000Z,Outbound,+1415555205,+12067433406,Isabella Kim,Customer Support,1,Delivered
SMS-504971,2026-09-24T12:48:56.000Z,Inbound,+13052220435,+1415555101,Ava Thompson,Sales,3,Delivered
SMS-504972,2026-09-24T13:27:34.000Z,Outbound,+1415555201,+12067696793,Olivia Chen,Customer Support,1,Delivered
SMS-504973,2026-09-24T13:51:16.000Z,Outbound,+1415555402,+16175074637,Lucas Bennett,Customer Success,2,Delivered
SMS-504974,2026-09-24T13:49:39.000Z,Inbound,+13054602974,+1415555202,Ethan Walker,Customer Support,1,Delivered
SMS-504975,2026-09-24T12:36:19.000Z,Inbound,+14805840510,+1415555402,Lucas Bennett,Customer Success,2,Delivered
SMS-504976,2026-09-24T15:46:34.000Z,Outbound,+1415555402,+14046727053,Lucas Bennett,Customer Success,3,Delivered
SMS-504977,2026-09-24T12:24:17.000Z,Outbound,+1415555101,+14049717881,Ava Thompson,Sales,2,Delivered
SMS-504978,2026-09-24T13:40:15.000Z,Outbound,+1415555103,+13125615896,Noah Patel,Sales,2,Delivered
SMS-504979,2026-09-24T14:29:00.000Z,Outbound,+1415555402,+12068562066,Lucas Bennett,Customer Success,3,Delivered
SMS-504980,2026-09-24T13:40:59.000Z,Outbound,+1415555202,+12068155587,Ethan Walker,Customer Support,2,Delivered
SMS-504981,2026-09-24T13:12:58.000Z,Inbound,+12123215939,+1415555204,Mason Brooks,Customer Support,2,Delivered
SMS-504982,2026-09-24T15:00:29.000Z,Outbound,+1415555205,+12129248187,Isabella Kim,Customer Support,2,Delivered
SMS-504983,2026-09-24T14:42:14.000Z,Inbound,+12126577028,+1415555202,Ethan Walker,Customer Support,1,Delivered
SMS-504984,2026-09-24T14:36:37.000Z,Outbound,+1415555103,+12122048588,Noah Patel,Sales,1,Delivered
SMS-504985,2026-09-24T11:27:17.000Z,Outbound,+1415555403,+12128720773,Amelia Foster,Customer Success,1,Delivered
SMS-504986,2026-09-24T14:23:24.000Z,Outbound,+1415555104,+15128401670,Emma Rodriguez,Sales,3,Delivered
SMS-504987,2026-09-24T13:40:03.000Z,Inbound,+12126794715,+1415555402,Lucas Bennett,Customer Success,3,Delivered
SMS-504988,2026-09-24T14:12:50.000Z,Inbound,+13129930986,+1415555202,Ethan Walker,Customer Support,3,Delivered
SMS-504989,2026-09-24T13:04:58.000Z,Inbound,+15123139923,+1415555202,Ethan Walker,Customer Support,1,Delivered
SMS-504990,2026-09-24T15:32:30.000Z,Outbound,+1415555204,+15122007942,Mason Brooks,Customer Support,2,Delivered
SMS-504991,2026-09-24T13:45:14.000Z,Outbound,+1415555402,+17023553708,Lucas Bennett,Customer Success,2,Delivered
SMS-504992,2026-09-24T14:40:38.000Z,Inbound,+17025227517,+1415555403,Amelia Foster,Customer Success,2,Delivered
SMS-504993,2026-09-24T12:02:48.000Z,Inbound,+15122630123,+1415555202,Ethan Walker,Customer Support,1,Pending
SMS-504994,2026-09-24T14:12:43.000Z,Inbound,+14048453963,+1415555301,James Whitfield,Billing,1,Delivered
SMS-504995,2026-09-24T12:00:36.000Z,Inbound,+14158228644,+1415555301,James Whitfield,Billing,3,Delivered
SMS-504996,2026-09-24T13:35:23.000Z,Outbound,+1415555403,+13129381289,Amelia Foster,Customer Success,1,Delivered
SMS-504997,2026-09-24T14:57:59.000Z,Outbound,+1415555204,+13059109636,Mason Brooks,Customer Support,1,Delivered
SMS-504998,2026-09-24T13:23:39.000Z,Outbound,+1415555203,+13055719260,Sophia Nguyen,Customer Support,3,Delivered
SMS-504999,2026-09-24T13:17:13.000Z,Outbound,+1415555205,+13123998850,Isabella Kim,Customer Support,2,Delivered
SMS-505000,2026-09-24T12:11:48.000Z,Outbound,+1415555202,+12064505262,Ethan Walker,Customer Support,1,Delivered
SMS-505001,2026-09-24T11:53:01.000Z,Inbound,+12063719075,+1415555204,Mason Brooks,Customer Support,2,Delivered
SMS-505002,2026-09-24T12:10:29.000Z,Outbound,+1415555501,+14043667143,Henry Okafor,IT Helpdesk,3,Delivered
SMS-505003,2026-09-25T13:59:10.000Z,Outbound,+1415555402,+17023619058,Lucas Bennett,Customer Success,1,Delivered
SMS-505004,2026-09-25T13:06:48.000Z,Outbound,+1415555502,+14159330665,Grace Lindqvist,IT Helpdesk,1,Delivered
SMS-505005,2026-09-25T14:58:50.000Z,Outbound,+1415555103,+14804142709,Noah Patel,Sales,1,Delivered
SMS-505006,2026-09-25T13:48:00.000Z,Outbound,+1415555303,+13123377079,Benjamin Osei,Billing,3,Delivered
SMS-505007,2026-09-25T12:22:55.000Z,Outbound,+1415555204,+14805959464,Mason Brooks,Customer Support,2,Delivered
SMS-505008,2026-09-25T14:49:35.000Z,Outbound,+1415555302,+14152581787,Mia Alvarez,Billing,2,Delivered
SMS-505009,2026-09-25T13:26:22.000Z,Inbound,+17028207233,+1415555403,Amelia Foster,Customer Success,3,Delivered
SMS-505010,2026-09-25T11:34:35.000Z,Inbound,+15124066988,+1415555204,Mason Brooks,Customer Support,2,Delivered
SMS-505011,2026-09-25T13:11:07.000Z,Outbound,+1415555104,+12069663193,Emma Rodriguez,Sales,3,Delivered
SMS-505012,2026-09-25T13:40:26.000Z,Inbound,+14804439579,+1415555201,Olivia Chen,Customer Support,1,Delivered
SMS-505013,2026-09-25T13:42:45.000Z,Inbound,+13057174659,+1415555204,Mason Brooks,Customer Support,2,Delivered
SMS-505014,2026-09-25T12:38:39.000Z,Outbound,+1415555301,+13058549785,James Whitfield,Billing,2,Delivered
SMS-505015,2026-09-25T12:16:04.000Z,Inbound,+12062224996,+1415555301,James Whitfield,Billing,2,Delivered
SMS-505016,2026-09-25T14:21:33.000Z,Outbound,+1415555202,+14802272030,Ethan Walker,Customer Support,1,Delivered
SMS-505017,2026-09-25T11:09:11.000Z,Inbound,+13123109264,+1415555302,Mia Alvarez,Billing,1,Delivered
SMS-505018,2026-09-25T13:17:07.000Z,Outbound,+1415555203,+16178366761,Sophia Nguyen,Customer Support,2,Delivered
SMS-505019,2026-09-25T13:55:46.000Z,Outbound,+1415555202,+12062168321,Ethan Walker,Customer Support,3,Delivered
SMS-505020,2026-09-25T13:38:31.000Z,Inbound,+16179910414,+1415555102,Liam Carter,Sales,2,Delivered
SMS-505021,2026-09-25T13:26:18.000Z,Outbound,+1415555103,+15128591229,Noah Patel,Sales,3,Delivered
SMS-505022,2026-09-25T13:03:01.000Z,Outbound,+1415555502,+12126272758,Grace Lindqvist,IT Helpdesk,3,Delivered
SMS-505023,2026-09-25T14:19:05.000Z,Inbound,+14157456256,+1415555401,Charlotte Reyes,Customer Success,2,Delivered
SMS-505024,2026-09-25T14:41:19.000Z,Outbound,+1415555303,+13057898315,Benjamin Osei,Billing,3,Pending
SMS-505025,2026-09-25T11:38:24.000Z,Inbound,+12062154713,+1415555403,Amelia Foster,Customer Success,2,Delivered
SMS-505026,2026-09-25T13:04:49.000Z,Outbound,+1415555203,+14046791222,Sophia Nguyen,Customer Support,3,Delivered
SMS-505027,2026-09-25T13:03:36.000Z,Outbound,+1415555303,+14809766340,Benjamin Osei,Billing,1,Delivered
SMS-505028,2026-09-25T11:11:12.000Z,Inbound,+15127813172,+1415555205,Isabella Kim,Customer Support,3,Delivered
SMS-505029,2026-09-25T13:11:32.000Z,Outbound,+1415555403,+14049379387,Amelia Foster,Customer Success,1,Delivered
SMS-505030,2026-09-25T14:34:38.000Z,Outbound,+1415555104,+13058426413,Emma Rodriguez,Sales,3,Delivered
SMS-505031,2026-09-25T12:17:09.000Z,Outbound,+1415555204,+14048505724,Mason Brooks,Customer Support,3,Delivered
SMS-505032,2026-09-25T11:12:51.000Z,Inbound,+12067520139,+1415555202,Ethan Walker,Customer Support,2,Delivered
SMS-505033,2026-09-25T14:27:18.000Z,Outbound,+1415555201,+14154611047,Olivia Chen,Customer Support,2,Delivered
SMS-505034,2026-09-25T11:56:35.000Z,Inbound,+13059467805,+1415555201,Olivia Chen,Customer Support,3,Delivered
SMS-505035,2026-09-25T14:53:31.000Z,Inbound,+14157068149,+1415555403,Amelia Foster,Customer Success,3,Delivered
SMS-505036,2026-09-25T14:19:44.000Z,Inbound,+12066733098,+1415555501,Henry Okafor,IT Helpdesk,2,Delivered
SMS-505037,2026-09-25T14:38:01.000Z,Inbound,+14046206939,+1415555102,Liam Carter,Sales,2,Delivered
SMS-505038,2026-09-25T13:38:06.000Z,Outbound,+1415555403,+12064015350,Amelia Foster,Customer Success,3,Delivered
SMS-505039,2026-09-25T14:57:48.000Z,Outbound,+1415555103,+14044242412,Noah Patel,Sales,1,Delivered
SMS-505040,2026-09-25T14:19:25.000Z,Inbound,+12063049429,+1415555401,Charlotte Reyes,Customer Success,1,Delivered
SMS-505041,2026-09-25T14:27:54.000Z,Outbound,+1415555101,+16174664982,Ava Thompson,Sales,2,Delivered
SMS-505042,2026-09-25T14:45:32.000Z,Outbound,+1415555202,+14046071713,Ethan Walker,Customer Support,3,Delivered
SMS-505043,2026-09-25T13:26:54.000Z,Outbound,+1415555104,+17023202786,Emma Rodriguez,Sales,1,Delivered
SMS-505044,2026-09-25T12:26:43.000Z,Inbound,+14043601491,+1415555401,Charlotte Reyes,Customer Success,3,Delivered
SMS-505045,2026-09-25T14:11:47.000Z,Outbound,+1415555302,+13057061632,Mia Alvarez,Billing,2,Delivered
SMS-505046,2026-09-25T14:32:15.000Z,Outbound,+1415555201,+12067192324,Olivia Chen,Customer Support,1,Delivered
SMS-505047,2026-09-25T14:06:03.000Z,Inbound,+12063476558,+1415555301,James Whitfield,Billing,1,Delivered
SMS-505048,2026-09-25T14:28:12.000Z,Outbound,+1415555102,+16174666878,Liam Carter,Sales,3,Delivered
SMS-505049,2026-09-25T12:06:40.000Z,Inbound,+12062203735,+1415555401,Charlotte Reyes,Customer Success,3,Delivered
SMS-505050,2026-09-25T14:01:47.000Z,Inbound,+14042640839,+1415555303,Benjamin Osei,Billing,3,Delivered
SMS-505051,2026-09-25T13:42:42.000Z,Outbound,+1415555204,+16179861294,Mason Brooks,Customer Support,3,Delivered
SMS-505052,2026-09-25T13:00:14.000Z,Inbound,+14809551634,+1415555403,Amelia Foster,Customer Success,1,Delivered
SMS-505053,2026-09-25T13:49:01.000Z,Outbound,+1415555501,+12065150264,Henry Okafor,IT Helpdesk,3,Delivered
SMS-505054,2026-09-25T13:46:53.000Z,Inbound,+14153822072,+1415555303,Benjamin Osei,Billing,1,Delivered
SMS-505055,2026-09-25T12:02:50.000Z,Inbound,+12068342845,+1415555104,Emma Rodriguez,Sales,1,Delivered
SMS-505056,2026-09-25T12:57:54.000Z,Inbound,+14154178805,+1415555103,Noah Patel,Sales,2,Delivered
SMS-505057,2026-09-25T14:52:04.000Z,Inbound,+16179419569,+1415555403,Amelia Foster,Customer Success,2,Delivered
SMS-505058,2026-09-25T12:03:07.000Z,Outbound,+1415555303,+12125223892,Benjamin Osei,Billing,1,Delivered
SMS-505059,2026-09-25T12:26:23.000Z,Inbound,+12125207024,+1415555501,Henry Okafor,IT Helpdesk,1,Pending
SMS-505060,2026-09-25T13:22:29.000Z,Outbound,+1415555201,+14044233126,Olivia Chen,Customer Support,1,Delivered
SMS-505061,2026-09-25T14:23:44.000Z,Outbound,+1415555203,+13128737975,Sophia Nguyen,Customer Support,2,Delivered
SMS-505062,2026-09-25T14:09:14.000Z,Outbound,+1415555403,+17023822155,Amelia Foster,Customer Success,3,Delivered
SMS-505063,2026-09-25T12:09:05.000Z,Inbound,+13059999382,+1415555104,Emma Rodriguez,Sales,3,Delivered
SMS-505064,2026-09-25T12:14:43.000Z,Outbound,+1415555301,+12064412219,James Whitfield,Billing,3,Delivered
SMS-505065,2026-09-25T14:08:09.000Z,Inbound,+13122939051,+1415555201,Olivia Chen,Customer Support,3,Delivered
SMS-505066,2026-09-25T13:23:01.000Z,Outbound,+1415555205,+16172017445,Isabella Kim,Customer Support,3,Delivered
SMS-505067,2026-09-25T13:35:03.000Z,Outbound,+1415555403,+14805995291,Amelia Foster,Customer Success,3,Delivered
SMS-505068,2026-09-25T13:13:01.000Z,Outbound,+1415555402,+16172643412,Lucas Bennett,Customer Success,3,Pending
SMS-505069,2026-09-25T12:18:31.000Z,Inbound,+14802618844,+1415555401,Charlotte Reyes,Customer Success,3,Delivered
SMS-505070,2026-09-25T15:49:37.000Z,Outbound,+1415555401,+15128939829,Charlotte Reyes,Customer Success,1,Delivered
SMS-505071,2026-09-25T13:22:20.000Z,Outbound,+1415555501,+14803290522,Henry Okafor,IT Helpdesk,2,Delivered
SMS-505072,2026-09-25T14:00:40.000Z,Inbound,+14049592022,+1415555204,Mason Brooks,Customer Support,1,Delivered
SMS-505073,2026-09-25T13:59:01.000Z,Inbound,+14158659734,+1415555302,Mia Alvarez,Billing,3,Failed
SMS-505074,2026-09-25T14:30:10.000Z,Inbound,+13057660488,+1415555501,Henry Okafor,IT Helpdesk,2,Pending
SMS-505075,2026-09-25T11:27:02.000Z,Inbound,+15127534970,+1415555402,Lucas Bennett,Customer Success,1,Delivered
SMS-505076,2026-09-25T13:57:49.000Z,Inbound,+14155374206,+1415555402,Lucas Bennett,Customer Success,3,Delivered
SMS-505077,2026-09-25T14:26:07.000Z,Inbound,+13058317553,+1415555102,Liam Carter,Sales,3,Delivered
SMS-505078,2026-09-25T12:30:09.000Z,Inbound,+17026642053,+1415555201,Olivia Chen,Customer Support,3,Failed
SMS-505079,2026-09-25T13:30:30.000Z,Outbound,+1415555402,+16177524358,Lucas Bennett,Customer Success,1,Delivered
SMS-505080,2026-09-25T13:57:16.000Z,Outbound,+1415555104,+15122957544,Emma Rodriguez,Sales,2,Delivered
SMS-505081,2026-09-25T13:59:05.000Z,Outbound,+1415555204,+13053616178,Mason Brooks,Customer Support,2,Delivered
SMS-505082,2026-09-25T12:53:32.000Z,Inbound,+15124333268,+1415555202,Ethan Walker,Customer Support,1,Delivered
SMS-505083,2026-09-25T13:14:33.000Z,Inbound,+14047912968,+1415555303,Benjamin Osei,Billing,3,Delivered
SMS-505084,2026-09-25T12:02:11.000Z,Inbound,+17028300305,+1415555403,Amelia Foster,Customer Success,1,Delivered
SMS-505085,2026-09-25T13:09:09.000Z,Outbound,+1415555102,+14154545787,Liam Carter,Sales,3,Delivered
SMS-505086,2026-09-25T13:02:50.000Z,Outbound,+1415555301,+14803308975,James Whitfield,Billing,3,Delivered
SMS-505087,2026-09-25T14:30:51.000Z,Inbound,+16172507738,+1415555403,Amelia Foster,Customer Success,1,Delivered
SMS-505088,2026-09-25T13:27:26.000Z,Inbound,+12064883499,+1415555205,Isabella Kim,Customer Support,3,Delivered